0
0
3.72067e-05
0.000747828
0.00504176
0.0235843
0.0709621
0.128057
0.236077
0.474601
0.907962
1.49885
2.1056
2.67298
3.12643
3.68284
3.81855
4.61131
4.53062
5.32081
5.23229
5.8057
5.78614
6.17296
6.2346
6.49712
6.58249
6.75059
6.83676
6.99087
6.47153
6.30755
6.02055
5.60835
5.25242
4.84657
4.45736
4.26872
4.18257
3.95286
3.76371
3.39379
3.06662
2.55341
2.18406
1.72437
1.36318
0.99704
0.687958
0.483358
0.288849
0.135549
0.04471
0.00958746
0.00114705
9.73972e-05
4.00306e-06
0
0
0
0
0
0
0
0
0
2.81366e-05
0.000399806
0.00377006
0.0172944
0.0567943
0.141231
0.277448
0.530947
0.951165
1.41697
1.94409
2.44661
2.89947
3.19247
3.84734
3.87401
4.77904
4.80604
5.65246
5.57905
6.27148
6.18368
6.64461
6.58978
6.69926
6.89594
6.96888
6.68555
6.82978
5.8952
5.39662
4.89764
4.13952
3.76365
3.34707
3.28308
3.20033
3.27173
2.96822
2.82417
2.35147
2.27481
1.89428
1.53871
1.12226
0.876363
0.633249
0.42613
0.285512
0.143533
0.0549252
0.0160963
0.00228099
0.000211922
1.56213e-05
0
0
0
0
0
0
0
0
0
1.07213e-05
0.000142891
0.00249941
0.0113861
0.0540808
0.105816
0.182876
0.518217
0.75933
0.955857
1.60656
1.97409
2.05537
1.89048
3.52835
0.344242
4.0141
0.954167
4.1234
1.17619
3.7668
1.59261
4.13701
3.25511
1.8766
3.45439
1.77086
1.25158
4.55126
1.5957
1.22555
2.04304
1.032
1.7629
1.14863
1.68369
1.9742
1.95559
0.957667
1.74979
1.08817
1.5089
1.38645
1.19325
0.713313
0.631914
0.486755
0.262574
0.223733
0.126328
0.0311044
0.01353
0.00254792
0.000125892
1.44018e-05
0
0
0
0
0
0
0
0
0
0
2.87442e-05
0.000828586
0.000820136
0.00577335
0.00908875
0.0291098
0.100218
0.107665
0.23346
0.431021
0.637916
0.556274
0.39001
1.31395
0.0134104
1.45549
0.0270584
0.862297
0.0613562
0.398499
0.0233894
0.256899
0.0683936
0.0382114
0.149651
0.0997677
0.195226
1.80814
0.106135
0.0698381
0.0882339
0.0187107
0.0839307
0.0573645
0.0717613
0.151651
0.344749
0.0694396
0.360414
0.160615
0.44245
0.4529
0.628412
0.185439
0.201034
0.266514
0.0894738
0.0707607
0.0433886
0.0039698
0.000330297
0.000180802
8.36074e-06
1.53533e-06
0
0
0
0
0
0
0
0
0
0
0
0
0
0
0
0
0
0
0
0
0
0
0
0
0
0
0
0
1.95324e-06
2.63186e-06
1.0419e-05
5.55544e-06
3.21018e-06
2.56918e-05
1.74097e-05
4.50541e-05
1.53771e-06
0
0
0
0
0
0
0
0
0
0
1.09152e-06
0
0
0
0
0
0
0
0
0
0
0
0
0
0
0
0
0
0
0
0
0
0
0
0
0
0
0
0
0
0
0
0
0
0
0
0
0
0
0
0
0
0
0
0
0
0
0
0
0
0
0
0
0
0
0
0
0
0
0
0
0
0
0
0
0
0
0
0
0
0
0
0
0
0
0
0
0
0
0
0
0
0
0
0
0
0
0
0
0
0
0
0
0
0
0
0
0
0
0
0
0
0
0
0
0
0
0
0
0
0
0
0
0
0
0
0
0
0
0
0
0
0
0
0
0
0
0
0
0
0
0
0
0
0
0
0
0
0
0
0
0
0
0
0
0
0
0
0
0
0
0
0
0
0
0
0
0
0
0
0
0
0
0
0
0
0
0
0
0
0
0
0
0
0
0
0
0
0
0
0
0
0
0
0
0
0
0
0
0
0
0
0
0
0
0
0
0
0
0
0
0
0
0
0
0
0
0
0
0
0
0
0
0
0
0
0
0
0
0
0
0
0
0
0
0
0
0
0
0
0
0
0
0
0
0
0
0
0
0
0
0
0
0
0
0
0
0
0
0
0
0
0
0
0
0
0
0
0
0
0
0
0
0
0
0
0
0
0
0
0
0
0
0
0
0
0
0
0
0
0
0
0
0
0
0
0
0
0
0
0
0
0
0
0
0
0
0
0
0
0
0
0
0
0
0
0
0
0
0
0
0
0
0
0
0
0
0
0
0
0
0
0
0
0
0
0
0
0
0
0
0
0
0
0
0
0
0
0
0
0
0
0
0
0
0
0
0
0
0
0
0
0
0
0
0
0
0
0
0
0
0
0
0
0
0
0
0
0
0
0
0
0
0
0
0
0
0
0
0
0
0
0
0
0
0
0
0
0
0
0
0
0
0
0
0
0
0
0
0
0
0
0
0
0
0
0
0
0
0
0
0
0
0
0
0
0
0
0
0
0
0
0
0
0
0
0
0
0
0
0
0
0
0
0
0
0
0
0
0
0
0
0
0
0
0
0
0
0
0
0
0
0
0
0
0
0
0
0
0
0
0
0
0
0
0
0
0
0
0
0
0
0
0
0
0
0
0
0
0
0
0
0
0
0
0
0
0
0
0
0
0
0
0
0
0
0
0
0
0
0
0
0
0
0
0
0
0
0
0
0
0
0
0
0
0
0
0
0
0
0
0
0
0
0
0
0
0
0
0
0
0
0
0
0
0
0
0
0
0
0
0
0
0
0
0
0
0
0
0
0
0
0
0
0
0
0
0
0
0
0
0
0
0
0
0
0
0
0
0
0
0
0
0
0
0
0
0
0
0
0
0
0
0
0
0
0
0
0
0
0
0
0
0
0
0
0
0
0
0
0
0
0
0
0
0
0
0
0
0
0
0
0
0
0
0
0
0
0
0
0
0
0
0
0
0
0
0
0
0
0
0
0
0
0
0
0
0
0
0
0
0
0
0
0
0
0
0
0
0
0
0
0
0
0
0
0
0
0
0
0
0
0
0
0
0
0
0
0
0
0
0
0
0
0
0
0
0
0
0
0
0
0
0
0
0
0
0
0
0
0
0
0
0
0
0
0
0
0
0
0
0
0
0
0
0
0
0
0
0
0
0
0
0
0
0
0
0
0
0
0
0
0
0
0
0
0
0
0
0
0
0
0
0
0
0
0
0
0
0
0
0
0
0
0
0
0
0
0
0
0
0
0
0
0
0
0
0
0
0
0
0
0
0
0
0
0
0
0
0
0
0
0
0
0
0
0
0
0
0
0
0
0
0
0
0
0
0
0
0
0
0
0
0
0
0
0
0
0
0
0
0
0
0
0
0
0
0
0
0
0
0
0
0
0
0
0
0
0
0
0
0
0
0
0
0
0
0
0
0
0
0
0
0
0
0
0
0
0
0
0
0
0
0
0
0
0
0
0
0
0
0
0
0
0
0
0
0
0
0
0
0
0
0
0
0
0
0
0
0
0
0
0
0
0
0
0
0
0
0
0
0
0
0
0
0
0
0
0
0
0
0
0
0
0
0
0
0
0
0
0
0
0
0
0
0
0
0
0
0
0
0
0
0
0
0
0
0
0
0
0
0
0
0
0
0
0
0
0
0
0
0
0
0
0
0
0
0
0
0
0
0
0
0
0
0
0
0
0
0
0
0
0
0
0
0
0
0
0
0
0
0
0
0
0
0
0
0
0
0
0
0
0
0
0
0
0
0
0
0
0
0
0
0
0
0
0
0
0
0
0
0
0
0
0
0
0
0
0
0
0
0
0
0
0
0
0
0
0
0
0
0
0
0
0
0
0
0
0
0
0
0
0
0
0
0
0
0
0
0
0
0
0
0
0
0
0
0
0
0
0
0
0
0
0
0
0
0
0
0
0
0
0
0
0
0
0
0
0
0
0
0
0
0
0
0
0
0
0
0
0
0
0
0
0
0
0
0
0
0
0
0
0
0
0
0
0
0
0
0
0
0
0
0
0
0
0
0
0
0
0
0
0
0
0
0
0
0
0
0
0
0
0
0
0
0
0
0
0
0
0
0
0
0
0
0
0
0
0
0
0
0
0
0
0
0
0
0
0
0
0
0
0
0
0
0
0
0
0
0
0
0
0
0
0
0
0
0
0
0
0
0
0
0
0
0
0
0
0
0
0
0
0
0
0
0
0
0
0
0
0
0
0
0
0
0
0
0
0
0
0
0
0
0
0
0
0
0
0
0
0
0
0
0
0
0
0
0
0
0
0
0
0
0
0
0
0
0
0
0
0
0
0
0
0
0
0
0
0
0
0
0
0
0
0
0
0
0
0
0
0
0
0
0
0
0
0
0
0
0
0
0
0
0
0
0
0
0
0
0
0
0
0
0
0
0
0
0
0
0
0
0
0
0
0
0
0
0
0
0
0
0
0
0
0
0
0
0
0
0
0
0
0
0
0
0
0
0
0
0
0
0
0
0
0
0
0
0
0
0
0
0
0
0
0
0
0
0
0
0
0
0
0
0
0
0
0
0
0
0
0
0
0
0
0
0
0
0
0
0
0
0
0
0
0
0
0
0
0
0
0
0
0
0
0
0
0
0
0
0
0
0
0
0
0
0
0
0
0
0
0
0
0
0
0
0
0
0
0
0
0
0
0
0
0
0
0
0
0
0
0
0
0
0
0
0
0
0
0
0
0
0
0
0
0
0
0
0
0
0
0
0
0
0
0
0
0
0
0
0
0
0
0
0
0
0
0
0
0
0
0
0
0
0
0
0
0
0
0
0
0
0
0
0
0
0
0
0
0
0
0
0
0
0
0
0
0
0
0
0
0
0
0
0
0
0
0
0
0
0
0
0
0
0
0
0
0
0
0
0
0
0
0
0
0
0
0
0
0
0
0
0
0
0
0
0
0
0
0
0
0
0
0
0
0
0
0
0
0
0
0
0
0
0
0
0
0
0
0
0
0
0
0
0
0
0
0
0
0
0
0
0
0
0
0
0
0
0
0
0
0
0
0
0
0
0
0
0
0
0
0
0
0
0
0
0
0
0
0
0
0
0
0
0
0
0
0
0
0
0
0
0
0
0
0
0
0
0
0
0
0
0
0
0
0
0
0
0
0
0
0
0
0
0
0
0
0
0
0
0
0
0
0
0
0
0
0
0
0
0
0
0
0
0
0
0
0
0
0
0
0
0
0
0
0
0
0
0
0
0
0
0
0
0
0
0
0
0
0
0
0
0
0
0
0
0
0
0
0
0
0
0
0
0
0
0
0
0
0
0
0
0
0
0
0
0
0
0
0
0
0
0
0
0
0
0
0
0
0
0
0
0
0
0
0
0
0
0
0
0
0
0
0
0
0
0
0
0
0
0
0
0
0
0
0
0
0
0
0
0
0
0
0
0
0
0
0
0
0
0
0
0
0
0
0
0
0
0
0
0
0
0
0
0
0
0
0
0
0
0
0
0
0
0
0
0
0
0
0
0
0
0
0
0
0
0
0
0
0
0
0
0
0
0
0
0
0
0
0
0
0
0
0
0
0
0
0
0
0
0
0
0
0
0
0
0
0
0
0
0
0
0
0
0
0
0
0
0
0
0
0
0
0
0
0
0
0
0
0
0
0
0
0
0
0
0
0
0
0
0
0
0
0
0
0
0
0
0
0
0
0
0
0
0
0
0
0
0
0
0
0
0
0
0
0
0
0
0
0
0
0
0
0
0
0
0
0
0
0
0
0
0
0
0
0
0
0
0
0
0
0
0
0
0
0
0
0
0
0
0
0
0
0
0
0
0
0
0
0
0
0
0
0
0
0
0
0
0
0
0
0
0
0
0
0
0
0
0
0
0
0
0
0
0
0
0
0
0
0
0
0
0
0
0
0
0
0
0
0
0
0
0
0
0
0
0
0
0
0
0
0
0
0
0
0
0
0
0
0
0
0
0
0
0
0
0
0
0
0
0
0
0
0
0
0
0
0
0
0
0
0
0
0
0
0
0
0
0
0
0
0
0
0
0
0
0
0
0
0
0
0
0
0
0
0
0
0
0
0
0
0
0
0
0
0
0
0
0
0
0
0
0
0
0
0
0
0
0
0
0
0
0
0
0
0
0
0
0
0
0
0
0
0
0
0
0
0
0
0
0
0
0
0
0
0
0
0
0
0
0
0
0
0
0
0
0
0
0
0
0
0
0
0
0
0
0
0
0
0
0
0
0
0
0
0
0
0
0
0
0
0
0
0
0
0
0
0
0
0
0
0
0
0
0
0
0
0
0
0
0
0
0
0
0
0
0
0
0
0
0
0
0
0
0
0
0
0
0
0
0
0
0
0
0
0
0
0
0
0
0
0
0
0
0
0
0
0
0
0
0
0
0
0
0
0
0
0
0
0
0
0
0
0
0
0
0
0
0
0
0
0
0
0
0
0
0
0
0
0
0
0
0
0
0
0
0
0
0
0
0
0
0
0
0
0
0
0
0
0
0
0
0
0
0
0
0
0
0
0
0
0
0
0
0
0
0
0
0
0
0
0
0
0
0
0
0
0
0
0
0
0
0
0
0
0
0
0
0
0
0
0
0
0
0
0
0
0
0
0
0
0
0
0
0
0
0
0
0
0
0
0
0
0
0
0
0
0
0
0
0
0
0
0
0
0
0
0
0
0
0
0
0
0
0
0
0
0
0
0
0
0
0
0
0
0
0
0
0
0
0
0
0
0
0
0
0
0
0
0
0
0
0
0
0
0
0
0
0
0
0
0
0
0
0
0
0
0
0
0
0
0
0
0
0
0
0
0
0
0
0
0
0
0
0
0
0
0
0
0
0
0
0
0
0
0
0
0
0
0
0
0
0
0
0
0
0
0
0
0
0
0
0
0
0
0
0
0
0
0
0
0
0
0
0
0
0
0
0
0
0
0
0
0
0
0
0
0
0
0
0
0
0
0
0
0
0
0
0
0
0
0
0
0
0
0
0
0
0
0
0
0
0
0
0
0
0
0
0
0
0
0
0
0
0
0
0
0
0
0
0
0
0
0
0
0
0
0
0
0
0
0
0
0
0
0
0
0
0
0
0
0
0
0
0
0
0
0
0
0
0
0
0
0
0
0
0
0
0
0
0
0
0
0
0
0
0
0
0
0
0
0
0
0
0
0
0
0
0
0
0
0
0
0
0
0
0
0
0
0
0
0
0
0
0
0
0
0
0
0
0
0
0
0
0
0
0
0
0
0
0
0
0
0
0
0
0
0
0
0
0
0
0
0
0
0
0
0
0
0
0
0
0
0
0
0
0
0
0
0
0
0
0
0
0
0
0
0
0
0
0
0
0
0
0
0
0
0
0
0
0
0
0
0
0
0
0
0
0
0
0
0
0
0
0
0
0
0
0
0
0
0
0
0
0
0
0
0
0
0
0
0
0
0
0
0
0
0
0
0
0
0
0
0
0
0
0
0
0
0
0
0
0
0
0
0
0
0
0
0
0
0
0
0
0
0
0
0
0
0
0
0
0
0
0
0
0
0
0
0
0
0
0
0
0
0
0
0
0
0
0
0
0
0
0
0
0
0
0
0
0
0
0
0
0
0
0
0
0
0
0
0
0
0
0
0
0
0
0
0
0
0
0
0
0
0
0
0
0
0
0
0
0
0
0
0
0
0
0
0
0
0
0
0
0
0
0
0
0
0
0
0
0
0
0
0
0
0
0
0
0
0
0
0
0
0
0
0
0
0
0
0
0
0
0
0
0
0
0
0
0
0
0
0
0
0
0
0
0
0
0
0
0
0
0
0
0
0
0
0
0
0
0
0
0
0
0
0
0
0
0
0
0
0
0
0
0
0
0
0
0
0
0
0
0
0
0
0
0
0
0
0
0
0
0
0
0
0
0
0
0
0
0
0
0
0
0
0
0
0
0
0
0
0
0
0
0
0
0
0
0
0
0
0
0
0
0
0
0
0
0
0
0
0
0
0
0
0
0
0
0
0
0
0
0
0
0
0
0
0
0
0
0
0
0
0
0
0
0
0
0
0
0
0
0
0
0
0
0
0
0
0
0
0
0
0
0
0
0
0
0
0
0
0
0
0
0
0
0
0
0
0
0
0
0
0
0
0
0
0
0
0
0
0
0
0
0
0
0
0
0
0
0
0
0
0
0
0
0
0
0
0
0
0
0
0
0
0
0
0
0
0
0
0
0
0
0
0
0
0
0
0
0
0
0
0
0
0
0
0
0
0
0
0
0
0
0
0
0
0
0
0
0
0
0
0
0
0
0
0
0
0
0
0
0
0
0
0
0
0
0
0
0
0
0
0
0
0
0
0
0
0
0
0
0
0
0
0
0
0
0
0
0
0
0
0
0
0
0
0
0
0
0
0
0
0
0
0
0
0
0
0
0
0
0
0
0
0
0
0
0
0
0
0
0
0
0
0
0
0
0
0
0
0
0
0
0
0
0
0
0
0
0
0
0
0
0
0
0
0
0
0
0
0
0
0
0
0
0
0
0
0
0
0
0
0
0
0
0
0
0
0
0
0
0
0
0
0
0
0
0
0
0
0
0
0
0
0
0
0
0
0
0
0
0
0
0
0
0
0
0
0
0
0
0
0
0
0
0
0
0
0
0
0
0
0
0
0
0
0
0
0
0
0
0
0
0
0
0
0
0
0
0
0
0
0
0
0
0
0
0
0
0
0
0
0
0
0
0
0
0
0
0
0
0
0
0
0
0
0
0
0
0
0
0
0
0
0
0
0
0
0
0
0
0
0
0
0
0
0
0
0
0
0
0
0
0
0
0
0
0
0
0
0
0
0
0
0
0
0
0
0
0
0
0
0
0
0
0
0
0
0
0
0
0
0
0
0
0
0
0
0
0
0
0
0
0
0
0
0
0
0
0
0
0
0
0
0
0
0
0
0
0
0
0
0
0
0
0
0
0
0
0
0
0
0
0
0
0
0
0
0
0
0
0
0
0
0
0
0
0
0
0
0
0
0
0
0
0
0
0
0
0
0
0
0
0
0
0
0
0
0
0
0
0
0
0
0
0
0
0
0
0
0
0
0
0
0
0
0
0
0
0
0
0
0
0
0
0
0
0
0
0
0
0
0
0
0
0
0
0
0
0
0
0
0
0
0
0
0
0
0
0
0
0
0
0
0
0
0
0
0
0
0
0
0
0
0
0
0
0
0
0
0
0
0
0
0
0
0
0
0
0
0
0
0
0
0
0
0
0
0
0
0
0
0
0
0
0
0
0
0
0
0
0
0
0
0
0
0
0
0
0
0
0
0
0
0
0
0
0
0
0
0
0
0
0
0
0
0
0
0
0
0
0
0
0
0
0
0
0
0
0
0
0
0
0
0
0
0
0
0
0
0
0
0
0
0
0
0
0
0
0
0
0
0
0
0
0
0
0
0
0
0
0
0
0
0
0
0
0
0
0
0
0
0
0
0
0
0
0
0
0
0
0
0
0
0
0
0
0
0
0
0
0
0
0
0
0
0
0
0
0
0
0
0
0
0
0
0
0
0
0
0
0
0
0
0
0
0
0
0
0
0
0
0
0
0
0
0
0
0
0
0
0
0
0
0
0
0
0
0
0
0
0
0
0
0
0
0
0
0
0
0
0
0
0
0
0
0
0
0
0
0
0
0
0
0
0
0
0
0
0
0
0
0
0
0
0
0
0
0
0
0
0
0
0
0
0
0
0
0
0
0
0
0
0
0
0
0
0
0
0
0
0
0
0
0
0
0
0
0
0
0
0
0
0
0
0
0
0
0
0
0
0
0
0
0
0
0
0
0
0
0
0
0
0
0
0
0
0
0
0
0
0
0
0
0
0
0
0
0
0
0
0
0
0
0
0
0
0
0
0
0
0
0
0
0
0
0
0
0
0
0
0
0
0
0
0
0
0
0
0
0
0
0
0
0
0
0
0
0
0
0
0
0
0
0
0
0
0
0
0
0
0
0
0
0
0
0
0
0
0
0
0
0
0
0
0
0
0
0
0
0
0
0
0
0
0
0
0
0
0
0
0
0
0
0
0
0
0
0
0
0
0
0
0
0
0
0
0
0
0
0
0
0
0
0
0
0
0
0
0
0
0
0
0
0
0
0
0
0
0
0
0
0
0
0
0
0
0
0
0
1.65669e-05
0.000245315
0.00200182
0.00715738
0.018444
0.0447556
0.105842
0.250944
0.595915
1.29826
2.29029
3.3569
4.28095
5.14172
5.95736
6.66558
7.44073
8.16341
8.82512
9.36414
9.75922
9.99933
10.0694
9.90637
9.61384
9.28451
8.99446
8.78608
8.87988
9.09336
9.27433
9.3869
9.38453
9.27028
9.05692
8.79624
8.56881
8.3952
8.21484
7.94068
7.56265
6.88333
6.04323
5.01712
3.8503
2.66065
1.68252
1.03529
0.566774
0.246922
0.0770849
0.0156393
0.00189715
0.000146036
6.03861e-06
0
0
0
0
0
0
0
0
0
1.07641e-05
0.000276076
0.00259835
0.0155584
0.0605954
0.163663
0.382006
0.723506
1.28275
2.11121
3.15175
4.16655
4.8098
5.65252
6.34052
7.06578
7.63782
8.36507
8.9192
9.41254
9.755
9.94714
9.96152
9.72734
9.41038
9.07691
8.80409
8.76183
8.86633
9.08163
9.12894
9.06635
8.90197
8.65798
8.29385
8.00279
7.95597
7.98187
7.91433
7.66764
7.1826
6.7271
5.77683
4.74496
3.61413
2.64116
1.76686
1.05651
0.638888
0.306271
0.100539
0.0239465
0.00360169
0.000333339
2.12474e-05
0
0
0
0
0
0
0
0
0
1.18184e-06
5.50814e-05
0.000516007
0.00528188
0.0236959
0.0407484
0.155091
0.182466
0.429861
1.16785
0.653486
0.711868
1.26458
1.25205
1.17021
3.21685
0.736782
2.13704
1.27141
0.956191
2.17669
1.48924
2.16877
3.47725
6.0891
2.66699
3.14243
2.38108
1.56486
0.753554
0.944391
0.608934
0.801296
0.39227
0.466437
0.756955
1.08913
0.666053
2.50729
1.15108
0.9683
0.502683
0.48419
0.4064
0.357726
0.249799
0.186079
0.14117
0.0526657
0.033684
0.0411495
0.00487509
0.000662842
0.000101121
4.53335e-06
0
0
0
0
0
0
0
0
0
0
1.04071e-05
4.4426e-05
9.26215e-05
0.00293427
0.00337893
0.0213576
0.00844059
0.0442394
0.226489
0.102497
0.131154
0.163002
0.0818179
0.204445
0.328905
0.103707
0.146931
0.0606913
0.150606
0.0763866
0.244588
0.191093
0.538567
1.60039
0.281917
0.312944
0.532182
0.0148802
0.268027
0.0420156
0.00424534
0.0154562
0.00470908
0.00351394
0.00426359
0.0141233
0.00447699
0.112138
0.0386522
0.0394797
0.0572741
0.0732011
0.0787428
0.110346
0.0523321
0.0338696
0.0178424
0.0112714
0.00465443
0.00601763
0.000324877
1.06456e-05
4.89183e-06
0
0
0
0
0
0
0
0
0
0
0
0
0
0
0
0
0
0
3.13441e-06
2.18409e-05
0.00011041
0.000106506
0.000101199
0.000156684
0.000716896
0.000982113
0.000793674
0.000962937
0.00131047
0.00157552
0.00280773
0.0032981
0.0065544
0.0106748
0.0168587
0.0135625
0.0118554
0.00668082
0.00210909
0.00125675
0.000590685
0.000193407
0.000195653
9.04075e-05
5.55736e-05
4.56628e-05
4.8761e-05
0.000123942
0.000301131
0.000268898
0.000233841
0.000109316
5.59984e-05
7.22434e-05
0.000444546
0.000977035
0.000324252
0.000569703
0.000186045
2.66877e-05
2.64725e-06
0
0
0
0
0
0
0
0
0
0
0
0
0
0
0
0
0
0
0
0
0
0
0
0
0
0
0
0
0
1.22714e-06
0
8.35455e-06
1.41083e-05
2.09568e-05
2.80891e-05
4.86407e-05
6.63562e-05
1.98922e-05
0.000158536
0.000101859
3.45261e-06
6.54775e-06
0
0
0
0
0
0
0
0
0
0
0
0
0
0
0
0
0
2.71532e-06
8.85554e-06
6.06437e-06
0
0
0
0
0
0
0
0
0
0
0
0
0
0
0
0
0
0
0
0
0
0
0
0
0
0
0
0
0
0
0
0
0
0
0
0
0
0
0
0
0
0
0
0
0
0
0
0
0
0
0
0
0
0
0
0
0
0
0
0
0
0
0
0
0
0
0
0
0
0
0
0
0
0
0
0
0
0
0
0
0
0
0
0
0
0
0
0
0
0
0
0
0
0
0
0
0
0
0
0
0
0
0
0
0
0
0
0
0
0
0
0
0
0
0
0
0
0
0
0
0
0
0
0
0
0
0
0
0
0
0
0
0
0
0
0
0
0
0
0
0
0
0
0
0
0
0
0
0
0
0
0
0
0
0
0
0
0
0
0
0
0
0
0
0
0
0
0
0
0
0
0
0
0
0
0
0
0
0
0
0
0
0
0
0
0
0
0
0
0
0
0
0
0
0
0
0
0
0
0
0
0
0
0
0
0
0
0
0
0
0
0
0
0
0
0
0
0
0
0
0
0
0
0
0
0
0
0
0
0
0
0
0
0
0
0
0
0
0
0
0
0
0
0
0
0
0
0
0
0
0
0
0
0
0
0
0
0
0
0
0
0
0
0
0
0
0
0
0
0
0
0
0
0
0
0
0
0
0
0
0
0
0
0
0
0
0
0
0
0
0
0
0
0
0
0
0
0
0
0
0
0
0
0
0
0
0
0
0
0
0
0
0
0
0
0
0
0
0
0
0
0
0
0
0
0
0
0
0
0
0
0
0
0
0
0
0
0
0
0
0
0
0
0
0
0
0
0
0
0
0
0
0
0
0
0
0
0
0
0
0
0
0
0
0
0
0
0
0
0
0
0
0
0
0
0
0
0
0
0
0
0
0
0
0
0
0
0
0
0
0
0
0
0
0
0
0
0
0
0
0
0
0
0
0
0
0
0
0
0
0
0
0
0
0
0
0
0
0
0
0
0
0
0
0
0
0
0
0
0
0
0
0
0
0
0
0
0
0
0
0
0
0
0
0
0
0
0
0
0
0
0
0
0
0
0
0
0
0
0
0
0
0
0
0
0
0
0
0
0
0
0
0
0
0
0
0
0
0
0
0
0
0
0
0
0
0
0
0
0
0
0
0
0
0
0
0
0
0
0
0
0
0
0
0
0
0
0
0
0
0
0
0
0
0
0
0
0
0
0
0
0
0
0
0
0
0
0
0
0
0
0
0
0
0
0
0
0
0
0
0
0
0
0
0
0
0
0
0
0
0
0
0
0
0
0
0
0
0
0
0
0
0
0
0
0
0
0
0
0
0
0
0
0
0
0
0
0
0
0
0
0
0
0
0
0
0
0
0
0
0
0
0
0
0
0
0
0
0
0
0
0
0
0
0
0
0
0
0
0
0
0
0
0
0
0
0
0
0
0
0
0
0
0
0
0
0
0
0
0
0
0
0
0
0
0
0
0
0
0
0
0
0
0
0
0
0
0
0
0
0
0
0
0
0
0
0
0
0
0
0
0
0
0
0
0
0
0
0
0
0
0
0
0
0
0
0
0
0
0
0
0
0
0
0
0
0
0
0
0
0
0
0
0
0
0
0
0
0
0
0
0
0
0
0
0
0
0
0
0
0
0
0
0
0
0
0
0
0
0
0
0
0
0
0
0
0
0
0
0
0
0
0
0
0
0
0
0
0
0
0
0
0
0
0
0
0
0
0
0
0
0
0
0
0
0
0
0
0
0
0
0
0
0
0
0
0
0
0
0
0
0
0
0
0
0
0
0
0
0
0
0
0
0
0
0
0
0
0
0
0
0
0
0
0
0
0
0
0
0
0
0
0
0
0
0
0
0
0
0
0
0
0
0
0
0
0
0
0
0
0
0
0
0
0
0
0
0
0
0
0
0
0
0
0
0
0
0
0
0
0
0
0
0
0
0
0
0
0
0
0
0
0
0
0
0
0
0
0
0
0
0
0
0
0
0
0
0
0
0
0
0
0
0
0
0
0
0
0
0
0
0
0
0
0
0
0
0
0
0
0
0
0
0
0
0
0
0
0
0
0
0
0
0
0
0
0
0
0
0
0
0
0
0
0
0
0
0
0
0
0
0
0
0
0
0
0
0
0
0
0
0
0
0
0
0
0
0
0
0
0
0
0
0
0
0
0
0
0
0
0
0
0
0
0
0
0
0
0
0
0
0
0
0
0
0
0
0
0
0
0
0
0
0
0
0
0
0
0
0
0
0
0
0
0
0
0
0
0
0
0
0
0
0
0
0
0
0
0
0
0
0
0
0
0
0
0
0
0
0
0
0
0
0
0
0
0
0
0
0
0
0
0
0
0
0
0
0
0
0
0
0
0
0
0
0
0
0
0
0
0
0
0
0
0
0
0
0
0
0
0
0
0
0
0
0
0
0
0
0
0
0
0
0
0
0
0
0
0
0
0
0
0
0
0
0
0
0
0
0
0
0
0
0
0
0
0
0
0
0
0
0
0
0
0
0
0
0
0
0
0
0
0
0
0
0
0
0
0
0
0
0
0
0
0
0
0
0
0
0
0
0
0
0
0
0
0
0
0
0
0
0
0
0
0
0
0
0
0
0
0
0
0
0
0
0
0
0
0
0
0
0
0
0
0
0
0
0
0
0
0
0
0
0
0
0
0
0
0
0
0
0
0
0
0
0
0
0
0
0
0
0
0
0
0
0
0
0
0
0
0
0
0
0
0
0
0
0
0
0
0
0
0
0
0
0
0
0
0
0
0
0
0
0
0
0
0
0
0
0
0
0
0
0
0
0
0
0
0
0
0
0
0
0
0
0
0
0
0
0
0
0
0
0
0
0
0
0
0
0
0
0
0
0
0
0
0
0
0
0
0
0
0
0
0
0
0
0
0
0
0
0
0
0
0
0
0
0
0
0
0
0
0
0
0
0
0
0
0
0
0
0
0
0
0
0
0
0
0
0
0
0
0
0
0
0
0
0
0
0
0
0
0
0
0
0
0
0
0
0
0
0
0
0
0
0
0
0
0
0
0
0
0
0
0
0
0
0
0
0
0
0
0
0
0
0
0
0
0
0
0
0
0
0
0
0
0
0
0
0
0
0
0
0
0
0
0
0
0
0
0
0
0
0
0
0
0
0
0
0
0
0
0
0
0
0
0
0
0
0
0
0
0
0
0
0
0
0
0
0
0
0
0
0
0
0
0
0
0
0
0
0
0
0
0
0
0
0
0
0
0
0
0
0
0
0
0
0
0
0
0
0
0
0
0
0
0
0
0
0
0
0
0
0
0
0
0
0
0
0
0
0
0
0
0
0
0
0
0
0
0
0
0
0
0
0
0
0
0
0
0
0
0
0
0
0
0
0
0
0
0
0
0
0
0
0
0
0
0
0
0
0
0
0
0
0
0
0
0
0
0
0
0
0
0
0
0
0
0
0
0
0
0
0
0
0
0
0
0
0
0
0
0
0
0
0
0
0
0
0
0
0
0
0
0
0
0
0
0
0
0
0
0
0
0
0
0
0
0
0
0
0
0
0
0
0
0
0
0
0
0
0
0
0
0
0
0
0
0
0
0
0
0
0
0
0
0
0
0
0
0
0
0
0
0
0
0
0
0
0
0
0
0
0
0
0
0
0
0
0
0
0
0
0
0
0
0
0
0
0
0
0
0
0
0
0
0
0
0
0
0
0
0
0
0
0
0
0
0
0
0
0
0
0
0
0
0
0
0
0
0
0
0
0
0
0
0
0
0
0
0
0
0
0
0
0
0
0
0
0
0
0
0
0
0
0
0
0
0
0
0
0
0
0
0
0
0
0
0
0
0
0
0
0
0
0
0
0
0
0
0
0
0
0
0
0
0
0
0
0
0
0
0
0
0
0
0
0
0
0
0
0
0
0
0
0
0
0
0
0
0
0
0
0
0
0
0
0
0
0
0
0
0
0
0
0
0
0
0
0
0
0
0
0
0
0
0
0
0
0
0
0
0
0
0
0
0
0
0
0
0
0
0
0
0
0
0
0
0
0
0
0
0
0
0
0
0
0
0
0
0
0
0
0
0
0
0
0
0
0
0
0
0
0
0
0
0
0
0
0
0
0
0
0
0
0
0
0
0
0
0
0
0
0
0
0
0
0
0
0
0
0
0
0
0
0
0
0
0
0
0
0
0
0
0
0
0
0
0
0
0
0
0
0
0
0
0
0
0
0
0
0
0
0
0
0
0
0
0
0
0
0
0
0
0
0
0
0
0
0
0
0
0
0
0
0
0
0
0
0
0
0
0
0
0
0
0
0
0
0
0
0
0
0
0
0
0
0
0
0
0
0
0
0
0
0
0
0
0
0
0
0
0
0
0
0
0
0
0
0
0
0
0
0
0
0
0
0
0
0
0
0
0
0
0
0
0
0
0
0
0
0
0
0
0
0
0
0
0
0
0
0
0
0
0
0
0
0
0
0
0
0
0
0
0
0
0
0
0
0
0
0
0
0
0
0
0
0
0
0
0
0
0
0
0
0
0
0
0
0
0
0
0
0
0
0
0
0
0
0
0
0
0
0
0
0
0
0
0
0
0
0
0
0
0
0
0
0
0
0
0
0
0
0
0
0
0
0
0
0
0
0
0
0
0
0
0
0
0
0
0
0
0
0
0
0
0
0
0
0
0
0
0
0
0
0
0
0
0
0
0
0
0
0
0
0
0
0
0
0
0
0
0
0
0
0
0
0
0
0
0
0
0
0
0
0
0
0
0
0
0
0
0
0
0
0
0
0
0
0
0
0
0
0
0
0
0
0
0
0
0
0
0
0
0
0
0
0
0
0
0
0
0
0
0
0
0
0
0
0
0
0
0
0
0
0
0
0
0
0
0
0
0
0
0
0
0
0
0
0
0
0
0
0
0
0
0
0
0
0
0
0
0
0
0
0
0
0
0
0
0
0
0
0
0
0
0
0
0
0
0
0
0
0
0
0
0
0
0
0
0
0
0
0
0
0
0
0
0
0
0
0
0
0
0
0
0
0
0
0
0
0
0
0
0
0
0
0
0
0
0
0
0
0
0
0
0
0
0
0
0
0
0
0
0
0
0
0
0
0
0
0
0
0
0
0
0
0
0
0
0
0
0
0
0
0
0
0
0
0
0
0
0
0
0
0
0
0
0
0
0
0
0
0
0
0
0
0
0
0
0
0
0
0
0
0
0
0
0
0
0
0
0
0
0
0
0
0
0
0
0
0
0
0
0
0
0
0
0
0
0
0
0
0
0
0
0
0
0
0
0
0
0
0
0
0
0
0
0
0
0
0
0
0
0
0
0
0
0
0
0
0
0
0
0
0
0
0
0
0
0
0
0
0
0
0
0
0
0
0
0
0
0
0
0
0
0
0
0
0
0
0
0
0
0
0
0
0
0
0
0
0
0
0
0
0
0
0
0
0
0
0
0
0
0
0
0
0
0
0
0
0
0
0
0
0
0
0
0
0
0
0
0
0
0
0
0
0
0
0
0
0
0
0
0
0
0
0
0
0
0
0
0
0
0
0
0
0
0
0
0
0
0
0
0
0
0
0
0
0
0
0
0
0
0
0
0
0
0
0
0
0
0
0
0
0
0
0
0
0
0
0
0
0
0
0
0
0
0
0
0
0
0
0
0
0
0
0
0
0
0
0
0
0
0
0
0
0
0
0
0
0
0
0
0
0
0
0
0
0
0
0
0
0
0
0
0
0
0
0
0
0
0
0
0
0
0
0
0
0
0
0
0
0
0
0
0
0
0
0
0
0
0
0
0
0
0
0
0
0
0
0
0
0
0
0
0
0
0
0
0
0
0
0
0
0
0
0
0
0
0
0
0
0
0
0
0
0
0
0
0
0
0
0
0
0
0
0
0
0
0
0
0
0
0
0
0
0
0
0
0
0
0
0
0
0
0
0
0
0
0
0
0
0
0
0
0
0
0
0
0
0
0
0
0
0
0
0
0
0
0
0
0
0
0
0
0
0
0
0
0
0
0
0
0
0
0
0
0
0
0
0
0
0
0
0
0
0
0
0
0
0
0
0
0
0
0
0
0
0
0
0
0
0
0
0
0
0
0
0
0
0
0
0
0
0
0
0
0
0
0
0
0
0
0
0
0
0
0
0
0
0
0
0
0
0
0
0
0
0
0
0
0
0
0
0
0
0
0
0
0
0
0
0
0
0
0
0
0
0
0
0
0
0
0
0
0
0
0
0
0
0
0
0
0
0
0
0
0
0
0
0
0
0
0
0
0
0
0
0
0
0
0
0
0
0
0
0
0
0
0
0
0
0
0
0
0
0
0
0
0
0
0
0
0
0
0
0
0
0
0
0
0
0
0
0
0
0
0
0
0
0
0
0
0
0
0
0
0
0
0
0
0
0
0
0
0
0
0
0
0
0
0
0
0
0
0
0
0
0
0
0
0
0
0
0
0
0
0
0
0
0
0
0
0
0
0
0
0
0
0
0
0
0
0
0
0
0
0
0
0
0
0
0
0
0
0
0
0
0
0
0
0
0
0
0
0
0
0
0
0
0
0
0
0
0
0
0
0
0
0
0
0
0
0
0
0
0
0
0
0
0
0
0
0
0
0
0
0
0
0
0
0
0
0
0
0
0
0
0
0
0
0
0
0
0
0
0
0
0
0
0
0
0
0
0
0
0
0
0
0
0
0
0
0
0
0
0
0
0
0
0
0
0
0
0
0
0
0
0
0
0
0
0
0
0
0
0
0
0
0
0
0
0
0
0
0
0
0
0
0
0
0
0
0
0
0
0
0
0
0
0
0
0
0
0
0
0
0
0
0
0
0
0
0
0
0
0
0
0
0
0
0
0
0
0
0
0
0
0
0
0
0
0
0
0
0
0
0
0
0
0
0
0
0
0
0
0
0
0
0
0
0
0
0
0
0
0
0
0
0
0
0
0
0
0
0
0
0
0
0
0
0
0
0
0
0
0
0
0
0
0
0
0
0
0
0
0
0
0
0
0
0
0
0
0
0
0
0
0
0
0
0
0
0
0
0
0
0
0
0
0
0
0
0
0
0
0
0
0
0
0
0
0
0
0
0
0
0
0
0
0
0
0
0
0
0
0
0
0
0
0
0
0
0
0
0
0
0
0
0
0
0
0
0
0
0
0
0
0
0
0
0
0
0
0
0
0
0
0
0
0
0
0
0
0
0
0
0
0
0
0
0
0
0
0
0
0
0
0
0
0
0
0
0
0
0
0
0
0
0
0
0
0
0
0
0
0
0
0
0
0
0
0
0
0
0
0
0
0
0
0
0
0
0
0
0
0
0
0
0
0
0
0
0
0
0
0
0
0
0
0
0
0
0
0
0
0
0
0
0
0
0
0
0
0
0
0
0
0
0
0
0
0
0
0
0
0
0
0
0
0
0
0
0
0
0
0
0
0
0
0
0
0
0
0
0
0
0
0
0
0
0
0
0
0
0
0
0
0
0
0
0
0
0
0
0
0
0
0
0
0
0
0
0
0
0
0
0
0
0
0
0
0
0
0
0
0
0
0
0
0
0
0
0
0
0
0
0
0
0
0
0
0
0
0
0
0
0
0
0
0
0
0
0
0
0
0
0
0
0
0
0
0
0
0
0
0
0
0
0
0
0
0
0
0
0
0
0
0
0
0
0
0
0
0
0
0
0
0
0
0
0
0
0
0
0
0
0
0
0
0
0
0
0
0
0
0
0
0
0
0
0
0
0
0
0
0
0
0
0
0
0
0
0
0
0
0
0
0
0
0
0
0
0
0
0
0
0
0
0
0
0
0
0
0
0
0
0
0
0
0
0
0
0
0
0
0
0
0
0
0
0
0
0
0
0
0
0
0
0
0
0
0
0
0
0
0
0
0
0
0
0
0
0
0
0
0
0
0
0
0
0
0
0
0
0
0
0
0
0
0
0
0
0
0
0
0
0
0
0
0
0
0
0
0
0
0
0
0
0
0
0
0
0
0
0
0
0
0
0
0
0
0
0
0
0
0
0
0
0
0
0
0
0
0
0
0
0
0
0
0
0
0
0
0
0
0
0
0
0
0
0
0
0
0
0
0
0
0
0
0
0
0
0
0
0
0
0
0
0
0
0
0
0
0
0
0
0
0
0
0
0
0
0
0
0
0
0
0
0
0
0
0
0
0
0
0
0
0
0
0
0
0
0
0
0
0
0
0
0
0
0
0
0
0
0
0
0
0
0
0
0
0
0
0
0
0
0
0
0
0
0
0
0
0
0
0
0
0
0
0
0
0
0
0
0
0
0
0
0
0
0
0
0
0
0
0
0
0
0
0
0
0
0
0
0
0
0
0
0
0
0
0
0
0
0
0
0
0
0
0
0
0
0
0
0
0
0
0
0
0
0
0
0
0
0
0
0
0
0
0
0
0
0
0
0
0
0
0
0
0
0
0
0
0
0
0
0
0
0
0
0
0
0
0
0
6.58159e-06
9.1456e-05
0.000479972
0.00202655
0.00666364
0.0168162
0.0440244
0.0992306
0.250102
0.572545
1.13076
1.83733
2.51943
3.19143
3.921
4.74593
5.78602
6.92033
7.992
8.97724
9.64974
10.0195
9.96264
9.56753
9.06455
8.69069
8.51262
8.47369
8.40699
8.4276
8.59816
8.83351
9.14778
9.3628
9.34673
9.19976
9.10219
9.06373
9.19531
9.44149
9.66146
9.54067
8.77151
7.56617
6.01629
4.25778
2.6742
1.55621
0.805867
0.317939
0.0956391
0.0178379
0.0019065
0.000129944
3.08533e-06
0
0
0
0
0
0
0
0
0
5.48705e-06
0.000127435
0.00136585
0.00935484
0.0349748
0.0898384
0.183356
0.294263
0.655622
1.21034
1.83664
2.60302
3.1434
3.77724
4.48136
5.33519
6.02643
6.98675
7.95038
8.7886
9.4264
9.78335
9.75628
9.30155
8.81618
8.5071
8.40038
8.39897
8.33326
8.40197
8.5894
8.86146
9.08961
9.25245
9.32833
9.30058
9.17642
9.09943
9.16136
9.36417
9.61973
9.59776
9.12111
8.00523
6.39086
4.6287
3.02232
1.72356
0.915899
0.40123
0.122568
0.0239321
0.00194394
0.000116296
3.84449e-06
0
0
0
0
0
0
0
0
0
2.07937e-06
1.52433e-05
0.000281636
0.00638764
0.0131691
0.0804147
0.120176
0.433837
0.965473
1.16334
2.32931
1.94453
3.63508
4.40497
4.81799
5.61567
4.20216
7.27373
4.14519
8.74847
5.18219
8.72208
8.27035
4.39427
3.60456
7.74664
4.54136
8.05213
4.23306
8.11343
4.63983
7.98201
5.18165
3.3725
7.97369
5.90875
3.68218
8.4071
4.96489
7.66984
9.41565
6.20093
8.39476
7.57454
5.04849
4.8244
3.03842
1.63526
0.744614
0.420599
0.107462
0.0340841
0.00226453
0.000196861
7.87719e-06
0
0
0
0
0
0
0
0
0
0
0
7.67839e-06
0.000192133
0.00043917
0.00636293
0.00583366
0.218374
0.267653
0.221745
1.24559
0.598121
2.36184
2.5811
2.09381
1.32633
0.595319
4.98287
0.418554
4.22554
0.303135
2.8345
2.23571
0.45452
0.143292
3.29308
0.542513
4.03833
0.465942
4.86991
0.452964
3.01843
0.593781
0.0813788
1.67268
0.430137
0.0736546
1.89061
0.515478
1.52202
4.86645
0.840336
3.20304
4.90385
1.66356
2.51485
2.68841
1.93267
0.161094
0.243374
0.0167639
0.00888418
0.00353556
2.7755e-05
2.67758e-06
0
0
0
0
0
0
0
0
0
0
0
0
0
0
0
0
0
0
1.56042e-05
5.54259e-05
6.30477e-05
5.48036e-05
7.53909e-05
0.000167525
0.000164179
0.000109525
0.000197017
0.000243502
0.000420364
0.000506572
0.001092
0.00228299
0.00371495
0.023529
0.0422127
0.0546296
0.035875
0.0124549
0.00569108
0.00125615
0.00127927
0.000300863
0.000341838
0.000575397
0.000637346
0.00102973
0.00170269
0.00096093
0.001064
0.000853295
0.000436696
0.0001733
9.06168e-05
0.000157021
0.00026871
0.000113426
0.000179914
4.86618e-05
7.42381e-06
1.3848e-06
0
0
0
0
0
0
0
0
0
0
0
0
0
0
0
0
0
0
0
0
0
0
0
0
0
0
0
0
0
0
0
0
0
0
0
0
1.97166e-05
0.000184056
0
0.00111924
0
7.01006e-06
0
0
0
0
0
0
0
0
0
0
0
0
0
0
0
0
0
0
0
1.34469e-06
0
0
0
0
0
0
0
0
0
0
0
0
0
0
0
0
0
0
0
0
0
0
0
0
0
0
0
0
0
0
0
0
0
0
0
0
0
0
0
0
0
0
0
0
0
0
0
0
0
0
0
0
0
0
0
0
0
0
0
0
0
0
0
0
0
0
0
0
0
0
0
0
0
0
0
0
0
0
0
0
0
0
0
0
0
0
0
0
0
0
0
0
0
0
0
0
0
0
0
0
0
0
0
0
0
0
0
0
0
0
0
0
0
0
0
0
0
0
0
0
0
0
0
0
0
0
0
0
0
0
0
0
0
0
0
0
0
0
0
0
0
0
0
0
0
0
0
0
0
0
0
0
0
0
0
0
0
0
0
0
0
0
0
0
0
0
0
0
0
0
0
0
0
0
0
0
0
0
0
0
0
0
0
0
0
0
0
0
0
0
0
0
0
0
0
0
0
0
0
0
0
0
0
0
0
0
0
0
0
0
0
0
0
0
0
0
0
0
0
0
0
0
0
0
0
0
0
0
0
0
0
0
0
0
0
0
0
0
0
0
0
0
0
0
0
0
0
0
0
0
0
0
0
0
0
0
0
0
0
0
0
0
0
0
0
0
0
0
0
0
0
0
0
0
0
0
0
0
0
0
0
0
0
0
0
0
0
0
0
0
0
0
0
0
0
0
0
0
0
0
0
0
0
0
0
0
0
0
0
0
0
0
0
0
0
0
0
0
0
0
0
0
0
0
0
0
0
0
0
0
0
0
0
0
0
0
0
0
0
0
0
0
0
0
0
0
0
0
0
0
0
0
0
0
0
0
0
0
0
0
0
0
0
0
0
0
0
0
0
0
0
0
0
0
0
0
0
0
0
0
0
0
0
0
0
0
0
0
0
0
0
0
0
0
0
0
0
0
0
0
0
0
0
0
0
0
0
0
0
0
0
0
0
0
0
0
0
0
0
0
0
0
0
0
0
0
0
0
0
0
0
0
0
0
0
0
0
0
0
0
0
0
0
0
0
0
0
0
0
0
0
0
0
0
0
0
0
0
0
0
0
0
0
0
0
0
0
0
0
0
0
0
0
0
0
0
0
0
0
0
0
0
0
0
0
0
0
0
0
0
0
0
0
0
0
0
0
0
0
0
0
0
0
0
0
0
0
0
0
0
0
0
0
0
0
0
0
0
0
0
0
0
0
0
0
0
0
0
0
0
0
0
0
0
0
0
0
0
0
0
0
0
0
0
0
0
0
0
0
0
0
0
0
0
0
0
0
0
0
0
0
0
0
0
0
0
0
0
0
0
0
0
0
0
0
0
0
0
0
0
0
0
0
0
0
0
0
0
0
0
0
0
0
0
0
0
0
0
0
0
0
0
0
0
0
0
0
0
0
0
0
0
0
0
0
0
0
0
0
0
0
0
0
0
0
0
0
0
0
0
0
0
0
0
0
0
0
0
0
0
0
0
0
0
0
0
0
0
0
0
0
0
0
0
0
0
0
0
0
0
0
0
0
0
0
0
0
0
0
0
0
0
0
0
0
0
0
0
0
0
0
0
0
0
0
0
0
0
0
0
0
0
0
0
0
0
0
0
0
0
0
0
0
0
0
0
0
0
0
0
0
0
0
0
0
0
0
0
0
0
0
0
0
0
0
0
0
0
0
0
0
0
0
0
0
0
0
0
0
0
0
0
0
0
0
0
0
0
0
0
0
0
0
0
0
0
0
0
0
0
0
0
0
0
0
0
0
0
0
0
0
0
0
0
0
0
0
0
0
0
0
0
0
0
0
0
0
0
0
0
0
0
0
0
0
0
0
0
0
0
0
0
0
0
0
0
0
0
0
0
0
0
0
0
0
0
0
0
0
0
0
0
0
0
0
0
0
0
0
0
0
0
0
0
0
0
0
0
0
0
0
0
0
0
0
0
0
0
0
0
0
0
0
0
0
0
0
0
0
0
0
0
0
0
0
0
0
0
0
0
0
0
0
0
0
0
0
0
0
0
0
0
0
0
0
0
0
0
0
0
0
0
0
0
0
0
0
0
0
0
0
0
0
0
0
0
0
0
0
0
0
0
0
0
0
0
0
0
0
0
0
0
0
0
0
0
0
0
0
0
0
0
0
0
0
0
0
0
0
0
0
0
0
0
0
0
0
0
0
0
0
0
0
0
0
0
0
0
0
0
0
0
0
0
0
0
0
0
0
0
0
0
0
0
0
0
0
0
0
0
0
0
0
0
0
0
0
0
0
0
0
0
0
0
0
0
0
0
0
0
0
0
0
0
0
0
0
0
0
0
0
0
0
0
0
0
0
0
0
0
0
0
0
0
0
0
0
0
0
0
0
0
0
0
0
0
0
0
0
0
0
0
0
0
0
0
0
0
0
0
0
0
0
0
0
0
0
0
0
0
0
0
0
0
0
0
0
0
0
0
0
0
0
0
0
0
0
0
0
0
0
0
0
0
0
0
0
0
0
0
0
0
0
0
0
0
0
0
0
0
0
0
0
0
0
0
0
0
0
0
0
0
0
0
0
0
0
0
0
0
0
0
0
0
0
0
0
0
0
0
0
0
0
0
0
0
0
0
0
0
0
0
0
0
0
0
0
0
0
0
0
0
0
0
0
0
0
0
0
0
0
0
0
0
0
0
0
0
0
0
0
0
0
0
0
0
0
0
0
0
0
0
0
0
0
0
0
0
0
0
0
0
0
0
0
0
0
0
0
0
0
0
0
0
0
0
0
0
0
0
0
0
0
0
0
0
0
0
0
0
0
0
0
0
0
0
0
0
0
0
0
0
0
0
0
0
0
0
0
0
0
0
0
0
0
0
0
0
0
0
0
0
0
0
0
0
0
0
0
0
0
0
0
0
0
0
0
0
0
0
0
0
0
0
0
0
0
0
0
0
0
0
0
0
0
0
0
0
0
0
0
0
0
0
0
0
0
0
0
0
0
0
0
0
0
0
0
0
0
0
0
0
0
0
0
0
0
0
0
0
0
0
0
0
0
0
0
0
0
0
0
0
0
0
0
0
0
0
0
0
0
0
0
0
0
0
0
0
0
0
0
0
0
0
0
0
0
0
0
0
0
0
0
0
0
0
0
0
0
0
0
0
0
0
0
0
0
0
0
0
0
0
0
0
0
0
0
0
0
0
0
0
0
0
0
0
0
0
0
0
0
0
0
0
0
0
0
0
0
0
0
0
0
0
0
0
0
0
0
0
0
0
0
0
0
0
0
0
0
0
0
0
0
0
0
0
0
0
0
0
0
0
0
0
0
0
0
0
0
0
0
0
0
0
0
0
0
0
0
0
0
0
0
0
0
0
0
0
0
0
0
0
0
0
0
0
0
0
0
0
0
0
0
0
0
0
0
0
0
0
0
0
0
0
0
0
0
0
0
0
0
0
0
0
0
0
0
0
0
0
0
0
0
0
0
0
0
0
0
0
0
0
0
0
0
0
0
0
0
0
0
0
0
0
0
0
0
0
0
0
0
0
0
0
0
0
0
0
0
0
0
0
0
0
0
0
0
0
0
0
0
0
0
0
0
0
0
0
0
0
0
0
0
0
0
0
0
0
0
0
0
0
0
0
0
0
0
0
0
0
0
0
0
0
0
0
0
0
0
0
0
0
0
0
0
0
0
0
0
0
0
0
0
0
0
0
0
0
0
0
0
0
0
0
0
0
0
0
0
0
0
0
0
0
0
0
0
0
0
0
0
0
0
0
0
0
0
0
0
0
0
0
0
0
0
0
0
0
0
0
0
0
0
0
0
0
0
0
0
0
0
0
0
0
0
0
0
0
0
0
0
0
0
0
0
0
0
0
0
0
0
0
0
0
0
0
0
0
0
0
0
0
0
0
0
0
0
0
0
0
0
0
0
0
0
0
0
0
0
0
0
0
0
0
0
0
0
0
0
0
0
0
0
0
0
0
0
0
0
0
0
0
0
0
0
0
0
0
0
0
0
0
0
0
0
0
0
0
0
0
0
0
0
0
0
0
0
0
0
0
0
0
0
0
0
0
0
0
0
0
0
0
0
0
0
0
0
0
0
0
0
0
0
0
0
0
0
0
0
0
0
0
0
0
0
0
0
0
0
0
0
0
0
0
0
0
0
0
0
0
0
0
0
0
0
0
0
0
0
0
0
0
0
0
0
0
0
0
0
0
0
0
0
0
0
0
0
0
0
0
0
0
0
0
0
0
0
0
0
0
0
0
0
0
0
0
0
0
0
0
0
0
0
0
0
0
0
0
0
0
0
0
0
0
0
0
0
0
0
0
0
0
0
0
0
0
0
0
0
0
0
0
0
0
0
0
0
0
0
0
0
0
0
0
0
0
0
0
0
0
0
0
0
0
0
0
0
0
0
0
0
0
0
0
0
0
0
0
0
0
0
0
0
0
0
0
0
0
0
0
0
0
0
0
0
0
0
0
0
0
0
0
0
0
0
0
0
0
0
0
0
0
0
0
0
0
0
0
0
0
0
0
0
0
0
0
0
0
0
0
0
0
0
0
0
0
0
0
0
0
0
0
0
0
0
0
0
0
0
0
0
0
0
0
0
0
0
0
0
0
0
0
0
0
0
0
0
0
0
0
0
0
0
0
0
0
0
0
0
0
0
0
0
0
0
0
0
0
0
0
0
0
0
0
0
0
0
0
0
0
0
0
0
0
0
0
0
0
0
0
0
0
0
0
0
0
0
0
0
0
0
0
0
0
0
0
0
0
0
0
0
0
0
0
0
0
0
0
0
0
0
0
0
0
0
0
0
0
0
0
0
0
0
0
0
0
0
0
0
0
0
0
0
0
0
0
0
0
0
0
0
0
0
0
0
0
0
0
0
0
0
0
0
0
0
0
0
0
0
0
0
0
0
0
0
0
0
0
0
0
0
0
0
0
0
0
0
0
0
0
0
0
0
0
0
0
0
0
0
0
0
0
0
0
0
0
0
0
0
0
0
0
0
0
0
0
0
0
0
0
0
0
0
0
0
0
0
0
0
0
0
0
0
0
0
0
0
0
0
0
0
0
0
0
0
0
0
0
0
0
0
0
0
0
0
0
0
0
0
0
0
0
0
0
0
0
0
0
0
0
0
0
0
0
0
0
0
0
0
0
0
0
0
0
0
0
0
0
0
0
0
0
0
0
0
0
0
0
0
0
0
0
0
0
0
0
0
0
0
0
0
0
0
0
0
0
0
0
0
0
0
0
0
0
0
0
0
0
0
0
0
0
0
0
0
0
0
0
0
0
0
0
0
0
0
0
0
0
0
0
0
0
0
0
0
0
0
0
0
0
0
0
0
0
0
0
0
0
0
0
0
0
0
0
0
0
0
0
0
0
0
0
0
0
0
0
0
0
0
0
0
0
0
0
0
0
0
0
0
0
0
0
0
0
0
0
0
0
0
0
0
0
0
0
0
0
0
0
0
0
0
0
0
0
0
0
0
0
0
0
0
0
0
0
0
0
0
0
0
0
0
0
0
0
0
0
0
0
0
0
0
0
0
0
0
0
0
0
0
0
0
0
0
0
0
0
0
0
0
0
0
0
0
0
0
0
0
0
0
0
0
0
0
0
0
0
0
0
0
0
0
0
0
0
0
0
0
0
0
0
0
0
0
0
0
0
0
0
0
0
0
0
0
0
0
0
0
0
0
0
0
0
0
0
0
0
0
0
0
0
0
0
0
0
0
0
0
0
0
0
0
0
0
0
0
0
0
0
0
0
0
0
0
0
0
0
0
0
0
0
0
0
0
0
0
0
0
0
0
0
0
0
0
0
0
0
0
0
0
0
0
0
0
0
0
0
0
0
0
0
0
0
0
0
0
0
0
0
0
0
0
0
0
0
0
0
0
0
0
0
0
0
0
0
0
0
0
0
0
0
0
0
0
0
0
0
0
0
0
0
0
0
0
0
0
0
0
0
0
0
0
0
0
0
0
0
0
0
0
0
0
0
0
0
0
0
0
0
0
0
0
0
0
0
0
0
0
0
0
0
0
0
0
0
0
0
0
0
0
0
0
0
0
0
0
0
0
0
0
0
0
0
0
0
0
0
0
0
0
0
0
0
0
0
0
0
0
0
0
0
0
0
0
0
0
0
0
0
0
0
0
0
0
0
0
0
0
0
0
0
0
0
0
0
0
0
0
0
0
0
0
0
0
0
0
0
0
0
0
0
0
0
0
0
0
0
0
0
0
0
0
0
0
0
0
0
0
0
0
0
0
0
0
0
0
0
0
0
0
0
0
0
0
0
0
0
0
0
0
0
0
0
0
0
0
0
0
0
0
0
0
0
0
0
0
0
0
0
0
0
0
0
0
0
0
0
0
0
0
0
0
0
0
0
0
0
0
0
0
0
0
0
0
0
0
0
0
0
0
0
0
0
0
0
0
0
0
0
0
0
0
0
0
0
0
0
0
0
0
0
0
0
0
0
0
0
0
0
0
0
0
0
0
0
0
0
0
0
0
0
0
0
0
0
0
0
0
0
0
0
0
0
0
0
0
0
0
0
0
0
0
0
0
0
0
0
0
0
0
0
0
0
0
0
0
0
0
0
0
0
0
0
0
0
0
0
0
0
0
0
0
0
0
0
0
0
0
0
0
0
0
0
0
0
0
0
0
0
0
0
0
0
0
0
0
0
0
0
0
0
0
0
0
0
0
0
0
0
0
0
0
0
0
0
0
0
0
0
0
0
0
0
0
0
0
0
0
0
0
0
0
0
0
0
0
0
0
0
0
0
0
0
0
0
0
0
0
0
0
0
0
0
0
0
0
0
0
0
0
0
0
0
0
0
0
0
0
0
0
0
0
0
0
0
0
0
0
0
0
0
0
0
0
0
0
0
0
0
0
0
0
0
0
0
0
0
0
0
0
0
0
0
0
0
0
0
0
0
0
0
0
0
0
0
0
0
0
0
0
0
0
0
0
0
0
0
0
0
0
0
0
0
0
0
0
0
0
0
0
0
0
0
0
0
0
0
0
0
0
0
0
0
0
0
0
0
0
0
0
0
0
0
0
0
0
0
0
0
0
0
0
0
0
0
0
0
0
0
0
0
0
0
0
0
0
0
0
0
0
0
0
0
0
0
0
0
0
0
0
0
0
0
0
0
0
0
0
0
0
0
0
0
0
0
0
0
0
0
0
0
0
0
0
0
0
0
0
0
0
0
0
0
0
0
0
0
0
0
0
0
0
0
0
0
0
0
0
0
0
0
0
0
0
0
0
0
0
0
0
0
0
0
0
0
0
0
0
0
0
0
0
0
0
0
0
0
0
0
0
0
0
0
0
0
0
0
0
0
0
0
0
0
0
0
0
0
0
0
0
0
0
0
0
0
0
0
0
0
0
0
0
0
0
0
0
0
0
0
0
0
0
0
0
0
0
0
0
0
0
0
0
0
0
0
0
0
0
0
0
0
0
0
0
0
0
0
0
0
0
0
0
0
0
0
0
0
0
0
0
0
0
0
0
0
0
0
0
0
0
0
0
0
0
0
0
0
0
0
0
0
0
0
0
0
0
0
0
0
0
0
0
0
0
0
0
0
0
0
0
0
0
0
0
0
0
0
0
0
0
0
0
0
0
0
0
0
0
0
0
0
0
0
0
0
0
0
0
0
0
0
0
0
0
0
0
0
0
0
0
0
0
0
0
0
0
0
0
0
0
0
0
0
0
0
0
0
0
0
0
0
0
0
0
0
0
0
0
0
0
0
0
0
0
0
0
0
0
0
0
0
0
0
0
0
0
0
0
0
0
0
0
0
0
0
0
0
0
0
0
0
0
0
0
0
0
0
0
0
0
0
0
0
0
0
0
0
0
0
0
0
0
0
0
0
0
0
0
0
0
0
0
0
0
0
0
0
0
0
0
0
0
0
0
0
0
0
0
0
0
0
0
0
0
0
0
0
0
0
0
0
0
0
0
0
0
0
0
0
0
0
0
0
0
0
0
0
0
0
0
0
0
0
0
0
0
0
0
0
0
0
0
0
0
0
0
0
0
0
0
0
0
0
0
0
0
0
0
0
0
0
0
0
0
0
0
0
0
0
0
0
0
0
0
0
0
0
0
0
0
0
0
0
0
0
0
0
0
0
0
0
0
0
0
0
0
0
0
0
0
0
0
0
0
0
0
0
0
0
0
0
0
0
0
0
0
0
0
0
0
0
0
0
0
0
0
0
0
0
0
0
0
0
0
0
0
0
0
0
0
0
0
0
0
0
0
0
0
0
0
0
0
0
0
0
0
0
0
0
0
0
0
0
0
0
0
0
0
0
0
0
0
0
0
0
0
0
0
0
0
0
0
0
0
0
0
0
0
0
0
0
0
0
0
0
0
0
0
0
0
0
0
0
0
0
0
0
0
0
0
0
0
0
0
0
0
0
0
0
0
0
0
0
0
0
0
0
0
0
0
0
0
0
0
0
0
0
0
1.40755e-06
2.08459e-05
0.000158417
0.000710307
0.0033753
0.00883409
0.0114631
0.0172891
0.0279737
0.0689173
0.165903
0.35288
0.618517
0.963939
1.40663
1.92438
2.59112
3.57106
4.839
6.46256
7.90943
8.92938
9.23802
8.96988
8.63091
8.64747
9.17705
9.98484
10.1553
9.82856
9.2209
8.78511
8.52322
8.46417
8.44306
8.39122
8.32693
8.33632
8.54281
9.0493
9.81015
10.23
9.6763
8.18835
6.23268
4.3279
2.61647
1.42222
0.602105
0.164335
0.0280679
0.00298603
0.000103186
4.36164e-06
0
0
0
0
0
0
0
0
0
0
1.72299e-06
4.69466e-05
0.000629998
0.00452332
0.0189249
0.0435623
0.0797642
0.108338
0.149578
0.289855
0.514477
0.808035
1.02217
1.34341
1.73387
2.20387
2.86535
3.59205
4.84515
6.21746
7.85255
8.81847
9.13231
9.00042
8.60378
8.64477
9.24264
9.88127
9.92031
9.53799
9.03856
8.7645
8.55817
8.4815
8.43516
8.42289
8.43334
8.40024
8.4755
8.91822
9.65487
10.0657
9.44009
7.9097
6.00396
3.99267
2.38486
1.25222
0.5723
0.180371
0.0353072
0.00324002
0.0002171
5.6827e-06
0
0
0
0
0
0
0
0
0
0
0
4.67347e-06
0.00018438
0.00320511
0.00902867
0.0258359
0.0900767
0.0925603
0.322441
0.632773
0.695834
1.05997
0.757867
0.708653
0.938975
1.64646
2.26959
1.63812
3.45186
2.73245
5.26351
1.9392
2.25616
4.2132
6.17607
4.92737
7.02449
4.71094
7.7265
5.35912
5.57176
3.04154
3.51474
4.38007
2.93633
2.83574
3.49771
2.14538
4.75564
3.71526
2.85721
5.62034
4.62019
2.9325
3.61846
1.7799
0.814992
0.376389
0.520289
0.0885312
0.0306157
0.00267321
3.50549e-05
3.71988e-05
0
0
0
0
0
0
0
0
0
0
0
0
4.69121e-06
4.32629e-05
0.000283287
0.000534166
0.00481699
0.0172094
0.0401501
0.315391
0.118516
0.838557
0.327844
0.334454
0.148348
0.306196
0.424596
0.0913144
0.435979
0.138848
0.943522
0.0410296
0.0485662
0.445002
1.82588
0.637286
1.46858
0.824996
2.53349
0.816017
0.69059
0.14083
0.266497
0.280632
0.108651
0.24922
0.32325
0.0753933
0.761572
0.32647
0.087674
0.38887
0.270483
0.529662
0.772539
0.148713
0.218711
0.125056
0.117698
0.00366391
0.00846368
0.000234545
3.77118e-05
0
0
0
0
0
0
0
0
0
0
0
0
0
0
0
0
0
0
0
1.2965e-06
4.08589e-06
1.75083e-05
1.27212e-05
2.9677e-05
2.35279e-05
1.10265e-05
0
0
0
0
0
3.23323e-06
1.84023e-05
0.000212
0.00259785
0.0179511
0.0751566
0.142361
0.192418
0.0959991
0.0464114
0.0290637
0.0114754
0.010996
0.00696757
0.00610336
0.00753077
0.00712325
0.00343296
0.00263418
0.0014039
0.000811976
0.000398549
0.000143581
4.45439e-05
4.33941e-05
3.01352e-05
1.66659e-05
2.80657e-05
2.74084e-06
1.8133e-06
0
0
0
0
0
0
0
0
0
0
0
0
0
0
0
0
0
0
0
0
0
0
0
0
0
0
0
0
0
0
0
0
0
0
0
0
0
1.79915e-06
4.2275e-06
0.000138527
0.000722078
0.00384622
1.49765e-05
1.46565e-05
0
0
0
0
0
0
0
0
0
0
0
0
0
0
0
0
0
0
0
0
0
0
0
0
0
0
0
0
0
0
0
0
0
0
0
0
0
0
0
0
0
0
0
0
0
0
0
0
0
0
0
0
0
0
0
0
0
0
0
0
0
0
0
0
0
0
0
0
0
0
0
0
0
0
0
0
0
0
0
0
0
0
0
0
0
0
0
0
0
0
0
0
0
0
0
0
0
0
0
0
0
0
0
0
0
0
0
0
0
0
0
0
0
0
0
0
0
0
0
0
0
0
0
0
0
0
0
0
0
0
0
0
0
0
0
0
0
0
0
0
0
0
0
0
0
0
0
0
0
0
0
0
0
0
0
0
0
0
0
0
0
0
0
0
0
0
0
0
0
0
0
0
0
0
0
0
0
0
0
0
0
0
0
0
0
0
0
0
0
0
0
0
0
0
0
0
0
0
0
0
0
0
0
0
0
0
0
0
0
0
0
0
0
0
0
0
0
0
0
0
0
0
0
0
0
0
0
0
0
0
0
0
0
0
0
0
0
0
0
0
0
0
0
0
0
0
0
0
0
0
0
0
0
0
0
0
0
0
0
0
0
0
0
0
0
0
0
0
0
0
0
0
0
0
0
0
0
0
0
0
0
0
0
0
0
0
0
0
0
0
0
0
0
0
0
0
0
0
0
0
0
0
0
0
0
0
0
0
0
0
0
0
0
0
0
0
0
0
0
0
0
0
0
0
0
0
0
0
0
0
0
0
0
0
0
0
0
0
0
0
0
0
0
0
0
0
0
0
0
0
0
0
0
0
0
0
0
0
0
0
0
0
0
0
0
0
0
0
0
0
0
0
0
0
0
0
0
0
0
0
0
0
0
0
0
0
0
0
0
0
0
0
0
0
0
0
0
0
0
0
0
0
0
0
0
0
0
0
0
0
0
0
0
0
0
0
0
0
0
0
0
0
0
0
0
0
0
0
0
0
0
0
0
0
0
0
0
0
0
0
0
0
0
0
0
0
0
0
0
0
0
0
0
0
0
0
0
0
0
0
0
0
0
0
0
0
0
0
0
0
0
0
0
0
0
0
0
0
0
0
0
0
0
0
0
0
0
0
0
0
0
0
0
0
0
0
0
0
0
0
0
0
0
0
0
0
0
0
0
0
0
0
0
0
0
0
0
0
0
0
0
0
0
0
0
0
0
0
0
0
0
0
0
0
0
0
0
0
0
0
0
0
0
0
0
0
0
0
0
0
0
0
0
0
0
0
0
0
0
0
0
0
0
0
0
0
0
0
0
0
0
0
0
0
0
0
0
0
0
0
0
0
0
0
0
0
0
0
0
0
0
0
0
0
0
0
0
0
0
0
0
0
0
0
0
0
0
0
0
0
0
0
0
0
0
0
0
0
0
0
0
0
0
0
0
0
0
0
0
0
0
0
0
0
0
0
0
0
0
0
0
0
0
0
0
0
0
0
0
0
0
0
0
0
0
0
0
0
0
0
0
0
0
0
0
0
0
0
0
0
0
0
0
0
0
0
0
0
0
0
0
0
0
0
0
0
0
0
0
0
0
0
0
0
0
0
0
0
0
0
0
0
0
0
0
0
0
0
0
0
0
0
0
0
0
0
0
0
0
0
0
0
0
0
0
0
0
0
0
0
0
0
0
0
0
0
0
0
0
0
0
0
0
0
0
0
0
0
0
0
0
0
0
0
0
0
0
0
0
0
0
0
0
0
0
0
0
0
0
0
0
0
0
0
0
0
0
0
0
0
0
0
0
0
0
0
0
0
0
0
0
0
0
0
0
0
0
0
0
0
0
0
0
0
0
0
0
0
0
0
0
0
0
0
0
0
0
0
0
0
0
0
0
0
0
0
0
0
0
0
0
0
0
0
0
0
0
0
0
0
0
0
0
0
0
0
0
0
0
0
0
0
0
0
0
0
0
0
0
0
0
0
0
0
0
0
0
0
0
0
0
0
0
0
0
0
0
0
0
0
0
0
0
0
0
0
0
0
0
0
0
0
0
0
0
0
0
0
0
0
0
0
0
0
0
0
0
0
0
0
0
0
0
0
0
0
0
0
0
0
0
0
0
0
0
0
0
0
0
0
0
0
0
0
0
0
0
0
0
0
0
0
0
0
0
0
0
0
0
0
0
0
0
0
0
0
0
0
0
0
0
0
0
0
0
0
0
0
0
0
0
0
0
0
0
0
0
0
0
0
0
0
0
0
0
0
0
0
0
0
0
0
0
0
0
0
0
0
0
0
0
0
0
0
0
0
0
0
0
0
0
0
0
0
0
0
0
0
0
0
0
0
0
0
0
0
0
0
0
0
0
0
0
0
0
0
0
0
0
0
0
0
0
0
0
0
0
0
0
0
0
0
0
0
0
0
0
0
0
0
0
0
0
0
0
0
0
0
0
0
0
0
0
0
0
0
0
0
0
0
0
0
0
0
0
0
0
0
0
0
0
0
0
0
0
0
0
0
0
0
0
0
0
0
0
0
0
0
0
0
0
0
0
0
0
0
0
0
0
0
0
0
0
0
0
0
0
0
0
0
0
0
0
0
0
0
0
0
0
0
0
0
0
0
0
0
0
0
0
0
0
0
0
0
0
0
0
0
0
0
0
0
0
0
0
0
0
0
0
0
0
0
0
0
0
0
0
0
0
0
0
0
0
0
0
0
0
0
0
0
0
0
0
0
0
0
0
0
0
0
0
0
0
0
0
0
0
0
0
0
0
0
0
0
0
0
0
0
0
0
0
0
0
0
0
0
0
0
0
0
0
0
0
0
0
0
0
0
0
0
0
0
0
0
0
0
0
0
0
0
0
0
0
0
0
0
0
0
0
0
0
0
0
0
0
0
0
0
0
0
0
0
0
0
0
0
0
0
0
0
0
0
0
0
0
0
0
0
0
0
0
0
0
0
0
0
0
0
0
0
0
0
0
0
0
0
0
0
0
0
0
0
0
0
0
0
0
0
0
0
0
0
0
0
0
0
0
0
0
0
0
0
0
0
0
0
0
0
0
0
0
0
0
0
0
0
0
0
0
0
0
0
0
0
0
0
0
0
0
0
0
0
0
0
0
0
0
0
0
0
0
0
0
0
0
0
0
0
0
0
0
0
0
0
0
0
0
0
0
0
0
0
0
0
0
0
0
0
0
0
0
0
0
0
0
0
0
0
0
0
0
0
0
0
0
0
0
0
0
0
0
0
0
0
0
0
0
0
0
0
0
0
0
0
0
0
0
0
0
0
0
0
0
0
0
0
0
0
0
0
0
0
0
0
0
0
0
0
0
0
0
0
0
0
0
0
0
0
0
0
0
0
0
0
0
0
0
0
0
0
0
0
0
0
0
0
0
0
0
0
0
0
0
0
0
0
0
0
0
0
0
0
0
0
0
0
0
0
0
0
0
0
0
0
0
0
0
0
0
0
0
0
0
0
0
0
0
0
0
0
0
0
0
0
0
0
0
0
0
0
0
0
0
0
0
0
0
0
0
0
0
0
0
0
0
0
0
0
0
0
0
0
0
0
0
0
0
0
0
0
0
0
0
0
0
0
0
0
0
0
0
0
0
0
0
0
0
0
0
0
0
0
0
0
0
0
0
0
0
0
0
0
0
0
0
0
0
0
0
0
0
0
0
0
0
0
0
0
0
0
0
0
0
0
0
0
0
0
0
0
0
0
0
0
0
0
0
0
0
0
0
0
0
0
0
0
0
0
0
0
0
0
0
0
0
0
0
0
0
0
0
0
0
0
0
0
0
0
0
0
0
0
0
0
0
0
0
0
0
0
0
0
0
0
0
0
0
0
0
0
0
0
0
0
0
0
0
0
0
0
0
0
0
0
0
0
0
0
0
0
0
0
0
0
0
0
0
0
0
0
0
0
0
0
0
0
0
0
0
0
0
0
0
0
0
0
0
0
0
0
0
0
0
0
0
0
0
0
0
0
0
0
0
0
0
0
0
0
0
0
0
0
0
0
0
0
0
0
0
0
0
0
0
0
0
0
0
0
0
0
0
0
0
0
0
0
0
0
0
0
0
0
0
0
0
0
0
0
0
0
0
0
0
0
0
0
0
0
0
0
0
0
0
0
0
0
0
0
0
0
0
0
0
0
0
0
0
0
0
0
0
0
0
0
0
0
0
0
0
0
0
0
0
0
0
0
0
0
0
0
0
0
0
0
0
0
0
0
0
0
0
0
0
0
0
0
0
0
0
0
0
0
0
0
0
0
0
0
0
0
0
0
0
0
0
0
0
0
0
0
0
0
0
0
0
0
0
0
0
0
0
0
0
0
0
0
0
0
0
0
0
0
0
0
0
0
0
0
0
0
0
0
0
0
0
0
0
0
0
0
0
0
0
0
0
0
0
0
0
0
0
0
0
0
0
0
0
0
0
0
0
0
0
0
0
0
0
0
0
0
0
0
0
0
0
0
0
0
0
0
0
0
0
0
0
0
0
0
0
0
0
0
0
0
0
0
0
0
0
0
0
0
0
0
0
0
0
0
0
0
0
0
0
0
0
0
0
0
0
0
0
0
0
0
0
0
0
0
0
0
0
0
0
0
0
0
0
0
0
0
0
0
0
0
0
0
0
0
0
0
0
0
0
0
0
0
0
0
0
0
0
0
0
0
0
0
0
0
0
0
0
0
0
0
0
0
0
0
0
0
0
0
0
0
0
0
0
0
0
0
0
0
0
0
0
0
0
0
0
0
0
0
0
0
0
0
0
0
0
0
0
0
0
0
0
0
0
0
0
0
0
0
0
0
0
0
0
0
0
0
0
0
0
0
0
0
0
0
0
0
0
0
0
0
0
0
0
0
0
0
0
0
0
0
0
0
0
0
0
0
0
0
0
0
0
0
0
0
0
0
0
0
0
0
0
0
0
0
0
0
0
0
0
0
0
0
0
0
0
0
0
0
0
0
0
0
0
0
0
0
0
0
0
0
0
0
0
0
0
0
0
0
0
0
0
0
0
0
0
0
0
0
0
0
0
0
0
0
0
0
0
0
0
0
0
0
0
0
0
0
0
0
0
0
0
0
0
0
0
0
0
0
0
0
0
0
0
0
0
0
0
0
0
0
0
0
0
0
0
0
0
0
0
0
0
0
0
0
0
0
0
0
0
0
0
0
0
0
0
0
0
0
0
0
0
0
0
0
0
0
0
0
0
0
0
0
0
0
0
0
0
0
0
0
0
0
0
0
0
0
0
0
0
0
0
0
0
0
0
0
0
0
0
0
0
0
0
0
0
0
0
0
0
0
0
0
0
0
0
0
0
0
0
0
0
0
0
0
0
0
0
0
0
0
0
0
0
0
0
0
0
0
0
0
0
0
0
0
0
0
0
0
0
0
0
0
0
0
0
0
0
0
0
0
0
0
0
0
0
0
0
0
0
0
0
0
0
0
0
0
0
0
0
0
0
0
0
0
0
0
0
0
0
0
0
0
0
0
0
0
0
0
0
0
0
0
0
0
0
0
0
0
0
0
0
0
0
0
0
0
0
0
0
0
0
0
0
0
0
0
0
0
0
0
0
0
0
0
0
0
0
0
0
0
0
0
0
0
0
0
0
0
0
0
0
0
0
0
0
0
0
0
0
0
0
0
0
0
0
0
0
0
0
0
0
0
0
0
0
0
0
0
0
0
0
0
0
0
0
0
0
0
0
0
0
0
0
0
0
0
0
0
0
0
0
0
0
0
0
0
0
0
0
0
0
0
0
0
0
0
0
0
0
0
0
0
0
0
0
0
0
0
0
0
0
0
0
0
0
0
0
0
0
0
0
0
0
0
0
0
0
0
0
0
0
0
0
0
0
0
0
0
0
0
0
0
0
0
0
0
0
0
0
0
0
0
0
0
0
0
0
0
0
0
0
0
0
0
0
0
0
0
0
0
0
0
0
0
0
0
0
0
0
0
0
0
0
0
0
0
0
0
0
0
0
0
0
0
0
0
0
0
0
0
0
0
0
0
0
0
0
0
0
0
0
0
0
0
0
0
0
0
0
0
0
0
0
0
0
0
0
0
0
0
0
0
0
0
0
0
0
0
0
0
0
0
0
0
0
0
0
0
0
0
0
0
0
0
0
0
0
0
0
0
0
0
0
0
0
0
0
0
0
0
0
0
0
0
0
0
0
0
0
0
0
0
0
0
0
0
0
0
0
0
0
0
0
0
0
0
0
0
0
0
0
0
0
0
0
0
0
0
0
0
0
0
0
0
0
0
0
0
0
0
0
0
0
0
0
0
0
0
0
0
0
0
0
0
0
0
0
0
0
0
0
0
0
0
0
0
0
0
0
0
0
0
0
0
0
0
0
0
0
0
0
0
0
0
0
0
0
0
0
0
0
0
0
0
0
0
0
0
0
0
0
0
0
0
0
0
0
0
0
0
0
0
0
0
0
0
0
0
0
0
0
0
0
0
0
0
0
0
0
0
0
0
0
0
0
0
0
0
0
0
0
0
0
0
0
0
0
0
0
0
0
0
0
0
0
0
0
0
0
0
0
0
0
0
0
0
0
0
0
0
0
0
0
0
0
0
0
0
0
0
0
0
0
0
0
0
0
0
0
0
0
0
0
0
0
0
0
0
0
0
0
0
0
0
0
0
0
0
0
0
0
0
0
0
0
0
0
0
0
0
0
0
0
0
0
0
0
0
0
0
0
0
0
0
0
0
0
0
0
0
0
0
0
0
0
0
0
0
0
0
0
0
0
0
0
0
0
0
0
0
0
0
0
0
0
0
0
0
0
0
0
0
0
0
0
0
0
0
0
0
0
0
0
0
0
0
0
0
0
0
0
0
0
0
0
0
0
0
0
0
0
0
0
0
0
0
0
0
0
0
0
0
0
0
0
0
0
0
0
0
0
0
0
0
0
0
0
0
0
0
0
0
0
0
0
0
0
0
0
0
0
0
0
0
0
0
0
0
0
0
0
0
0
0
0
0
0
0
0
0
0
0
0
0
0
0
0
0
0
0
0
0
0
0
0
0
0
0
0
0
0
0
0
0
0
0
0
0
0
0
0
0
0
0
0
0
0
0
0
0
0
0
0
0
0
0
0
0
0
0
0
0
0
0
0
0
0
0
0
0
0
0
0
0
0
0
0
0
0
0
0
0
0
0
0
0
0
0
0
0
0
0
0
0
0
0
0
0
0
0
0
0
0
0
0
0
0
0
0
0
0
0
0
0
0
0
0
0
0
0
0
0
0
0
0
0
0
0
0
0
0
0
0
0
0
0
0
0
0
0
0
0
0
0
0
0
0
0
0
0
0
0
0
0
0
0
0
0
0
0
0
0
0
0
0
0
0
0
0
0
0
0
0
0
0
0
0
0
0
0
0
0
0
0
0
0
0
0
0
0
0
0
0
0
0
0
0
0
0
0
0
0
0
0
0
0
0
0
0
0
0
0
0
0
0
0
0
0
0
0
0
0
0
0
0
0
0
0
0
0
0
0
0
0
0
0
0
0
0
0
0
0
0
0
0
0
0
0
0
0
0
0
0
0
0
0
0
0
0
0
0
0
0
0
0
0
0
0
0
0
0
0
0
0
0
0
0
0
0
0
0
0
0
0
0
0
0
0
0
0
0
0
0
0
0
0
0
0
0
0
0
0
0
0
0
0
0
0
0
0
0
0
0
0
0
0
0
0
0
0
0
0
0
0
0
0
0
0
0
0
0
0
0
0
0
0
0
0
0
0
0
0
0
0
0
0
0
0
0
0
0
0
0
0
0
0
0
0
0
0
0
0
0
0
0
0
0
0
0
0
0
0
0
0
0
0
0
0
0
0
0
0
0
0
0
0
0
0
0
0
0
0
0
0
0
0
0
0
0
0
0
0
0
0
0
0
0
0
0
0
0
0
0
0
0
0
0
0
0
0
0
0
0
0
0
0
0
0
0
0
0
0
0
0
0
0
0
0
0
0
0
0
0
0
0
0
0
0
0
0
0
0
0
0
0
0
0
0
0
0
0
0
0
0
0
0
0
0
0
0
0
0
0
0
0
0
0
0
0
0
0
0
0
0
0
0
0
0
0
0
0
0
0
0
0
0
0
0
0
0
0
0
0
0
0
0
0
0
0
0
0
0
0
0
0
0
0
0
0
0
0
0
0
0
0
0
0
0
0
0
0
0
0
0
0
0
0
0
0
0
0
0
0
0
0
0
0
0
0
0
0
0
0
0
0
0
0
0
0
0
0
0
0
0
0
0
0
0
0
0
0
0
0
0
0
0
0
0
0
0
0
0
0
0
0
0
0
0
0
0
0
0
0
0
0
0
0
0
0
0
0
0
0
0
0
0
0
0
0
0
0
0
0
0
0
0
0
0
0
0
0
0
0
0
0
0
0
0
0
0
0
0
0
0
0
0
0
0
0
0
0
0
0
0
0
0
0
0
0
0
0
0
0
0
0
0
0
0
0
0
0
0
0
0
0
0
0
0
0
0
0
0
0
5.16346e-06
4.86727e-05
0.000222055
0.00101582
0.00204415
0.00195818
0.00246416
0.00384374
0.0174398
0.0589352
0.149308
0.291235
0.481368
0.725486
1.05649
1.47696
1.98697
2.70765
3.88332
5.59899
7.5854
8.6548
8.69359
8.32396
8.44653
9.2132
10.3289
10.9569
11.1474
10.9786
10.5948
9.84107
9.21868
8.79956
8.55035
8.36764
8.27518
8.39615
8.93777
9.58398
9.4986
7.47871
4.84281
2.92885
1.50804
0.643363
0.197239
0.0391492
0.00971966
0.00122338
0.000103984
3.69421e-06
0
0
0
0
0
0
0
0
0
0
0
0
1.79059e-05
0.000214806
0.001846
0.00777022
0.0147044
0.0275772
0.038548
0.0516704
0.118966
0.20275
0.317146
0.438277
0.580593
0.713646
0.927742
1.25515
1.75289
2.46634
3.64939
5.26002
7.49937
8.502
8.65558
8.38733
8.48829
9.2911
10.2699
10.8766
11.1029
10.8139
10.4962
10.0844
9.5693
9.03939
8.59479
8.31549
8.13354
8.20788
8.82677
9.50834
9.26686
7.49684
5.19085
3.13866
1.67645
0.768932
0.29254
0.0910004
0.0216065
0.00393233
0.000234392
1.06253e-05
0
0
0
0
0
0
0
0
0
0
0
0
0
4.41771e-05
0.00136617
0.00337281
0.0183702
0.0375147
0.049171
0.0894025
0.11593
0.23731
0.131849
0.265178
0.205741
0.242744
0.209138
0.423476
1.11603
0.844351
2.65463
2.14767
6.08836
3.78979
4.10531
4.41503
7.49215
7.8977
8.19699
7.59599
10.5855
6.66121
5.95527
5.47899
5.40976
4.65619
3.97646
3.11168
7.00609
3.55567
2.60343
5.90187
3.91963
3.74035
1.9176
0.814626
1.97067
0.830806
0.367559
0.0685725
0.0319273
0.00303497
0.000351755
4.18611e-06
3.43195e-06
0
0
0
0
0
0
0
0
0
0
0
0
1.2807e-06
2.89139e-05
0.000306179
0.00145093
0.000665019
0.00385283
0.0813373
0.00892349
0.0969967
0.0174653
0.0449951
0.00112045
0.00345684
0.00549523
0.0193805
0.098876
0.0156998
0.332985
0.07897
0.956505
0.210624
0.46901
0.317436
3.59093
2.31634
2.27494
2.01265
7.22037
1.54191
1.33634
0.839697
1.23649
1.38874
1.16264
0.396118
2.66107
0.271535
0.163815
1.23463
0.483979
0.257457
0.111191
0.0262021
0.511213
0.0871438
0.0356763
0.00286305
0.000168452
5.9991e-05
0.00016551
0
0
0
0
0
0
0
0
0
0
0
0
0
0
0
0
0
0
0
0
0
2.2368e-06
1.63315e-06
5.3327e-06
4.05463e-06
0
0
0
0
0
0
0
0
0
2.54091e-06
0.000169741
0.00559967
0.0577461
0.235198
0.273104
0.433327
0.268193
0.162861
0.104717
0.0409856
0.0677929
0.0458695
0.0310943
0.0129299
0.00452693
0.000746725
0.000460471
0.000115562
1.71941e-05
3.35696e-06
0
0
0
0
1.35674e-06
0
0
0
0
0
0
0
0
0
0
0
0
0
0
0
0
0
0
0
0
0
0
0
0
0
0
0
0
0
0
0
0
0
0
0
0
0
0
0
0
0
0
0.000154291
0.00417415
0.00626271
0.000107935
0.000331537
0
0
0
0
0
0
0
0
0
0
0
0
0
0
0
0
0
0
0
0
0
0
0
0
0
0
0
0
0
0
0
0
0
0
0
0
0
0
0
0
0
0
0
0
0
0
0
0
0
0
0
0
0
0
0
0
0
0
0
0
0
0
0
0
0
0
0
0
0
0
0
0
0
0
0
0
0
0
0
0
0
0
0
0
0
0
0
0
0
0
0
0
0
0
0
0
0
0
0
0
0
0
0
0
0
0
0
0
0
0
0
0
0
0
0
0
0
0
0
0
0
0
0
0
0
0
0
0
0
0
0
0
0
0
0
0
0
0
0
0
0
0
0
0
0
0
0
0
0
0
0
0
0
0
0
0
0
0
0
0
0
0
0
0
0
0
0
0
0
0
0
0
0
0
0
0
0
0
0
0
0
0
0
0
0
0
0
0
0
0
0
0
0
0
0
0
0
0
0
0
0
0
0
0
0
0
0
0
0
0
0
0
0
0
0
0
0
0
0
0
0
0
0
0
0
0
0
0
0
0
0
0
0
0
0
0
0
0
0
0
0
0
0
0
0
0
0
0
0
0
0
0
0
0
0
0
0
0
0
0
0
0
0
0
0
0
0
0
0
0
0
0
0
0
0
0
0
0
0
0
0
0
0
0
0
0
0
0
0
0
0
0
0
0
0
0
0
0
0
0
0
0
0
0
0
0
0
0
0
0
0
0
0
0
0
0
0
0
0
0
0
0
0
0
0
0
0
0
0
0
0
0
0
0
0
0
0
0
0
0
0
0
0
0
0
0
0
0
0
0
0
0
0
0
0
0
0
0
0
0
0
0
0
0
0
0
0
0
0
0
0
0
0
0
0
0
0
0
0
0
0
0
0
0
0
0
0
0
0
0
0
0
0
0
0
0
0
0
0
0
0
0
0
0
0
0
0
0
0
0
0
0
0
0
0
0
0
0
0
0
0
0
0
0
0
0
0
0
0
0
0
0
0
0
0
0
0
0
0
0
0
0
0
0
0
0
0
0
0
0
0
0
0
0
0
0
0
0
0
0
0
0
0
0
0
0
0
0
0
0
0
0
0
0
0
0
0
0
0
0
0
0
0
0
0
0
0
0
0
0
0
0
0
0
0
0
0
0
0
0
0
0
0
0
0
0
0
0
0
0
0
0
0
0
0
0
0
0
0
0
0
0
0
0
0
0
0
0
0
0
0
0
0
0
0
0
0
0
0
0
0
0
0
0
0
0
0
0
0
0
0
0
0
0
0
0
0
0
0
0
0
0
0
0
0
0
0
0
0
0
0
0
0
0
0
0
0
0
0
0
0
0
0
0
0
0
0
0
0
0
0
0
0
0
0
0
0
0
0
0
0
0
0
0
0
0
0
0
0
0
0
0
0
0
0
0
0
0
0
0
0
0
0
0
0
0
0
0
0
0
0
0
0
0
0
0
0
0
0
0
0
0
0
0
0
0
0
0
0
0
0
0
0
0
0
0
0
0
0
0
0
0
0
0
0
0
0
0
0
0
0
0
0
0
0
0
0
0
0
0
0
0
0
0
0
0
0
0
0
0
0
0
0
0
0
0
0
0
0
0
0
0
0
0
0
0
0
0
0
0
0
0
0
0
0
0
0
0
0
0
0
0
0
0
0
0
0
0
0
0
0
0
0
0
0
0
0
0
0
0
0
0
0
0
0
0
0
0
0
0
0
0
0
0
0
0
0
0
0
0
0
0
0
0
0
0
0
0
0
0
0
0
0
0
0
0
0
0
0
0
0
0
0
0
0
0
0
0
0
0
0
0
0
0
0
0
0
0
0
0
0
0
0
0
0
0
0
0
0
0
0
0
0
0
0
0
0
0
0
0
0
0
0
0
0
0
0
0
0
0
0
0
0
0
0
0
0
0
0
0
0
0
0
0
0
0
0
0
0
0
0
0
0
0
0
0
0
0
0
0
0
0
0
0
0
0
0
0
0
0
0
0
0
0
0
0
0
0
0
0
0
0
0
0
0
0
0
0
0
0
0
0
0
0
0
0
0
0
0
0
0
0
0
0
0
0
0
0
0
0
0
0
0
0
0
0
0
0
0
0
0
0
0
0
0
0
0
0
0
0
0
0
0
0
0
0
0
0
0
0
0
0
0
0
0
0
0
0
0
0
0
0
0
0
0
0
0
0
0
0
0
0
0
0
0
0
0
0
0
0
0
0
0
0
0
0
0
0
0
0
0
0
0
0
0
0
0
0
0
0
0
0
0
0
0
0
0
0
0
0
0
0
0
0
0
0
0
0
0
0
0
0
0
0
0
0
0
0
0
0
0
0
0
0
0
0
0
0
0
0
0
0
0
0
0
0
0
0
0
0
0
0
0
0
0
0
0
0
0
0
0
0
0
0
0
0
0
0
0
0
0
0
0
0
0
0
0
0
0
0
0
0
0
0
0
0
0
0
0
0
0
0
0
0
0
0
0
0
0
0
0
0
0
0
0
0
0
0
0
0
0
0
0
0
0
0
0
0
0
0
0
0
0
0
0
0
0
0
0
0
0
0
0
0
0
0
0
0
0
0
0
0
0
0
0
0
0
0
0
0
0
0
0
0
0
0
0
0
0
0
0
0
0
0
0
0
0
0
0
0
0
0
0
0
0
0
0
0
0
0
0
0
0
0
0
0
0
0
0
0
0
0
0
0
0
0
0
0
0
0
0
0
0
0
0
0
0
0
0
0
0
0
0
0
0
0
0
0
0
0
0
0
0
0
0
0
0
0
0
0
0
0
0
0
0
0
0
0
0
0
0
0
0
0
0
0
0
0
0
0
0
0
0
0
0
0
0
0
0
0
0
0
0
0
0
0
0
0
0
0
0
0
0
0
0
0
0
0
0
0
0
0
0
0
0
0
0
0
0
0
0
0
0
0
0
0
0
0
0
0
0
0
0
0
0
0
0
0
0
0
0
0
0
0
0
0
0
0
0
0
0
0
0
0
0
0
0
0
0
0
0
0
0
0
0
0
0
0
0
0
0
0
0
0
0
0
0
0
0
0
0
0
0
0
0
0
0
0
0
0
0
0
0
0
0
0
0
0
0
0
0
0
0
0
0
0
0
0
0
0
0
0
0
0
0
0
0
0
0
0
0
0
0
0
0
0
0
0
0
0
0
0
0
0
0
0
0
0
0
0
0
0
0
0
0
0
0
0
0
0
0
0
0
0
0
0
0
0
0
0
0
0
0
0
0
0
0
0
0
0
0
0
0
0
0
0
0
0
0
0
0
0
0
0
0
0
0
0
0
0
0
0
0
0
0
0
0
0
0
0
0
0
0
0
0
0
0
0
0
0
0
0
0
0
0
0
0
0
0
0
0
0
0
0
0
0
0
0
0
0
0
0
0
0
0
0
0
0
0
0
0
0
0
0
0
0
0
0
0
0
0
0
0
0
0
0
0
0
0
0
0
0
0
0
0
0
0
0
0
0
0
0
0
0
0
0
0
0
0
0
0
0
0
0
0
0
0
0
0
0
0
0
0
0
0
0
0
0
0
0
0
0
0
0
0
0
0
0
0
0
0
0
0
0
0
0
0
0
0
0
0
0
0
0
0
0
0
0
0
0
0
0
0
0
0
0
0
0
0
0
0
0
0
0
0
0
0
0
0
0
0
0
0
0
0
0
0
0
0
0
0
0
0
0
0
0
0
0
0
0
0
0
0
0
0
0
0
0
0
0
0
0
0
0
0
0
0
0
0
0
0
0
0
0
0
0
0
0
0
0
0
0
0
0
0
0
0
0
0
0
0
0
0
0
0
0
0
0
0
0
0
0
0
0
0
0
0
0
0
0
0
0
0
0
0
0
0
0
0
0
0
0
0
0
0
0
0
0
0
0
0
0
0
0
0
0
0
0
0
0
0
0
0
0
0
0
0
0
0
0
0
0
0
0
0
0
0
0
0
0
0
0
0
0
0
0
0
0
0
0
0
0
0
0
0
0
0
0
0
0
0
0
0
0
0
0
0
0
0
0
0
0
0
0
0
0
0
0
0
0
0
0
0
0
0
0
0
0
0
0
0
0
0
0
0
0
0
0
0
0
0
0
0
0
0
0
0
0
0
0
0
0
0
0
0
0
0
0
0
0
0
0
0
0
0
0
0
0
0
0
0
0
0
0
0
0
0
0
0
0
0
0
0
0
0
0
0
0
0
0
0
0
0
0
0
0
0
0
0
0
0
0
0
0
0
0
0
0
0
0
0
0
0
0
0
0
0
0
0
0
0
0
0
0
0
0
0
0
0
0
0
0
0
0
0
0
0
0
0
0
0
0
0
0
0
0
0
0
0
0
0
0
0
0
0
0
0
0
0
0
0
0
0
0
0
0
0
0
0
0
0
0
0
0
0
0
0
0
0
0
0
0
0
0
0
0
0
0
0
0
0
0
0
0
0
0
0
0
0
0
0
0
0
0
0
0
0
0
0
0
0
0
0
0
0
0
0
0
0
0
0
0
0
0
0
0
0
0
0
0
0
0
0
0
0
0
0
0
0
0
0
0
0
0
0
0
0
0
0
0
0
0
0
0
0
0
0
0
0
0
0
0
0
0
0
0
0
0
0
0
0
0
0
0
0
0
0
0
0
0
0
0
0
0
0
0
0
0
0
0
0
0
0
0
0
0
0
0
0
0
0
0
0
0
0
0
0
0
0
0
0
0
0
0
0
0
0
0
0
0
0
0
0
0
0
0
0
0
0
0
0
0
0
0
0
0
0
0
0
0
0
0
0
0
0
0
0
0
0
0
0
0
0
0
0
0
0
0
0
0
0
0
0
0
0
0
0
0
0
0
0
0
0
0
0
0
0
0
0
0
0
0
0
0
0
0
0
0
0
0
0
0
0
0
0
0
0
0
0
0
0
0
0
0
0
0
0
0
0
0
0
0
0
0
0
0
0
0
0
0
0
0
0
0
0
0
0
0
0
0
0
0
0
0
0
0
0
0
0
0
0
0
0
0
0
0
0
0
0
0
0
0
0
0
0
0
0
0
0
0
0
0
0
0
0
0
0
0
0
0
0
0
0
0
0
0
0
0
0
0
0
0
0
0
0
0
0
0
0
0
0
0
0
0
0
0
0
0
0
0
0
0
0
0
0
0
0
0
0
0
0
0
0
0
0
0
0
0
0
0
0
0
0
0
0
0
0
0
0
0
0
0
0
0
0
0
0
0
0
0
0
0
0
0
0
0
0
0
0
0
0
0
0
0
0
0
0
0
0
0
0
0
0
0
0
0
0
0
0
0
0
0
0
0
0
0
0
0
0
0
0
0
0
0
0
0
0
0
0
0
0
0
0
0
0
0
0
0
0
0
0
0
0
0
0
0
0
0
0
0
0
0
0
0
0
0
0
0
0
0
0
0
0
0
0
0
0
0
0
0
0
0
0
0
0
0
0
0
0
0
0
0
0
0
0
0
0
0
0
0
0
0
0
0
0
0
0
0
0
0
0
0
0
0
0
0
0
0
0
0
0
0
0
0
0
0
0
0
0
0
0
0
0
0
0
0
0
0
0
0
0
0
0
0
0
0
0
0
0
0
0
0
0
0
0
0
0
0
0
0
0
0
0
0
0
0
0
0
0
0
0
0
0
0
0
0
0
0
0
0
0
0
0
0
0
0
0
0
0
0
0
0
0
0
0
0
0
0
0
0
0
0
0
0
0
0
0
0
0
0
0
0
0
0
0
0
0
0
0
0
0
0
0
0
0
0
0
0
0
0
0
0
0
0
0
0
0
0
0
0
0
0
0
0
0
0
0
0
0
0
0
0
0
0
0
0
0
0
0
0
0
0
0
0
0
0
0
0
0
0
0
0
0
0
0
0
0
0
0
0
0
0
0
0
0
0
0
0
0
0
0
0
0
0
0
0
0
0
0
0
0
0
0
0
0
0
0
0
0
0
0
0
0
0
0
0
0
0
0
0
0
0
0
0
0
0
0
0
0
0
0
0
0
0
0
0
0
0
0
0
0
0
0
0
0
0
0
0
0
0
0
0
0
0
0
0
0
0
0
0
0
0
0
0
0
0
0
0
0
0
0
0
0
0
0
0
0
0
0
0
0
0
0
0
0
0
0
0
0
0
0
0
0
0
0
0
0
0
0
0
0
0
0
0
0
0
0
0
0
0
0
0
0
0
0
0
0
0
0
0
0
0
0
0
0
0
0
0
0
0
0
0
0
0
0
0
0
0
0
0
0
0
0
0
0
0
0
0
0
0
0
0
0
0
0
0
0
0
0
0
0
0
0
0
0
0
0
0
0
0
0
0
0
0
0
0
0
0
0
0
0
0
0
0
0
0
0
0
0
0
0
0
0
0
0
0
0
0
0
0
0
0
0
0
0
0
0
0
0
0
0
0
0
0
0
0
0
0
0
0
0
0
0
0
0
0
0
0
0
0
0
0
0
0
0
0
0
0
0
0
0
0
0
0
0
0
0
0
0
0
0
0
0
0
0
0
0
0
0
0
0
0
0
0
0
0
0
0
0
0
0
0
0
0
0
0
0
0
0
0
0
0
0
0
0
0
0
0
0
0
0
0
0
0
0
0
0
0
0
0
0
0
0
0
0
0
0
0
0
0
0
0
0
0
0
0
0
0
0
0
0
0
0
0
0
0
0
0
0
0
0
0
0
0
0
0
0
0
0
0
0
0
0
0
0
0
0
0
0
0
0
0
0
0
0
0
0
0
0
0
0
0
0
0
0
0
0
0
0
0
0
0
0
0
0
0
0
0
0
0
0
0
0
0
0
0
0
0
0
0
0
0
0
0
0
0
0
0
0
0
0
0
0
0
0
0
0
0
0
0
0
0
0
0
0
0
0
0
0
0
0
0
0
0
0
0
0
0
0
0
0
0
0
0
0
0
0
0
0
0
0
0
0
0
0
0
0
0
0
0
0
0
0
0
0
0
0
0
0
0
0
0
0
0
0
0
0
0
0
0
0
0
0
0
0
0
0
0
0
0
0
0
0
0
0
0
0
0
0
0
0
0
0
0
0
0
0
0
0
0
0
0
0
0
0
0
0
0
0
0
0
0
0
0
0
0
0
0
0
0
0
0
0
0
0
0
0
0
0
0
0
0
0
0
0
0
0
0
0
0
0
0
0
0
0
0
0
0
0
0
0
0
0
0
0
0
0
0
0
0
0
0
0
0
0
0
0
0
0
0
0
0
0
0
0
0
0
0
0
0
0
0
0
0
0
0
0
0
0
0
0
0
0
0
0
0
0
0
0
0
0
0
0
0
0
0
0
0
0
0
0
0
0
0
0
0
0
0
0
0
0
0
0
0
0
0
0
0
0
0
0
0
0
0
0
0
0
0
0
0
0
0
0
0
0
0
0
0
0
0
0
0
0
0
0
0
0
0
0
0
0
0
0
0
0
0
0
0
0
0
0
0
0
0
0
0
0
0
0
0
0
0
0
0
0
0
0
0
0
0
0
0
0
0
0
0
0
0
0
0
0
0
0
0
0
0
0
0
0
0
0
0
0
0
0
0
0
0
0
0
0
0
0
0
0
0
0
0
0
0
0
0
0
0
0
0
0
0
0
0
0
0
0
0
0
0
0
0
0
0
0
0
0
0
0
0
0
0
0
0
0
0
0
0
0
0
0
0
0
0
0
0
0
0
0
0
0
0
0
0
0
0
0
0
0
0
0
0
0
0
0
0
0
0
0
0
0
0
0
0
0
0
0
0
0
0
0
0
0
0
0
0
0
0
0
0
0
0
0
0
0
0
0
0
0
0
0
0
0
0
0
0
0
0
0
0
0
0
0
0
0
0
0
0
0
0
0
0
0
0
0
0
0
0
0
0
0
0
0
0
0
0
0
0
0
0
0
0
0
0
0
0
0
0
0
0
0
0
0
0
0
0
0
0
0
0
0
0
0
0
0
0
0
0
0
0
0
0
0
0
0
0
0
0
0
0
0
0
0
0
0
0
0
0
0
0
0
0
0
0
0
0
0
0
0
0
0
0
0
0
0
0
0
0
0
0
0
0
0
0
0
0
0
0
0
0
0
0
0
0
0
0
0
0
0
0
0
0
0
0
0
0
0
0
0
0
0
0
0
0
0
0
0
0
0
0
0
0
0
0
0
0
0
0
0
0
0
0
0
0
0
0
0
0
0
0
0
0
0
0
0
0
0
0
0
0
0
0
0
0
0
0
0
0
0
0
0
0
0
0
0
0
0
0
0
0
0
0
0
0
0
0
0
0
0
0
0
0
0
0
0
0
0
0
0
0
0
0
0
0
0
0
0
0
0
0
0
0
0
0
0
0
0
0
0
0
0
0
0
0
0
0
0
0
0
0
0
0
0
0
0
0
0
0
0
0
0
0
0
0
0
0
0
0
0
0
0
0
0
0
0
0
0
0
0
0
0
0
0
0
0
0
0
0
0
0
0
0
0
0
0
0
0
0
0
0
0
0
0
0
0
0
0
0
0
0
1.07321e-06
1.09156e-05
5.94797e-05
0.000292991
0.000960884
0.000404225
0.000714457
0.00301254
0.0135491
0.0455344
0.0965269
0.16109
0.258587
0.41091
0.683627
1.18906
1.92943
2.79619
3.77609
5.25278
7.10712
8.41585
8.50862
8.08899
8.31537
9.42969
10.6919
11.2651
11.4305
11.2284
11.1847
11.2629
11.0731
10.7695
10.1953
9.18666
8.54169
8.65409
9.14183
8.36196
6.22675
3.9134
2.08782
0.900039
0.281384
0.0445564
0.00543211
0.00245934
0.000460018
4.56195e-05
2.61099e-06
0
0
0
0
0
0
0
0
0
0
0
0
0
3.26235e-06
5.53597e-05
0.000689731
0.00317119
0.00458182
0.00709425
0.0103908
0.0198598
0.0430202
0.0823406
0.156716
0.243979
0.332288
0.455869
0.655428
1.00069
1.57154
2.26219
2.89834
3.84636
5.83524
7.65946
8.51771
8.1709
8.11184
9.12469
10.5078
11.2427
11.5367
11.4292
11.3696
11.4126
11.3685
11.1605
10.2694
9.07324
8.26221
8.20268
8.8178
8.6178
6.76147
4.35236
2.2648
1.00013
0.338896
0.0813549
0.017435
0.00249216
0.000594808
0.000272656
1.54426e-05
0
0
0
0
0
0
0
0
0
0
0
0
0
0
5.83673e-05
0.000577428
0.00143536
0.00316991
0.00987124
0.0153671
0.0129388
0.0348386
0.077003
0.127449
0.139227
0.274219
0.322634
0.402711
0.6191
0.240909
1.07765
1.44834
1.05637
3.6333
3.87731
6.6706
6.99888
3.33036
8.06186
9.84883
10.1065
10.8863
11.1103
11.2702
11.4068
11.4185
11.203
10.092
7.74386
3.15937
5.45511
7.25995
7.69334
6.17051
3.4701
2.57522
1.10738
0.371461
0.0838346
0.0308003
0.00882634
0.000588569
6.74068e-05
2.35603e-06
0
0
0
0
0
0
0
0
0
1.58988e-06
0
0
0
0
1.31998e-06
1.70315e-05
8.61521e-05
0.000137156
0.00469041
0.00828652
0.00377685
0.00209872
0.0138539
0.0131813
0.0141194
0.106923
0.0350281
0.0216038
0.0342916
0
0.0824898
0.0783088
0.0425863
0.214435
0.101009
1.1068
1.989
0.492495
3.92654
4.94952
3.99614
6.06452
5.54475
4.26029
4.98439
5.88927
6.13524
4.97283
3.47214
0.436854
0.896975
1.88054
3.34832
4.55871
0.507117
1.00577
0.51508
0.285474
0.185212
0.00391642
0.000280556
0.000328723
0
1.68711e-06
0
0
0
0
0
0
0
0
0
0
0
0
0
0
0
0
0
0
0
0
0
0
0
0
0
0
0
0
0
0
0
0
0
0
0
3.60119e-06
0.000111275
0.0146772
0.196423
0.640105
1.05466
1.38264
0.948095
0.494097
0.343997
0.235347
0.155976
0.0861165
0.0226735
0.00340876
0.00196676
0.000557978
0.000138864
1.45582e-05
0
0
0
0
0
0
0
0
0
0
0
0
0
0
0
0
0
0
0
0
0
0
0
0
0
0
0
0
0
0
0
0
0
0
0
0
0
0
0
0
0
0
0
0
0
0
0
7.66492e-05
1.11342e-06
0.000285134
0.0581783
0.0944231
0.0353777
0.0103737
0
0
0
0
0
1.79367e-06
0
0
0
0
0
0
0
0
0
0
0
0
0
0
0
0
0
0
0
0
0
0
0
0
0
0
0
0
0
0
0
0
0
0
0
0
0
0
0
0
0
0
0
0
0
0
0
0
0
0
0
0
0
0
0
0.000110466
0
0
0
0
0
0
0
0
0
0
0
0
0
0
0
0
0
0
0
0
0
0
0
0
0
0
0
0
0
0
0
0
0
0
0
0
0
0
0
0
0
0
0
0
0
0
0
0
0
0
0
0
0
0
0
0
0
0
0
0
0
0
0
0
0
0
0
0
0
0
0
0
0
0
0
0
0
0
0
0
0
0
0
0
0
0
0
0
0
0
0
0
0
0
0
0
0
0
0
0
0
0
0
0
0
0
0
0
0
0
0
0
0
0
0
0
0
0
0
0
0
0
0
0
0
0
0
0
0
0
0
0
0
0
0
0
0
0
0
0
0
0
0
0
0
0
0
0
0
0
0
0
0
0
0
0
0
0
0
0
0
0
0
0
0
0
0
0
0
0
0
0
0
0
0
0
0
0
0
0
0
0
0
0
0
0
0
0
0
0
0
0
0
0
0
0
0
0
0
0
0
0
0
0
0
0
0
0
0
0
0
0
0
0
0
0
0
0
0
0
0
0
0
0
0
0
0
0
0
0
0
0
0
0
0
0
0
0
0
0
0
0
0
0
0
0
0
0
0
0
0
0
0
0
0
0
0
0
0
0
0
0
0
0
0
0
0
0
0
0
0
0
0
0
0
0
0
0
0
0
0
0
0
0
0
0
0
0
0
0
0
0
0
0
0
0
0
0
0
0
0
0
0
0
0
0
0
0
0
0
0
0
0
0
0
0
0
0
0
0
0
0
0
0
0
0
0
0
0
0
0
0
0
0
0
0
0
0
0
0
0
0
0
0
0
0
0
0
0
0
0
0
0
0
0
0
0
0
0
0
0
0
0
0
0
0
0
0
0
0
0
0
0
0
0
0
0
0
0
0
0
0
0
0
0
0
0
0
0
0
0
0
0
0
0
0
0
0
0
0
0
0
0
0
0
0
0
0
0
0
0
0
0
0
0
0
0
0
0
0
0
0
0
0
0
0
0
0
0
0
0
0
0
0
0
0
0
0
0
0
0
0
0
0
0
0
0
0
0
0
0
0
0
0
0
0
0
0
0
0
0
0
0
0
0
0
0
0
0
0
0
0
0
0
0
0
0
0
0
0
0
0
0
0
0
0
0
0
0
0
0
0
0
0
0
0
0
0
0
0
0
0
0
0
0
0
0
0
0
0
0
0
0
0
0
0
0
0
0
0
0
0
0
0
0
0
0
0
0
0
0
0
0
0
0
0
0
0
0
0
0
0
0
0
0
0
0
0
0
0
0
0
0
0
0
0
0
0
0
0
0
0
0
0
0
0
0
0
0
0
0
0
0
0
0
0
0
0
0
0
0
0
0
0
0
0
0
0
0
0
0
0
0
0
0
0
0
0
0
0
0
0
0
0
0
0
0
0
0
0
0
0
0
0
0
0
0
0
0
0
0
0
0
0
0
0
0
0
0
0
0
0
0
0
0
0
0
0
0
0
0
0
0
0
0
0
0
0
0
0
0
0
0
0
0
0
0
0
0
0
0
0
0
0
0
0
0
0
0
0
0
0
0
0
0
0
0
0
0
0
0
0
0
0
0
0
0
0
0
0
0
0
0
0
0
0
0
0
0
0
0
0
0
0
0
0
0
0
0
0
0
0
0
0
0
0
0
0
0
0
0
0
0
0
0
0
0
0
0
0
0
0
0
0
0
0
0
0
0
0
0
0
0
0
0
0
0
0
0
0
0
0
0
0
0
0
0
0
0
0
0
0
0
0
0
0
0
0
0
0
0
0
0
0
0
0
0
0
0
0
0
0
0
0
0
0
0
0
0
0
0
0
0
0
0
0
0
0
0
0
0
0
0
0
0
0
0
0
0
0
0
0
0
0
0
0
0
0
0
0
0
0
0
0
0
0
0
0
0
0
0
0
0
0
0
0
0
0
0
0
0
0
0
0
0
0
0
0
0
0
0
0
0
0
0
0
0
0
0
0
0
0
0
0
0
0
0
0
0
0
0
0
0
0
0
0
0
0
0
0
0
0
0
0
0
0
0
0
0
0
0
0
0
0
0
0
0
0
0
0
0
0
0
0
0
0
0
0
0
0
0
0
0
0
0
0
0
0
0
0
0
0
0
0
0
0
0
0
0
0
0
0
0
0
0
0
0
0
0
0
0
0
0
0
0
0
0
0
0
0
0
0
0
0
0
0
0
0
0
0
0
0
0
0
0
0
0
0
0
0
0
0
0
0
0
0
0
0
0
0
0
0
0
0
0
0
0
0
0
0
0
0
0
0
0
0
0
0
0
0
0
0
0
0
0
0
0
0
0
0
0
0
0
0
0
0
0
0
0
0
0
0
0
0
0
0
0
0
0
0
0
0
0
0
0
0
0
0
0
0
0
0
0
0
0
0
0
0
0
0
0
0
0
0
0
0
0
0
0
0
0
0
0
0
0
0
0
0
0
0
0
0
0
0
0
0
0
0
0
0
0
0
0
0
0
0
0
0
0
0
0
0
0
0
0
0
0
0
0
0
0
0
0
0
0
0
0
0
0
0
0
0
0
0
0
0
0
0
0
0
0
0
0
0
0
0
0
0
0
0
0
0
0
0
0
0
0
0
0
0
0
0
0
0
0
0
0
0
0
0
0
0
0
0
0
0
0
0
0
0
0
0
0
0
0
0
0
0
0
0
0
0
0
0
0
0
0
0
0
0
0
0
0
0
0
0
0
0
0
0
0
0
0
0
0
0
0
0
0
0
0
0
0
0
0
0
0
0
0
0
0
0
0
0
0
0
0
0
0
0
0
0
0
0
0
0
0
0
0
0
0
0
0
0
0
0
0
0
0
0
0
0
0
0
0
0
0
0
0
0
0
0
0
0
0
0
0
0
0
0
0
0
0
0
0
0
0
0
0
0
0
0
0
0
0
0
0
0
0
0
0
0
0
0
0
0
0
0
0
0
0
0
0
0
0
0
0
0
0
0
0
0
0
0
0
0
0
0
0
0
0
0
0
0
0
0
0
0
0
0
0
0
0
0
0
0
0
0
0
0
0
0
0
0
0
0
0
0
0
0
0
0
0
0
0
0
0
0
0
0
0
0
0
0
0
0
0
0
0
0
0
0
0
0
0
0
0
0
0
0
0
0
0
0
0
0
0
0
0
0
0
0
0
0
0
0
0
0
0
0
0
0
0
0
0
0
0
0
0
0
0
0
0
0
0
0
0
0
0
0
0
0
0
0
0
0
0
0
0
0
0
0
0
0
0
0
0
0
0
0
0
0
0
0
0
0
0
0
0
0
0
0
0
0
0
0
0
0
0
0
0
0
0
0
0
0
0
0
0
0
0
0
0
0
0
0
0
0
0
0
0
0
0
0
0
0
0
0
0
0
0
0
0
0
0
0
0
0
0
0
0
0
0
0
0
0
0
0
0
0
0
0
0
0
0
0
0
0
0
0
0
0
0
0
0
0
0
0
0
0
0
0
0
0
0
0
0
0
0
0
0
0
0
0
0
0
0
0
0
0
0
0
0
0
0
0
0
0
0
0
0
0
0
0
0
0
0
0
0
0
0
0
0
0
0
0
0
0
0
0
0
0
0
0
0
0
0
0
0
0
0
0
0
0
0
0
0
0
0
0
0
0
0
0
0
0
0
0
0
0
0
0
0
0
0
0
0
0
0
0
0
0
0
0
0
0
0
0
0
0
0
0
0
0
0
0
0
0
0
0
0
0
0
0
0
0
0
0
0
0
0
0
0
0
0
0
0
0
0
0
0
0
0
0
0
0
0
0
0
0
0
0
0
0
0
0
0
0
0
0
0
0
0
0
0
0
0
0
0
0
0
0
0
0
0
0
0
0
0
0
0
0
0
0
0
0
0
0
0
0
0
0
0
0
0
0
0
0
0
0
0
0
0
0
0
0
0
0
0
0
0
0
0
0
0
0
0
0
0
0
0
0
0
0
0
0
0
0
0
0
0
0
0
0
0
0
0
0
0
0
0
0
0
0
0
0
0
0
0
0
0
0
0
0
0
0
0
0
0
0
0
0
0
0
0
0
0
0
0
0
0
0
0
0
0
0
0
0
0
0
0
0
0
0
0
0
0
0
0
0
0
0
0
0
0
0
0
0
0
0
0
0
0
0
0
0
0
0
0
0
0
0
0
0
0
0
0
0
0
0
0
0
0
0
0
0
0
0
0
0
0
0
0
0
0
0
0
0
0
0
0
0
0
0
0
0
0
0
0
0
0
0
0
0
0
0
0
0
0
0
0
0
0
0
0
0
0
0
0
0
0
0
0
0
0
0
0
0
0
0
0
0
0
0
0
0
0
0
0
0
0
0
0
0
0
0
0
0
0
0
0
0
0
0
0
0
0
0
0
0
0
0
0
0
0
0
0
0
0
0
0
0
0
0
0
0
0
0
0
0
0
0
0
0
0
0
0
0
0
0
0
0
0
0
0
0
0
0
0
0
0
0
0
0
0
0
0
0
0
0
0
0
0
0
0
0
0
0
0
0
0
0
0
0
0
0
0
0
0
0
0
0
0
0
0
0
0
0
0
0
0
0
0
0
0
0
0
0
0
0
0
0
0
0
0
0
0
0
0
0
0
0
0
0
0
0
0
0
0
0
0
0
0
0
0
0
0
0
0
0
0
0
0
0
0
0
0
0
0
0
0
0
0
0
0
0
0
0
0
0
0
0
0
0
0
0
0
0
0
0
0
0
0
0
0
0
0
0
0
0
0
0
0
0
0
0
0
0
0
0
0
0
0
0
0
0
0
0
0
0
0
0
0
0
0
0
0
0
0
0
0
0
0
0
0
0
0
0
0
0
0
0
0
0
0
0
0
0
0
0
0
0
0
0
0
0
0
0
0
0
0
0
0
0
0
0
0
0
0
0
0
0
0
0
0
0
0
0
0
0
0
0
0
0
0
0
0
0
0
0
0
0
0
0
0
0
0
0
0
0
0
0
0
0
0
0
0
0
0
0
0
0
0
0
0
0
0
0
0
0
0
0
0
0
0
0
0
0
0
0
0
0
0
0
0
0
0
0
0
0
0
0
0
0
0
0
0
0
0
0
0
0
0
0
0
0
0
0
0
0
0
0
0
0
0
0
0
0
0
0
0
0
0
0
0
0
0
0
0
0
0
0
0
0
0
0
0
0
0
0
0
0
0
0
0
0
0
0
0
0
0
0
0
0
0
0
0
0
0
0
0
0
0
0
0
0
0
0
0
0
0
0
0
0
0
0
0
0
0
0
0
0
0
0
0
0
0
0
0
0
0
0
0
0
0
0
0
0
0
0
0
0
0
0
0
0
0
0
0
0
0
0
0
0
0
0
0
0
0
0
0
0
0
0
0
0
0
0
0
0
0
0
0
0
0
0
0
0
0
0
0
0
0
0
0
0
0
0
0
0
0
0
0
0
0
0
0
0
0
0
0
0
0
0
0
0
0
0
0
0
0
0
0
0
0
0
0
0
0
0
0
0
0
0
0
0
0
0
0
0
0
0
0
0
0
0
0
0
0
0
0
0
0
0
0
0
0
0
0
0
0
0
0
0
0
0
0
0
0
0
0
0
0
0
0
0
0
0
0
0
0
0
0
0
0
0
0
0
0
0
0
0
0
0
0
0
0
0
0
0
0
0
0
0
0
0
0
0
0
0
0
0
0
0
0
0
0
0
0
0
0
0
0
0
0
0
0
0
0
0
0
0
0
0
0
0
0
0
0
0
0
0
0
0
0
0
0
0
0
0
0
0
0
0
0
0
0
0
0
0
0
0
0
0
0
0
0
0
0
0
0
0
0
0
0
0
0
0
0
0
0
0
0
0
0
0
0
0
0
0
0
0
0
0
0
0
0
0
0
0
0
0
0
0
0
0
0
0
0
0
0
0
0
0
0
0
0
0
0
0
0
0
0
0
0
0
0
0
0
0
0
0
0
0
0
0
0
0
0
0
0
0
0
0
0
0
0
0
0
0
0
0
0
0
0
0
0
0
0
0
0
0
0
0
0
0
0
0
0
0
0
0
0
0
0
0
0
0
0
0
0
0
0
0
0
0
0
0
0
0
0
0
0
0
0
0
0
0
0
0
0
0
0
0
0
0
0
0
0
0
0
0
0
0
0
0
0
0
0
0
0
0
0
0
0
0
0
0
0
0
0
0
0
0
0
0
0
0
0
0
0
0
0
0
0
0
0
0
0
0
0
0
0
0
0
0
0
0
0
0
0
0
0
0
0
0
0
0
0
0
0
0
0
0
0
0
0
0
0
0
0
0
0
0
0
0
0
0
0
0
0
0
0
0
0
0
0
0
0
0
0
0
0
0
0
0
0
0
0
0
0
0
0
0
0
0
0
0
0
0
0
0
0
0
0
0
0
0
0
0
0
0
0
0
0
0
0
0
0
0
0
0
0
0
0
0
0
0
0
0
0
0
0
0
0
0
0
0
0
0
0
0
0
0
0
0
0
0
0
0
0
0
0
0
0
0
0
0
0
0
0
0
0
0
0
0
0
0
0
0
0
0
0
0
0
0
0
0
0
0
0
0
0
0
0
0
0
0
0
0
0
0
0
0
0
0
0
0
0
0
0
0
0
0
0
0
0
0
0
0
0
0
0
0
0
0
0
0
0
0
0
0
0
0
0
0
0
0
0
0
0
0
0
0
0
0
0
0
0
0
0
0
0
0
0
0
0
0
0
0
0
0
0
0
0
0
0
0
0
0
0
0
0
0
0
0
0
0
0
0
0
0
0
0
0
0
0
0
0
0
0
0
0
0
0
0
0
0
0
0
0
0
0
0
0
0
0
0
0
0
0
0
0
0
0
0
0
0
0
0
0
0
0
0
0
0
0
0
0
0
0
0
0
0
0
0
0
0
0
0
0
0
0
0
0
0
0
0
0
0
0
0
0
0
0
0
0
0
0
0
0
0
0
0
0
0
0
0
0
0
0
0
0
0
0
0
0
0
0
0
0
0
0
0
0
0
0
0
0
0
0
0
0
0
0
0
0
0
0
0
0
0
0
0
0
0
0
0
0
0
0
0
0
0
0
0
0
0
0
0
0
0
0
0
0
0
0
0
0
0
0
0
0
0
0
0
0
0
0
0
0
0
0
0
0
0
0
0
0
0
0
0
0
0
0
0
0
0
0
0
0
0
0
0
0
0
0
0
0
0
0
0
0
0
0
0
0
0
0
0
0
0
0
0
0
0
0
0
0
0
0
0
0
0
0
0
0
0
0
0
0
0
0
0
0
0
0
0
0
0
0
0
0
0
0
0
0
0
0
0
0
0
0
0
0
0
0
0
0
0
0
0
0
0
0
0
0
0
0
0
0
0
0
0
0
0
0
0
0
0
0
0
0
0
0
0
0
0
0
0
0
0
0
0
0
0
0
0
0
0
0
0
0
0
0
0
0
0
0
0
0
0
0
0
0
0
0
0
0
0
0
0
0
0
0
0
0
0
0
0
0
0
0
0
0
0
0
0
0
0
0
0
0
0
0
0
0
0
0
0
0
0
0
0
0
0
0
0
0
0
0
0
0
0
0
0
0
0
0
0
0
0
0
0
0
0
0
0
0
0
0
0
0
0
0
0
0
0
0
0
0
0
0
0
0
0
0
0
0
0
0
0
0
0
0
0
0
0
0
0
0
0
0
0
0
0
0
0
0
0
0
0
0
0
0
0
0
0
0
0
0
0
0
0
0
0
0
0
0
0
0
0
0
0
0
0
0
0
0
0
0
0
0
0
0
0
0
0
0
0
0
0
0
0
0
0
0
0
0
0
0
0
0
0
0
0
0
0
0
0
0
0
0
0
0
0
0
0
0
0
0
0
0
0
0
0
0
0
0
0
0
0
0
0
0
0
0
0
0
0
0
0
0
0
0
0
0
0
0
0
0
0
0
0
0
0
0
0
0
0
0
0
0
0
0
0
0
0
0
0
0
0
0
0
0
0
0
0
0
0
0
0
0
0
0
0
0
0
0
0
0
0
0
0
0
0
0
0
0
0
0
0
0
0
0
0
0
0
0
0
0
0
0
0
0
0
0
0
0
0
0
0
0
0
0
0
0
0
0
0
0
0
0
0
0
0
0
0
0
0
0
0
0
0
0
0
0
0
0
0
0
0
0
0
0
0
0
0
0
0
0
0
0
0
0
0
0
0
0
0
0
0
0
0
0
0
0
0
0
0
0
0
0
0
0
0
0
0
0
0
0
0
0
0
0
0
0
0
0
0
0
0
0
0
0
0
0
0
0
0
0
0
0
0
0
0
0
0
0
0
0
0
0
0
0
0
0
0
0
0
0
0
0
0
0
0
0
0
0
0
0
0
0
0
0
0
0
0
0
0
0
0
0
0
2.00671e-06
2.03745e-05
0.000209783
0.000216134
0.000117536
0.000293784
0.00208455
0.00873285
0.0226592
0.0343179
0.040955
0.0533445
0.105141
0.256373
0.685081
1.68154
3.20083
4.49037
5.37994
6.59347
8.30083
8.41148
8.22858
8.72659
9.72406
10.5937
11.0442
11.1165
10.7449
10.6718
10.5909
10.8821
11.5081
11.5604
10.0205
8.74808
8.78589
9.0823
8.55468
5.18395
1.93743
0.693322
0.17627
0.00738557
0.000578894
0.000281859
0.00011461
3.62636e-05
2.77574e-06
0
0
0
0
0
0
0
0
0
0
1.78211e-06
0
0
0
0
1.3115e-05
0.000166018
0.000895493
0.00164585
0.00206469
0.00559343
0.00856327
0.0172186
0.0375346
0.0590784
0.061909
0.0516919
0.0911611
0.190208
0.418367
1.05096
2.50356
3.55747
4.04952
5.72841
7.55254
8.43348
8.20696
8.30988
9.22629
10.4799
11.1278
11.1275
10.8486
10.905
10.818
10.9093
11.6597
11.6665
9.6498
8.24234
8.38862
8.58757
7.93459
5.43085
2.71271
1.15686
0.484677
0.153114
0.0275412
0.00211855
0.000103826
1.75408e-05
1.68824e-05
1.64787e-06
0
0
0
0
0
0
0
0
0
2.76756e-06
0
0
0
0
7.50502e-06
6.18004e-05
0.000607422
0.000822903
0.00219394
0.0012952
0.00444182
0.0159968
0.0131423
0.0202484
0.0309385
0.000548357
0.00266518
0.0196781
0.0865899
0.254858
0.870177
1.21913
0.555853
2.28949
3.23044
3.94955
6.50631
4.04199
6.89076
8.18887
9.51577
9.74862
10.0738
10.0237
10.3564
10.5305
10.5619
7.63351
4.70786
3.10741
3.77082
3.95557
2.31448
0.915614
1.43358
0.800328
0.133772
0.0351243
0.00649527
0.00169391
2.01936e-06
2.88321e-05
5.66032e-06
0
0
0
0
0
0
0
2.4545e-06
3.54482e-06
2.80599e-06
3.93641e-05
0
0
0
0
0
4.23172e-06
5.94541e-05
0.000203683
0.00240145
0.000370233
0.000281772
0.00349741
0.000320874
0.00147241
0.00652618
1.01695e-05
1.85896e-05
0.00098179
0.00640231
0.0155077
0.0932026
0.225925
0.00908496
0.267344
0.239368
0.38014
1.81786
1.06782
3.04223
3.42867
3.76649
3.97906
3.72572
3.98451
5.48223
5.2456
3.31324
1.37235
0.85878
0.464279
0.690053
0.199015
0.131584
0.128527
0.0311924
0.0565935
0.0668311
0.00208039
1.94112e-05
1.1099e-05
0
0
0
0
0
0
0
0
0
0
0
0
0
0
0
0
0
0
0
0
0
0
0
0
0
0
0
0
0
0
0
0
0
0
0
0
0
0
0
0
1.28442e-05
0.0198787
0.329328
1.02717
1.52908
1.68645
1.46733
1.33235
1.33206
0.775102
0.356027
0.107118
0.0327681
0.0127956
0.00534292
0.00320943
0.00136169
0.000168786
4.11051e-06
0
0
0
0
0
0
0
0
0
0
0
0
0
0
0
0
0
0
0
0
0
0
0
0
0
0
0
0
0
0
0
0
0
0
0
0
0
0
0
0
0
0
0
0
0
0
4.26988e-05
0.00896661
0.122851
0.189804
0.254057
0.151339
0.0613948
0.0303421
0.00611194
0.00260782
0.000333077
2.22596e-05
3.53601e-06
0
0
0
0
0
0
0
0
0
0
0
0
0
0
0
0
0
0
0
0
0
0
0
0
0
0
0
0
0
0
0
0
0
0
0
0
0
0
0
0
0
0
0
0
0
0
0
0
0
0
0
0
0
0
0
0
0
0
0
0
0
0
0
0
0
0
0
0
0
0
0
0
0
0
0
0
0
0
0
0
0
0
0
0
0
0
0
0
0
0
0
0
0
0
0
0
0
0
0
0
0
0
0
0
0
0
0
0
0
0
0
0
0
0
0
0
0
0
0
0
0
0
0
0
0
0
0
0
0
0
0
0
0
0
0
0
0
0
0
0
0
0
0
0
0
0
0
0
0
0
0
0
0
0
0
0
0
0
0
0
0
0
0
0
0
0
0
0
0
0
0
0
0
0
0
0
0
0
0
0
0
0
0
0
0
0
0
0
0
0
0
0
0
0
0
0
0
0
0
0
0
0
0
0
0
0
0
0
0
0
0
0
0
0
0
0
0
0
0
0
0
0
0
0
0
0
0
0
0
0
0
0
0
0
0
0
0
0
0
0
0
0
0
0
0
0
0
0
0
0
0
0
0
0
0
0
0
0
0
0
0
0
0
0
0
0
0
0
0
0
0
0
0
0
0
0
0
0
0
0
0
0
0
0
0
0
0
0
0
0
0
0
0
0
0
0
0
0
0
0
0
0
0
0
0
0
0
0
0
0
0
0
0
0
0
0
0
0
0
0
0
0
0
0
0
0
0
0
0
0
0
0
0
0
0
0
0
0
0
0
0
0
0
0
0
0
0
0
0
0
0
0
0
0
0
0
0
0
0
0
0
0
0
0
0
0
0
0
0
0
0
0
0
0
0
0
0
0
0
0
0
0
0
0
0
0
0
0
0
0
0
0
0
0
0
0
0
0
0
0
0
0
0
0
0
0
0
0
0
0
0
0
0
0
0
0
0
0
0
0
0
0
0
0
0
0
0
0
0
0
0
0
0
0
0
0
0
0
0
0
0
0
0
0
0
0
0
0
0
0
0
0
0
0
0
0
0
0
0
0
0
0
0
0
0
0
0
0
0
0
0
0
0
0
0
0
0
0
0
0
0
0
0
0
0
0
0
0
0
0
0
0
0
0
0
0
0
0
0
0
0
0
0
0
0
0
0
0
0
0
0
0
0
0
0
0
0
0
0
0
0
0
0
0
0
0
0
0
0
0
0
0
0
0
0
0
0
0
0
0
0
0
0
0
0
0
0
0
0
0
0
0
0
0
0
0
0
0
0
0
0
0
0
0
0
0
0
0
0
0
0
0
0
0
0
0
0
0
0
0
0
0
0
0
0
0
0
0
0
0
0
0
0
0
0
0
0
0
0
0
0
0
0
0
0
0
0
0
0
0
0
0
0
0
0
0
0
0
0
0
0
0
0
0
0
0
0
0
0
0
0
0
0
0
0
0
0
0
0
0
0
0
0
0
0
0
0
0
0
0
0
0
0
0
0
0
0
0
0
0
0
0
0
0
0
0
0
0
0
0
0
0
0
0
0
0
0
0
0
0
0
0
0
0
0
0
0
0
0
0
0
0
0
0
0
0
0
0
0
0
0
0
0
0
0
0
0
0
0
0
0
0
0
0
0
0
0
0
0
0
0
0
0
0
0
0
0
0
0
0
0
0
0
0
0
0
0
0
0
0
0
0
0
0
0
0
0
0
0
0
0
0
0
0
0
0
0
0
0
0
0
0
0
0
0
0
0
0
0
0
0
0
0
0
0
0
0
0
0
0
0
0
0
0
0
0
0
0
0
0
0
0
0
0
0
0
0
0
0
0
0
0
0
0
0
0
0
0
0
0
0
0
0
0
0
0
0
0
0
0
0
0
0
0
0
0
0
0
0
0
0
0
0
0
0
0
0
0
0
0
0
0
0
0
0
0
0
0
0
0
0
0
0
0
0
0
0
0
0
0
0
0
0
0
0
0
0
0
0
0
0
0
0
0
0
0
0
0
0
0
0
0
0
0
0
0
0
0
0
0
0
0
0
0
0
0
0
0
0
0
0
0
0
0
0
0
0
0
0
0
0
0
0
0
0
0
0
0
0
0
0
0
0
0
0
0
0
0
0
0
0
0
0
0
0
0
0
0
0
0
0
0
0
0
0
0
0
0
0
0
0
0
0
0
0
0
0
0
0
0
0
0
0
0
0
0
0
0
0
0
0
0
0
0
0
0
0
0
0
0
0
0
0
0
0
0
0
0
0
0
0
0
0
0
0
0
0
0
0
0
0
0
0
0
0
0
0
0
0
0
0
0
0
0
0
0
0
0
0
0
0
0
0
0
0
0
0
0
0
0
0
0
0
0
0
0
0
0
0
0
0
0
0
0
0
0
0
0
0
0
0
0
0
0
0
0
0
0
0
0
0
0
0
0
0
0
0
0
0
0
0
0
0
0
0
0
0
0
0
0
0
0
0
0
0
0
0
0
0
0
0
0
0
0
0
0
0
0
0
0
0
0
0
0
0
0
0
0
0
0
0
0
0
0
0
0
0
0
0
0
0
0
0
0
0
0
0
0
0
0
0
0
0
0
0
0
0
0
0
0
0
0
0
0
0
0
0
0
0
0
0
0
0
0
0
0
0
0
0
0
0
0
0
0
0
0
0
0
0
0
0
0
0
0
0
0
0
0
0
0
0
0
0
0
0
0
0
0
0
0
0
0
0
0
0
0
0
0
0
0
0
0
0
0
0
0
0
0
0
0
0
0
0
0
0
0
0
0
0
0
0
0
0
0
0
0
0
0
0
0
0
0
0
0
0
0
0
0
0
0
0
0
0
0
0
0
0
0
0
0
0
0
0
0
0
0
0
0
0
0
0
0
0
0
0
0
0
0
0
0
0
0
0
0
0
0
0
0
0
0
0
0
0
0
0
0
0
0
0
0
0
0
0
0
0
0
0
0
0
0
0
0
0
0
0
0
0
0
0
0
0
0
0
0
0
0
0
0
0
0
0
0
0
0
0
0
0
0
0
0
0
0
0
0
0
0
0
0
0
0
0
0
0
0
0
0
0
0
0
0
0
0
0
0
0
0
0
0
0
0
0
0
0
0
0
0
0
0
0
0
0
0
0
0
0
0
0
0
0
0
0
0
0
0
0
0
0
0
0
0
0
0
0
0
0
0
0
0
0
0
0
0
0
0
0
0
0
0
0
0
0
0
0
0
0
0
0
0
0
0
0
0
0
0
0
0
0
0
0
0
0
0
0
0
0
0
0
0
0
0
0
0
0
0
0
0
0
0
0
0
0
0
0
0
0
0
0
0
0
0
0
0
0
0
0
0
0
0
0
0
0
0
0
0
0
0
0
0
0
0
0
0
0
0
0
0
0
0
0
0
0
0
0
0
0
0
0
0
0
0
0
0
0
0
0
0
0
0
0
0
0
0
0
0
0
0
0
0
0
0
0
0
0
0
0
0
0
0
0
0
0
0
0
0
0
0
0
0
0
0
0
0
0
0
0
0
0
0
0
0
0
0
0
0
0
0
0
0
0
0
0
0
0
0
0
0
0
0
0
0
0
0
0
0
0
0
0
0
0
0
0
0
0
0
0
0
0
0
0
0
0
0
0
0
0
0
0
0
0
0
0
0
0
0
0
0
0
0
0
0
0
0
0
0
0
0
0
0
0
0
0
0
0
0
0
0
0
0
0
0
0
0
0
0
0
0
0
0
0
0
0
0
0
0
0
0
0
0
0
0
0
0
0
0
0
0
0
0
0
0
0
0
0
0
0
0
0
0
0
0
0
0
0
0
0
0
0
0
0
0
0
0
0
0
0
0
0
0
0
0
0
0
0
0
0
0
0
0
0
0
0
0
0
0
0
0
0
0
0
0
0
0
0
0
0
0
0
0
0
0
0
0
0
0
0
0
0
0
0
0
0
0
0
0
0
0
0
0
0
0
0
0
0
0
0
0
0
0
0
0
0
0
0
0
0
0
0
0
0
0
0
0
0
0
0
0
0
0
0
0
0
0
0
0
0
0
0
0
0
0
0
0
0
0
0
0
0
0
0
0
0
0
0
0
0
0
0
0
0
0
0
0
0
0
0
0
0
0
0
0
0
0
0
0
0
0
0
0
0
0
0
0
0
0
0
0
0
0
0
0
0
0
0
0
0
0
0
0
0
0
0
0
0
0
0
0
0
0
0
0
0
0
0
0
0
0
0
0
0
0
0
0
0
0
0
0
0
0
0
0
0
0
0
0
0
0
0
0
0
0
0
0
0
0
0
0
0
0
0
0
0
0
0
0
0
0
0
0
0
0
0
0
0
0
0
0
0
0
0
0
0
0
0
0
0
0
0
0
0
0
0
0
0
0
0
0
0
0
0
0
0
0
0
0
0
0
0
0
0
0
0
0
0
0
0
0
0
0
0
0
0
0
0
0
0
0
0
0
0
0
0
0
0
0
0
0
0
0
0
0
0
0
0
0
0
0
0
0
0
0
0
0
0
0
0
0
0
0
0
0
0
0
0
0
0
0
0
0
0
0
0
0
0
0
0
0
0
0
0
0
0
0
0
0
0
0
0
0
0
0
0
0
0
0
0
0
0
0
0
0
0
0
0
0
0
0
0
0
0
0
0
0
0
0
0
0
0
0
0
0
0
0
0
0
0
0
0
0
0
0
0
0
0
0
0
0
0
0
0
0
0
0
0
0
0
0
0
0
0
0
0
0
0
0
0
0
0
0
0
0
0
0
0
0
0
0
0
0
0
0
0
0
0
0
0
0
0
0
0
0
0
0
0
0
0
0
0
0
0
0
0
0
0
0
0
0
0
0
0
0
0
0
0
0
0
0
0
0
0
0
0
0
0
0
0
0
0
0
0
0
0
0
0
0
0
0
0
0
0
0
0
0
0
0
0
0
0
0
0
0
0
0
0
0
0
0
0
0
0
0
0
0
0
0
0
0
0
0
0
0
0
0
0
0
0
0
0
0
0
0
0
0
0
0
0
0
0
0
0
0
0
0
0
0
0
0
0
0
0
0
0
0
0
0
0
0
0
0
0
0
0
0
0
0
0
0
0
0
0
0
0
0
0
0
0
0
0
0
0
0
0
0
0
0
0
0
0
0
0
0
0
0
0
0
0
0
0
0
0
0
0
0
0
0
0
0
0
0
0
0
0
0
0
0
0
0
0
0
0
0
0
0
0
0
0
0
0
0
0
0
0
0
0
0
0
0
0
0
0
0
0
0
0
0
0
0
0
0
0
0
0
0
0
0
0
0
0
0
0
0
0
0
0
0
0
0
0
0
0
0
0
0
0
0
0
0
0
0
0
0
0
0
0
0
0
0
0
0
0
0
0
0
0
0
0
0
0
0
0
0
0
0
0
0
0
0
0
0
0
0
0
0
0
0
0
0
0
0
0
0
0
0
0
0
0
0
0
0
0
0
0
0
0
0
0
0
0
0
0
0
0
0
0
0
0
0
0
0
0
0
0
0
0
0
0
0
0
0
0
0
0
0
0
0
0
0
0
0
0
0
0
0
0
0
0
0
0
0
0
0
0
0
0
0
0
0
0
0
0
0
0
0
0
0
0
0
0
0
0
0
0
0
0
0
0
0
0
0
0
0
0
0
0
0
0
0
0
0
0
0
0
0
0
0
0
0
0
0
0
0
0
0
0
0
0
0
0
0
0
0
0
0
0
0
0
0
0
0
0
0
0
0
0
0
0
0
0
0
0
0
0
0
0
0
0
0
0
0
0
0
0
0
0
0
0
0
0
0
0
0
0
0
0
0
0
0
0
0
0
0
0
0
0
0
0
0
0
0
0
0
0
0
0
0
0
0
0
0
0
0
0
0
0
0
0
0
0
0
0
0
0
0
0
0
0
0
0
0
0
0
0
0
0
0
0
0
0
0
0
0
0
0
0
0
0
0
0
0
0
0
0
0
0
0
0
0
0
0
0
0
0
0
0
0
0
0
0
0
0
0
0
0
0
0
0
0
0
0
0
0
0
0
0
0
0
0
0
0
0
0
0
0
0
0
0
0
0
0
0
0
0
0
0
0
0
0
0
0
0
0
0
0
0
0
0
0
0
0
0
0
0
0
0
0
0
0
0
0
0
0
0
0
0
0
0
0
0
0
0
0
0
0
0
0
0
0
0
0
0
0
0
0
0
0
0
0
0
0
0
0
0
0
0
0
0
0
0
0
0
0
0
0
0
0
0
0
0
0
0
0
0
0
0
0
0
0
0
0
0
0
0
0
0
0
0
0
0
0
0
0
0
0
0
0
0
0
0
0
0
0
0
0
0
0
0
0
0
0
0
0
0
0
0
0
0
0
0
0
0
0
0
0
0
0
0
0
0
0
0
0
0
0
0
0
0
0
0
0
0
0
0
0
0
0
0
0
0
0
0
0
0
0
0
0
0
0
0
0
0
0
0
0
0
0
0
0
0
0
0
0
0
0
0
0
0
0
0
0
0
0
0
0
0
0
0
0
0
0
0
0
0
0
0
0
0
0
0
0
0
0
0
0
0
0
0
0
0
0
0
0
0
0
0
0
0
0
0
0
0
0
0
0
0
0
0
0
0
0
0
0
0
0
0
0
0
0
0
0
0
0
0
0
0
0
0
0
0
0
0
0
0
0
0
0
0
0
0
0
0
0
0
0
0
0
0
0
0
0
0
0
0
0
0
0
0
0
0
0
0
0
0
0
0
0
0
0
0
0
0
0
0
0
0
0
0
0
0
0
0
0
0
0
0
0
0
0
0
0
0
0
0
0
0
0
0
0
0
0
0
0
0
0
0
0
0
0
0
0
0
0
0
0
0
0
0
0
0
0
0
0
0
0
0
0
0
0
0
0
0
0
0
0
0
0
0
0
0
0
0
0
0
0
0
0
0
0
0
0
0
0
0
0
0
0
0
0
0
0
0
0
0
0
0
0
0
0
0
0
0
0
0
0
0
0
0
0
0
0
0
0
0
0
0
0
0
0
0
0
0
0
0
0
0
0
0
0
0
0
0
0
0
0
0
0
0
0
0
0
0
0
0
0
0
0
0
0
0
0
0
0
0
0
0
0
0
0
0
0
0
0
0
0
0
0
0
0
0
0
0
0
0
0
0
0
0
0
0
0
0
0
0
0
0
0
0
0
0
0
0
0
0
0
0
0
0
0
0
0
0
0
0
0
0
0
0
0
0
0
0
0
0
0
0
0
0
0
0
0
0
0
0
0
0
0
0
0
0
0
0
0
0
0
0
0
0
0
0
0
0
0
0
0
0
0
0
0
0
0
0
0
0
0
0
0
0
0
0
0
0
0
0
0
0
0
0
0
0
0
0
0
0
0
0
0
0
0
0
0
0
0
0
0
0
0
0
0
0
0
0
0
0
0
0
0
0
0
0
0
0
0
0
0
0
0
0
0
0
0
0
0
0
0
0
0
0
0
0
0
0
0
0
0
0
0
0
0
0
0
0
0
0
0
0
0
0
0
0
0
0
0
0
0
0
0
0
0
0
0
0
0
0
0
0
0
0
0
0
0
0
0
0
0
0
0
0
0
0
0
0
0
0
0
0
0
0
0
0
0
0
0
0
0
0
0
0
0
0
0
0
0
0
0
0
0
0
0
0
0
0
0
0
0
0
0
0
0
0
0
0
0
0
0
0
0
0
0
0
0
0
0
0
0
0
0
0
0
0
0
0
0
0
0
0
0
0
0
0
0
0
0
0
0
0
0
0
0
0
0
0
0
0
0
0
0
0
0
0
0
0
0
0
0
0
0
0
0
0
0
0
0
0
0
0
0
0
0
0
0
0
0
0
0
0
0
0
0
0
0
0
0
0
0
0
0
0
0
0
0
0
0
0
0
0
0
0
0
0
0
0
0
0
0
0
0
0
0
0
0
0
0
0
0
0
0
0
0
0
0
0
0
0
0
0
0
0
0
0
0
0
0
0
0
0
0
0
0
0
0
0
0
0
0
0
0
0
0
0
0
0
0
0
0
0
0
0
0
0
0
0
0
0
0
0
0
0
0
0
0
0
0
0
0
0
0
0
0
0
0
0
0
0
0
0
0
0
0
0
0
0
0
0
0
0
0
0
0
0
0
0
0
0
0
0
0
0
0
0
0
0
0
0
0
0
0
0
0
0
0
0
0
0
0
0
0
0
0
0
0
0
0
0
0
0
0
0
0
0
0
0
0
0
0
0
0
0
0
0
0
0
0
0
0
0
0
0
0
0
0
0
0
0
0
0
0
0
0
0
0
0
0
0
0
0
0
0
0
0
0
0
0
0
0
0
0
0
0
0
0
0
0
0
0
0
0
0
0
0
0
0
0
0
0
0
0
0
0
0
0
0
0
0
0
0
0
0
0
0
0
0
0
0
0
0
0
0
0
0
0
0
0
0
0
0
0
0
0
0
0
0
0
0
0
0
0
0
0
0
0
0
0
0
0
0
0
0
0
0
0
0
0
0
6.685e-06
3.84692e-05
4.49118e-05
4.0355e-05
0.000111112
0.000903587
0.00306972
0.0057761
0.00600388
0.00358804
0.00409076
0.0169634
0.065128
0.238554
1.16758
3.08377
5.19195
6.36193
7.56621
8.49578
8.38161
8.41487
8.86417
9.8051
10.6465
10.8489
10.8096
10.3185
9.80907
9.81139
10.1263
10.9256
10.2726
9.07331
8.92145
9.05183
8.67024
8.23634
6.04366
2.04649
0.164251
0.0242715
0.000203081
6.54601e-06
1.00916e-05
4.54496e-06
1.20355e-06
0
0
0
0
0
0
0
0
0
0
5.9822e-06
5.96173e-05
0
0
0
0
2.27996e-06
3.18772e-05
0.000183362
0.000377026
0.000840138
0.00234534
0.00270624
0.00595607
0.011026
0.012681
0.00724688
0.00723749
0.0213043
0.0766238
0.259612
0.975559
2.7937
4.71523
4.9952
6.84605
8.10584
8.4871
8.36906
8.32376
8.80796
10.0847
10.9664
10.7534
10.3101
9.919
9.86024
10.1924
10.9918
11.082
9.48425
8.77465
8.92215
8.14328
7.12922
4.47108
1.60174
0.42866
0.177331
0.0280395
0.00341783
0.000235638
9.78752e-06
1.67799e-06
0
0
0
0
0
0
0
0
3.71285e-06
9.62712e-06
1.25454e-05
0.000130951
0
0
0
0
0
2.61848e-05
0.00010142
0.000271806
0.000523045
0.000293135
0.00279853
0.00272639
0.0112213
0.00829444
0.00191616
0.00590592
0.0136731
0.00440351
0.105067
0.44554
2.16236
3.67049
0.226029
4.13739
7.42716
5.92068
7.68677
2.91052
8.09298
6.55857
10.4375
10.4272
10.4035
10.0577
9.95039
10.3223
10.5557
11.2575
9.45115
8.31823
8.58067
3.94035
6.30597
2.33269
1.83052
0.413263
0.0296267
0.0428429
0.00297423
4.51497e-05
2.28289e-06
1.37814e-06
0
0
0
0
0
0
2.50346e-06
1.8271e-06
1.08217e-05
1.69101e-05
6.25296e-05
0.000763637
0
0
0
0
0
0
1.03711e-05
6.68222e-05
0.00021555
3.29373e-05
0.000990433
0.000174313
0.00264823
0.00062779
5.88427e-05
0.000239429
0.000230961
6.73274e-05
0.0151523
0.0365024
0.463363
1.01308
0
1.29273
1.88191
1.19915
3.05924
0.58018
4.13371
4.7244
7.18294
8.20955
9.16503
9.22471
7.78764
7.6386
2.60896
7.27467
5.51527
4.70071
4.98381
0.517315
3.03167
0.731548
0.589923
0.234044
0.00171432
0.00165174
0.000691862
0
0
0
0
0
0
0
0
0
0
3.10833e-05
1.94377e-06
6.2519e-05
4.17575e-05
0
0
0
0
0
0
0
0
0
0
0
0
0
0
0
0
0
0
0
0
0
0
0
0
0
0
0
1.02138e-06
1.71253e-05
0.00859522
0.322833
1.1895
1.67988
1.55082
1.43173
0.823594
0.386887
0.141879
0.0799085
0.0305262
0.00830427
0.00210885
0.000677316
0.000185306
1.27547e-05
0
0
0
0
0
0
0
0
0
0
0
0
0
0
0
0
0
0
0
0
0
0
0
0
0
0
0
0
0
0
0
0
0
0
0
0
0
0
0
0
0
0
0
0
0
0
0
0
0.000350653
0.016696
0.186393
0.238293
0.132435
0.0612468
0.0216753
0.00502149
0.000893846
7.70736e-05
0
0
0
0
0
0
0
0
0
0
0
0
0
0
0
0
0
0
0
0
0
0
0
0
0
0
0
0
0
0
0
0
0
0
0
0
0
0
0
0
0
0
0
0
0
0
0
0
0
0
0
0
0
0
0
3.37399e-05
0.0110529
0.0113424
0.00036793
0.000335907
4.42486e-05
0
0
0
0
0
0
0
0
0
0
0
0
0
0
0
0
0
0
0
0
0
0
0
0
0
0
0
0
0
0
0
0
0
0
0
0
0
0
0
0
0
0
0
0
0
0
0
0
0
0
0
0
0
0
0
0
0
0
0
0
0
0
0
0
0
0
0
0
0
0
0
0
0
0
0
0
0
0
0
0
0
0
0
0
0
0
0
0
0
0
0
0
0
0
0
0
0
0
0
0
0
0
0
0
0
0
0
0
0
0
0
0
0
0
0
0
0
0
0
0
0
0
0
0
0
0
0
0
0
0
0
0
0
0
0
0
0
0
0
0
0
0
0
0
0
0
0
0
0
0
0
0
0
0
0
0
0
0
0
0
0
0
0
0
0
0
0
0
0
0
0
0
0
0
0
0
0
0
0
0
0
0
0
0
0
0
0
0
0
0
0
0
0
0
0
0
0
0
0
0
0
0
0
0
0
0
0
0
0
0
0
0
0
0
0
0
0
0
0
0
0
0
0
0
0
0
0
0
0
0
0
0
0
0
0
0
0
0
0
0
0
0
0
0
0
0
0
0
0
0
0
0
0
0
0
0
0
0
0
0
0
0
0
0
0
0
0
0
0
0
0
0
0
0
0
0
0
0
0
0
0
0
0
0
0
0
0
0
0
0
0
0
0
0
0
0
0
0
0
0
0
0
0
0
0
0
0
0
0
0
0
0
0
0
0
0
0
0
0
0
0
0
0
0
0
0
0
0
0
0
0
0
0
0
0
0
0
0
0
0
0
0
0
0
0
0
0
0
0
0
0
0
0
0
0
0
0
0
0
0
0
0
0
0
0
0
0
0
0
0
0
0
0
0
0
0
0
0
0
0
0
0
0
0
0
0
0
0
0
0
0
0
0
0
0
0
0
0
0
0
0
0
0
0
0
0
0
0
0
0
0
0
0
0
0
0
0
0
0
0
0
0
0
0
0
0
0
0
0
0
0
0
0
0
0
0
0
0
0
0
0
0
0
0
0
0
0
0
0
0
0
0
0
0
0
0
0
0
0
0
0
0
0
0
0
0
0
0
0
0
0
0
0
0
0
0
0
0
0
0
0
0
0
0
0
0
0
0
0
0
0
0
0
0
0
0
0
0
0
0
0
0
0
0
0
0
0
0
0
0
0
0
0
0
0
0
0
0
0
0
0
0
0
0
0
0
0
0
0
0
0
0
0
0
0
0
0
0
0
0
0
0
0
0
0
0
0
0
0
0
0
0
0
0
0
0
0
0
0
0
0
0
0
0
0
0
0
0
0
0
0
0
0
0
0
0
0
0
0
0
0
0
0
0
0
0
0
0
0
0
0
0
0
0
0
0
0
0
0
0
0
0
0
0
0
0
0
0
0
0
0
0
0
0
0
0
0
0
0
0
0
0
0
0
0
0
0
0
0
0
0
0
0
0
0
0
0
0
0
0
0
0
0
0
0
0
0
0
0
0
0
0
0
0
0
0
0
0
0
0
0
0
0
0
0
0
0
0
0
0
0
0
0
0
0
0
0
0
0
0
0
0
0
0
0
0
0
0
0
0
0
0
0
0
0
0
0
0
0
0
0
0
0
0
0
0
0
0
0
0
0
0
0
0
0
0
0
0
0
0
0
0
0
0
0
0
0
0
0
0
0
0
0
0
0
0
0
0
0
0
0
0
0
0
0
0
0
0
0
0
0
0
0
0
0
0
0
0
0
0
0
0
0
0
0
0
0
0
0
0
0
0
0
0
0
0
0
0
0
0
0
0
0
0
0
0
0
0
0
0
0
0
0
0
0
0
0
0
0
0
0
0
0
0
0
0
0
0
0
0
0
0
0
0
0
0
0
0
0
0
0
0
0
0
0
0
0
0
0
0
0
0
0
0
0
0
0
0
0
0
0
0
0
0
0
0
0
0
0
0
0
0
0
0
0
0
0
0
0
0
0
0
0
0
0
0
0
0
0
0
0
0
0
0
0
0
0
0
0
0
0
0
0
0
0
0
0
0
0
0
0
0
0
0
0
0
0
0
0
0
0
0
0
0
0
0
0
0
0
0
0
0
0
0
0
0
0
0
0
0
0
0
0
0
0
0
0
0
0
0
0
0
0
0
0
0
0
0
0
0
0
0
0
0
0
0
0
0
0
0
0
0
0
0
0
0
0
0
0
0
0
0
0
0
0
0
0
0
0
0
0
0
0
0
0
0
0
0
0
0
0
0
0
0
0
0
0
0
0
0
0
0
0
0
0
0
0
0
0
0
0
0
0
0
0
0
0
0
0
0
0
0
0
0
0
0
0
0
0
0
0
0
0
0
0
0
0
0
0
0
0
0
0
0
0
0
0
0
0
0
0
0
0
0
0
0
0
0
0
0
0
0
0
0
0
0
0
0
0
0
0
0
0
0
0
0
0
0
0
0
0
0
0
0
0
0
0
0
0
0
0
0
0
0
0
0
0
0
0
0
0
0
0
0
0
0
0
0
0
0
0
0
0
0
0
0
0
0
0
0
0
0
0
0
0
0
0
0
0
0
0
0
0
0
0
0
0
0
0
0
0
0
0
0
0
0
0
0
0
0
0
0
0
0
0
0
0
0
0
0
0
0
0
0
0
0
0
0
0
0
0
0
0
0
0
0
0
0
0
0
0
0
0
0
0
0
0
0
0
0
0
0
0
0
0
0
0
0
0
0
0
0
0
0
0
0
0
0
0
0
0
0
0
0
0
0
0
0
0
0
0
0
0
0
0
0
0
0
0
0
0
0
0
0
0
0
0
0
0
0
0
0
0
0
0
0
0
0
0
0
0
0
0
0
0
0
0
0
0
0
0
0
0
0
0
0
0
0
0
0
0
0
0
0
0
0
0
0
0
0
0
0
0
0
0
0
0
0
0
0
0
0
0
0
0
0
0
0
0
0
0
0
0
0
0
0
0
0
0
0
0
0
0
0
0
0
0
0
0
0
0
0
0
0
0
0
0
0
0
0
0
0
0
0
0
0
0
0
0
0
0
0
0
0
0
0
0
0
0
0
0
0
0
0
0
0
0
0
0
0
0
0
0
0
0
0
0
0
0
0
0
0
0
0
0
0
0
0
0
0
0
0
0
0
0
0
0
0
0
0
0
0
0
0
0
0
0
0
0
0
0
0
0
0
0
0
0
0
0
0
0
0
0
0
0
0
0
0
0
0
0
0
0
0
0
0
0
0
0
0
0
0
0
0
0
0
0
0
0
0
0
0
0
0
0
0
0
0
0
0
0
0
0
0
0
0
0
0
0
0
0
0
0
0
0
0
0
0
0
0
0
0
0
0
0
0
0
0
0
0
0
0
0
0
0
0
0
0
0
0
0
0
0
0
0
0
0
0
0
0
0
0
0
0
0
0
0
0
0
0
0
0
0
0
0
0
0
0
0
0
0
0
0
0
0
0
0
0
0
0
0
0
0
0
0
0
0
0
0
0
0
0
0
0
0
0
0
0
0
0
0
0
0
0
0
0
0
0
0
0
0
0
0
0
0
0
0
0
0
0
0
0
0
0
0
0
0
0
0
0
0
0
0
0
0
0
0
0
0
0
0
0
0
0
0
0
0
0
0
0
0
0
0
0
0
0
0
0
0
0
0
0
0
0
0
0
0
0
0
0
0
0
0
0
0
0
0
0
0
0
0
0
0
0
0
0
0
0
0
0
0
0
0
0
0
0
0
0
0
0
0
0
0
0
0
0
0
0
0
0
0
0
0
0
0
0
0
0
0
0
0
0
0
0
0
0
0
0
0
0
0
0
0
0
0
0
0
0
0
0
0
0
0
0
0
0
0
0
0
0
0
0
0
0
0
0
0
0
0
0
0
0
0
0
0
0
0
0
0
0
0
0
0
0
0
0
0
0
0
0
0
0
0
0
0
0
0
0
0
0
0
0
0
0
0
0
0
0
0
0
0
0
0
0
0
0
0
0
0
0
0
0
0
0
0
0
0
0
0
0
0
0
0
0
0
0
0
0
0
0
0
0
0
0
0
0
0
0
0
0
0
0
0
0
0
0
0
0
0
0
0
0
0
0
0
0
0
0
0
0
0
0
0
0
0
0
0
0
0
0
0
0
0
0
0
0
0
0
0
0
0
0
0
0
0
0
0
0
0
0
0
0
0
0
0
0
0
0
0
0
0
0
0
0
0
0
0
0
0
0
0
0
0
0
0
0
0
0
0
0
0
0
0
0
0
0
0
0
0
0
0
0
0
0
0
0
0
0
0
0
0
0
0
0
0
0
0
0
0
0
0
0
0
0
0
0
0
0
0
0
0
0
0
0
0
0
0
0
0
0
0
0
0
0
0
0
0
0
0
0
0
0
0
0
0
0
0
0
0
0
0
0
0
0
0
0
0
0
0
0
0
0
0
0
0
0
0
0
0
0
0
0
0
0
0
0
0
0
0
0
0
0
0
0
0
0
0
0
0
0
0
0
0
0
0
0
0
0
0
0
0
0
0
0
0
0
0
0
0
0
0
0
0
0
0
0
0
0
0
0
0
0
0
0
0
0
0
0
0
0
0
0
0
0
0
0
0
0
0
0
0
0
0
0
0
0
0
0
0
0
0
0
0
0
0
0
0
0
0
0
0
0
0
0
0
0
0
0
0
0
0
0
0
0
0
0
0
0
0
0
0
0
0
0
0
0
0
0
0
0
0
0
0
0
0
0
0
0
0
0
0
0
0
0
0
0
0
0
0
0
0
0
0
0
0
0
0
0
0
0
0
0
0
0
0
0
0
0
0
0
0
0
0
0
0
0
0
0
0
0
0
0
0
0
0
0
0
0
0
0
0
0
0
0
0
0
0
0
0
0
0
0
0
0
0
0
0
0
0
0
0
0
0
0
0
0
0
0
0
0
0
0
0
0
0
0
0
0
0
0
0
0
0
0
0
0
0
0
0
0
0
0
0
0
0
0
0
0
0
0
0
0
0
0
0
0
0
0
0
0
0
0
0
0
0
0
0
0
0
0
0
0
0
0
0
0
0
0
0
0
0
0
0
0
0
0
0
0
0
0
0
0
0
0
0
0
0
0
0
0
0
0
0
0
0
0
0
0
0
0
0
0
0
0
0
0
0
0
0
0
0
0
0
0
0
0
0
0
0
0
0
0
0
0
0
0
0
0
0
0
0
0
0
0
0
0
0
0
0
0
0
0
0
0
0
0
0
0
0
0
0
0
0
0
0
0
0
0
0
0
0
0
0
0
0
0
0
0
0
0
0
0
0
0
0
0
0
0
0
0
0
0
0
0
0
0
0
0
0
0
0
0
0
0
0
0
0
0
0
0
0
0
0
0
0
0
0
0
0
0
0
0
0
0
0
0
0
0
0
0
0
0
0
0
0
0
0
0
0
0
0
0
0
0
0
0
0
0
0
0
0
0
0
0
0
0
0
0
0
0
0
0
0
0
0
0
0
0
0
0
0
0
0
0
0
0
0
0
0
0
0
0
0
0
0
0
0
0
0
0
0
0
0
0
0
0
0
0
0
0
0
0
0
0
0
0
0
0
0
0
0
0
0
0
0
0
0
0
0
0
0
0
0
0
0
0
0
0
0
0
0
0
0
0
0
0
0
0
0
0
0
0
0
0
0
0
0
0
0
0
0
0
0
0
0
0
0
0
0
0
0
0
0
0
0
0
0
0
0
0
0
0
0
0
0
0
0
0
0
0
0
0
0
0
0
0
0
0
0
0
0
0
0
0
0
0
0
0
0
0
0
0
0
0
0
0
0
0
0
0
0
0
0
0
0
0
0
0
0
0
0
0
0
0
0
0
0
0
0
0
0
0
0
0
0
0
0
0
0
0
0
0
0
0
0
0
0
0
0
0
0
0
0
0
0
0
0
0
0
0
0
0
0
0
0
0
0
0
0
0
0
0
0
0
0
0
0
0
0
0
0
0
0
0
0
0
0
0
0
0
0
0
0
0
0
0
0
0
0
0
0
0
0
0
0
0
0
0
0
0
0
0
0
0
0
0
0
0
0
0
0
0
0
0
0
0
0
0
0
0
0
0
0
0
0
0
0
0
0
0
0
0
0
0
0
0
0
0
0
0
0
0
0
0
0
0
0
0
0
0
0
0
0
0
0
0
0
0
0
0
0
0
0
0
0
0
0
0
0
0
0
0
0
0
0
0
0
0
0
0
0
0
0
0
0
0
0
0
0
0
0
0
0
0
0
0
0
0
0
0
0
0
0
0
0
0
0
0
0
0
0
0
0
0
0
0
0
0
0
0
0
0
0
0
0
0
0
0
0
0
0
0
0
0
0
0
0
0
0
0
0
0
0
0
0
0
0
0
0
0
0
0
0
0
0
0
0
0
0
0
0
0
0
0
0
0
0
0
0
0
0
0
0
0
0
0
0
0
0
0
0
0
0
0
0
0
0
0
0
0
0
0
0
0
0
0
0
0
0
0
0
0
0
0
0
0
0
0
0
0
0
0
0
0
0
0
0
0
0
0
0
0
0
0
0
0
0
0
0
0
0
0
0
0
0
0
0
0
0
0
0
0
0
0
0
0
0
0
0
0
0
0
0
0
0
0
0
0
0
0
0
0
0
0
0
0
0
0
0
0
0
0
0
0
0
0
0
0
0
0
0
0
0
0
0
0
0
0
0
0
0
0
0
0
0
0
0
0
0
0
0
0
0
0
0
0
0
0
0
0
0
0
0
0
0
0
0
0
0
0
0
0
0
0
0
0
0
0
0
0
0
0
0
0
0
0
0
0
0
0
0
0
0
0
0
0
0
0
0
0
0
0
0
0
0
0
0
0
0
0
0
0
0
0
0
0
0
0
0
0
0
0
0
0
0
0
0
0
0
0
0
0
0
0
0
0
0
0
0
0
0
0
0
0
0
0
0
0
0
0
0
0
0
0
0
0
0
0
0
0
0
0
0
0
0
0
0
0
0
0
0
0
0
0
0
0
0
0
0
0
0
0
0
0
0
0
0
0
0
0
0
0
0
0
0
0
0
0
0
0
0
0
0
0
0
0
0
0
0
0
0
0
0
0
0
0
0
0
0
0
0
0
0
0
0
0
0
0
0
0
0
0
0
0
0
0
0
0
0
0
0
0
0
0
0
0
0
0
0
0
0
0
0
0
0
0
0
0
0
0
0
0
0
0
0
0
0
0
0
0
0
0
0
0
0
0
0
0
0
0
0
0
0
0
0
0
0
0
0
0
0
0
0
0
0
0
0
0
0
0
0
0
0
0
0
0
0
0
0
0
0
0
0
0
0
0
0
0
0
0
0
0
0
0
0
0
0
0
0
0
0
0
0
0
0
0
0
0
0
0
0
0
0
0
0
0
0
0
0
0
0
0
0
0
0
0
0
0
0
0
0
0
0
0
0
0
0
0
0
0
0
0
0
0
0
0
0
0
0
0
0
0
0
0
0
0
0
0
0
0
0
0
0
0
0
0
0
0
0
0
0
0
0
0
0
0
0
0
0
0
0
0
0
0
0
0
0
0
0
0
0
0
0
0
0
0
0
0
0
0
0
0
0
0
0
0
0
0
0
0
0
0
0
0
0
0
0
0
0
0
0
0
0
0
0
0
0
0
0
0
0
0
0
0
0
0
0
0
0
0
0
0
0
0
0
0
0
0
0
0
0
0
0
0
0
0
0
0
0
0
0
0
0
0
0
0
0
0
0
0
0
0
0
0
0
0
0
0
0
0
0
0
0
0
0
0
0
0
0
0
0
0
0
0
0
0
0
0
0
0
0
0
0
0
0
0
0
0
0
0
0
0
0
0
0
0
0
0
0
0
0
0
0
0
0
0
0
0
0
0
0
0
0
0
0
0
0
0
0
0
0
0
0
0
0
0
0
0
0
0
0
0
0
0
0
0
0
0
0
0
0
0
0
0
0
0
0
0
0
0
0
0
0
0
0
0
0
0
0
0
0
0
0
0
0
0
0
0
0
0
0
0
0
0
0
0
0
0
0
0
0
0
0
0
0
0
0
0
0
0
0
0
0
0
0
0
0
0
0
0
0
0
0
0
0
0
0
0
0
0
0
0
0
0
0
0
0
0
0
0
0
0
0
0
0
0
0
0
0
0
0
0
0
0
0
0
0
0
0
0
0
0
0
0
0
0
0
0
0
0
0
0
0
0
0
0
0
0
0
0
0
0
0
0
0
0
0
0
0
0
0
0
0
0
0
0
0
0
0
0
0
0
0
0
0
0
0
0
0
0
0
0
0
0
0
0
0
0
0
0
0
0
0
0
0
0
0
0
0
0
0
0
0
0
0
0
0
0
0
0
0
0
0
0
0
0
0
0
0
0
0
0
0
5.20385e-06
8.87676e-06
1.20126e-05
4.02711e-05
0.000265493
0.000757018
0.00106453
0.000609864
1.80945e-05
4.47751e-05
0.00342414
0.0491168
0.343712
1.38541
3.49546
6.05602
7.53031
8.35896
8.71397
8.41519
8.6404
9.62381
10.5889
10.9475
10.4777
10.4866
10.289
10.0353
10.1268
10.3743
10.5735
10.2846
8.83622
9.03505
8.25691
4.89554
3.82093
3.36754
1.56614
0.133981
0.00429745
2.04657e-06
0
0
0
0
0
0
0
0
0
0
0
1.2916e-06
3.67736e-06
2.47295e-05
0.000175066
0.00125711
0
0
0
0
0
3.07328e-06
1.91183e-05
6.23269e-05
0.000230963
0.000589083
0.000812114
0.00165758
0.00218545
0.00148379
0.000358688
2.05031e-05
0.00204298
0.0315141
0.201999
0.861933
2.87621
5.38309
6.86711
7.98494
8.68445
8.67136
8.3932
8.78134
9.90698
11.0313
10.3104
10.3824
10.2645
10.0918
10.3105
10.5261
10.761
10.0487
8.86475
8.85964
8.34219
6.18018
4.62257
2.90228
0.656214
0.165185
0.0487848
0.00456832
0.000301433
2.80415e-05
1.15493e-06
0
0
0
0
2.10678e-06
2.02119e-05
6.29447e-05
0.000141037
0.000289602
0.000315535
0.000158302
0.000241676
0.000914148
0
0
0
0
0
4.76574e-06
1.80714e-05
3.81811e-05
0.000108212
0.000276427
0.000371062
0.000439354
0.00168563
0.000619361
7.49144e-05
1.63278e-05
0.000702746
0.0164615
0.0539202
0.0461422
1.63323
3.47671
0.458977
4.46837
7.29846
7.05591
1.70515
7.8449
1.53491
10.7115
8.3755
10.3119
10.21
10.0575
8.8058
10.3334
10.8701
4.18685
6.19071
6.72646
7.49778
2.60219
1.55528
2.57274
0.250463
0.153758
0.0459221
0.00682731
0.000532867
1.95015e-06
0
0
0
0
0
1.583e-06
1.67371e-05
0.000100642
0.000593196
0.00314638
0.000541511
0.000620721
0.00274601
0.00423172
0
0
0
0
0
0
2.01302e-06
5.12672e-06
2.49502e-05
2.3676e-05
0
1.63934e-05
0.000504319
0
0
2.76726e-06
2.20058e-06
0.000708357
0.000437162
0
0.301502
0.502316
0
1.00661
1.34454
2.44111
0.00450992
3.7581
0.0859043
7.7912
3.14069
6.65201
8.96439
4.07357
1.27686
2.74626
8.19989
0.986862
3.45494
3.33648
4.14567
0.358273
0.437212
1.12777
0.00148127
0.0152438
0.00121608
0
0.000342237
0
0
0
0
0
0
0
0
5.68517e-05
0.000100422
8.15893e-06
0
0
0.00181588
0.00407001
0
0
0
0
0
0
0
0
0
0
0
0
0
0
0
0
0
0
0
0
0
0
0
0
0
0
0
9.00254e-06
0.00678056
0.384557
0.957361
1.77613
1.08018
0.468653
0.0623737
0.118257
0.112999
0.040851
0.0276013
0.0104478
0.00312629
0.000227908
1.76415e-05
1.72596e-06
0
0
0
0
0
0
0
0
0
0
0
0
0
0
0
0
0
0
0
0
0
0
0
0
0
0
0
0
0
0
0
0
0
0
0
0
0
0
0
0
0
0
0
0
0
0
0
0
6.64029e-05
0.0351527
0.219154
0.387265
0.0498009
0.027737
0.00345127
0.00036024
0.000182436
0.000108152
4.97815e-05
0
0
0
0
0
0
0
0
0
0
0
0
0
0
0
0
0
0
0
0
0
0
0
0
0
0
0
0
0
0
0
0
0
0
0
0
0
0
0
0
0
0
0
0
0
0
0
0
0
0
0
0
0
0
0.000346173
0.00192838
0.0280869
0.000821765
0.00013858
0
0
0
0
0
0
0
0
0
0
0
0
0
0
0
0
0
0
0
0
0
0
0
0
0
0
0
0
0
0
0
0
0
0
0
0
0
0
0
0
0
0
0
0
0
0
0
0
0
0
0
0
0
0
0
0
0
0
0
0
0
1.18351e-06
0
0
0
0
0
0
0
0
0
0
0
0
0
0
0
0
0
0
0
0
0
0
0
0
0
0
0
0
0
0
0
0
0
0
0
0
0
0
0
0
0
0
0
0
0
0
0
0
0
0
0
0
0
0
0
0
0
0
0
0
0
0
0
0
0
0
0
0
0
0
0
0
0
0
0
0
0
0
0
0
0
0
0
0
0
0
0
0
0
0
0
0
0
0
0
0
0
0
0
0
0
0
0
0
0
0
0
0
0
0
0
0
0
0
0
0
0
0
0
0
0
0
0
0
0
0
0
0
0
0
0
0
0
0
0
0
0
0
0
0
0
0
0
0
0
0
0
0
0
0
0
0
0
0
0
0
0
0
0
0
0
0
0
0
0
0
0
0
0
0
0
0
0
0
0
0
0
0
0
0
0
0
0
0
0
0
0
0
0
0
0
0
0
0
0
0
0
0
0
0
0
0
0
0
0
0
0
0
0
0
0
0
0
0
0
0
0
0
0
0
0
0
0
0
0
0
0
0
0
0
0
0
0
0
0
0
0
0
0
0
0
0
0
0
0
0
0
0
0
0
0
0
0
0
0
0
0
0
0
0
0
0
0
0
0
0
0
0
0
0
0
0
0
0
0
0
0
0
0
0
0
0
0
0
0
0
0
0
0
0
0
0
0
0
0
0
0
0
0
0
0
0
0
0
0
0
0
0
0
0
0
0
0
0
0
0
0
0
0
0
0
0
0
0
0
0
0
0
0
0
0
0
0
0
0
0
0
0
0
0
0
0
0
0
0
0
0
0
0
0
0
0
0
0
0
0
0
0
0
0
0
0
0
0
0
0
0
0
0
0
0
0
0
0
0
0
0
0
0
0
0
0
0
0
0
0
0
0
0
0
0
0
0
0
0
0
0
0
0
0
0
0
0
0
0
0
0
0
0
0
0
0
0
0
0
0
0
0
0
0
0
0
0
0
0
0
0
0
0
0
0
0
0
0
0
0
0
0
0
0
0
0
0
0
0
0
0
0
0
0
0
0
0
0
0
0
0
0
0
0
0
0
0
0
0
0
0
0
0
0
0
0
0
0
0
0
0
0
0
0
0
0
0
0
0
0
0
0
0
0
0
0
0
0
0
0
0
0
0
0
0
0
0
0
0
0
0
0
0
0
0
0
0
0
0
0
0
0
0
0
0
0
0
0
0
0
0
0
0
0
0
0
0
0
0
0
0
0
0
0
0
0
0
0
0
0
0
0
0
0
0
0
0
0
0
0
0
0
0
0
0
0
0
0
0
0
0
0
0
0
0
0
0
0
0
0
0
0
0
0
0
0
0
0
0
0
0
0
0
0
0
0
0
0
0
0
0
0
0
0
0
0
0
0
0
0
0
0
0
0
0
0
0
0
0
0
0
0
0
0
0
0
0
0
0
0
0
0
0
0
0
0
0
0
0
0
0
0
0
0
0
0
0
0
0
0
0
0
0
0
0
0
0
0
0
0
0
0
0
0
0
0
0
0
0
0
0
0
0
0
0
0
0
0
0
0
0
0
0
0
0
0
0
0
0
0
0
0
0
0
0
0
0
0
0
0
0
0
0
0
0
0
0
0
0
0
0
0
0
0
0
0
0
0
0
0
0
0
0
0
0
0
0
0
0
0
0
0
0
0
0
0
0
0
0
0
0
0
0
0
0
0
0
0
0
0
0
0
0
0
0
0
0
0
0
0
0
0
0
0
0
0
0
0
0
0
0
0
0
0
0
0
0
0
0
0
0
0
0
0
0
0
0
0
0
0
0
0
0
0
0
0
0
0
0
0
0
0
0
0
0
0
0
0
0
0
0
0
0
0
0
0
0
0
0
0
0
0
0
0
0
0
0
0
0
0
0
0
0
0
0
0
0
0
0
0
0
0
0
0
0
0
0
0
0
0
0
0
0
0
0
0
0
0
0
0
0
0
0
0
0
0
0
0
0
0
0
0
0
0
0
0
0
0
0
0
0
0
0
0
0
0
0
0
0
0
0
0
0
0
0
0
0
0
0
0
0
0
0
0
0
0
0
0
0
0
0
0
0
0
0
0
0
0
0
0
0
0
0
0
0
0
0
0
0
0
0
0
0
0
0
0
0
0
0
0
0
0
0
0
0
0
0
0
0
0
0
0
0
0
0
0
0
0
0
0
0
0
0
0
0
0
0
0
0
0
0
0
0
0
0
0
0
0
0
0
0
0
0
0
0
0
0
0
0
0
0
0
0
0
0
0
0
0
0
0
0
0
0
0
0
0
0
0
0
0
0
0
0
0
0
0
0
0
0
0
0
0
0
0
0
0
0
0
0
0
0
0
0
0
0
0
0
0
0
0
0
0
0
0
0
0
0
0
0
0
0
0
0
0
0
0
0
0
0
0
0
0
0
0
0
0
0
0
0
0
0
0
0
0
0
0
0
0
0
0
0
0
0
0
0
0
0
0
0
0
0
0
0
0
0
0
0
0
0
0
0
0
0
0
0
0
0
0
0
0
0
0
0
0
0
0
0
0
0
0
0
0
0
0
0
0
0
0
0
0
0
0
0
0
0
0
0
0
0
0
0
0
0
0
0
0
0
0
0
0
0
0
0
0
0
0
0
0
0
0
0
0
0
0
0
0
0
0
0
0
0
0
0
0
0
0
0
0
0
0
0
0
0
0
0
0
0
0
0
0
0
0
0
0
0
0
0
0
0
0
0
0
0
0
0
0
0
0
0
0
0
0
0
0
0
0
0
0
0
0
0
0
0
0
0
0
0
0
0
0
0
0
0
0
0
0
0
0
0
0
0
0
0
0
0
0
0
0
0
0
0
0
0
0
0
0
0
0
0
0
0
0
0
0
0
0
0
0
0
0
0
0
0
0
0
0
0
0
0
0
0
0
0
0
0
0
0
0
0
0
0
0
0
0
0
0
0
0
0
0
0
0
0
0
0
0
0
0
0
0
0
0
0
0
0
0
0
0
0
0
0
0
0
0
0
0
0
0
0
0
0
0
0
0
0
0
0
0
0
0
0
0
0
0
0
0
0
0
0
0
0
0
0
0
0
0
0
0
0
0
0
0
0
0
0
0
0
0
0
0
0
0
0
0
0
0
0
0
0
0
0
0
0
0
0
0
0
0
0
0
0
0
0
0
0
0
0
0
0
0
0
0
0
0
0
0
0
0
0
0
0
0
0
0
0
0
0
0
0
0
0
0
0
0
0
0
0
0
0
0
0
0
0
0
0
0
0
0
0
0
0
0
0
0
0
0
0
0
0
0
0
0
0
0
0
0
0
0
0
0
0
0
0
0
0
0
0
0
0
0
0
0
0
0
0
0
0
0
0
0
0
0
0
0
0
0
0
0
0
0
0
0
0
0
0
0
0
0
0
0
0
0
0
0
0
0
0
0
0
0
0
0
0
0
0
0
0
0
0
0
0
0
0
0
0
0
0
0
0
0
0
0
0
0
0
0
0
0
0
0
0
0
0
0
0
0
0
0
0
0
0
0
0
0
0
0
0
0
0
0
0
0
0
0
0
0
0
0
0
0
0
0
0
0
0
0
0
0
0
0
0
0
0
0
0
0
0
0
0
0
0
0
0
0
0
0
0
0
0
0
0
0
0
0
0
0
0
0
0
0
0
0
0
0
0
0
0
0
0
0
0
0
0
0
0
0
0
0
0
0
0
0
0
0
0
0
0
0
0
0
0
0
0
0
0
0
0
0
0
0
0
0
0
0
0
0
0
0
0
0
0
0
0
0
0
0
0
0
0
0
0
0
0
0
0
0
0
0
0
0
0
0
0
0
0
0
0
0
0
0
0
0
0
0
0
0
0
0
0
0
0
0
0
0
0
0
0
0
0
0
0
0
0
0
0
0
0
0
0
0
0
0
0
0
0
0
0
0
0
0
0
0
0
0
0
0
0
0
0
0
0
0
0
0
0
0
0
0
0
0
0
0
0
0
0
0
0
0
0
0
0
0
0
0
0
0
0
0
0
0
0
0
0
0
0
0
0
0
0
0
0
0
0
0
0
0
0
0
0
0
0
0
0
0
0
0
0
0
0
0
0
0
0
0
0
0
0
0
0
0
0
0
0
0
0
0
0
0
0
0
0
0
0
0
0
0
0
0
0
0
0
0
0
0
0
0
0
0
0
0
0
0
0
0
0
0
0
0
0
0
0
0
0
0
0
0
0
0
0
0
0
0
0
0
0
0
0
0
0
0
0
0
0
0
0
0
0
0
0
0
0
0
0
0
0
0
0
0
0
0
0
0
0
0
0
0
0
0
0
0
0
0
0
0
0
0
0
0
0
0
0
0
0
0
0
0
0
0
0
0
0
0
0
0
0
0
0
0
0
0
0
0
0
0
0
0
0
0
0
0
0
0
0
0
0
0
0
0
0
0
0
0
0
0
0
0
0
0
0
0
0
0
0
0
0
0
0
0
0
0
0
0
0
0
0
0
0
0
0
0
0
0
0
0
0
0
0
0
0
0
0
0
0
0
0
0
0
0
0
0
0
0
0
0
0
0
0
0
0
0
0
0
0
0
0
0
0
0
0
0
0
0
0
0
0
0
0
0
0
0
0
0
0
0
0
0
0
0
0
0
0
0
0
0
0
0
0
0
0
0
0
0
0
0
0
0
0
0
0
0
0
0
0
0
0
0
0
0
0
0
0
0
0
0
0
0
0
0
0
0
0
0
0
0
0
0
0
0
0
0
0
0
0
0
0
0
0
0
0
0
0
0
0
0
0
0
0
0
0
0
0
0
0
0
0
0
0
0
0
0
0
0
0
0
0
0
0
0
0
0
0
0
0
0
0
0
0
0
0
0
0
0
0
0
0
0
0
0
0
0
0
0
0
0
0
0
0
0
0
0
0
0
0
0
0
0
0
0
0
0
0
0
0
0
0
0
0
0
0
0
0
0
0
0
0
0
0
0
0
0
0
0
0
0
0
0
0
0
0
0
0
0
0
0
0
0
0
0
0
0
0
0
0
0
0
0
0
0
0
0
0
0
0
0
0
0
0
0
0
0
0
0
0
0
0
0
0
0
0
0
0
0
0
0
0
0
0
0
0
0
0
0
0
0
0
0
0
0
0
0
0
0
0
0
0
0
0
0
0
0
0
0
0
0
0
0
0
0
0
0
0
0
0
0
0
0
0
0
0
0
0
0
0
0
0
0
0
0
0
0
0
0
0
0
0
0
0
0
0
0
0
0
0
0
0
0
0
0
0
0
0
0
0
0
0
0
0
0
0
0
0
0
0
0
0
0
0
0
0
0
0
0
0
0
0
0
0
0
0
0
0
0
0
0
0
0
0
0
0
0
0
0
0
0
0
0
0
0
0
0
0
0
0
0
0
0
0
0
0
0
0
0
0
0
0
0
0
0
0
0
0
0
0
0
0
0
0
0
0
0
0
0
0
0
0
0
0
0
0
0
0
0
0
0
0
0
0
0
0
0
0
0
0
0
0
0
0
0
0
0
0
0
0
0
0
0
0
0
0
0
0
0
0
0
0
0
0
0
0
0
0
0
0
0
0
0
0
0
0
0
0
0
0
0
0
0
0
0
0
0
0
0
0
0
0
0
0
0
0
0
0
0
0
0
0
0
0
0
0
0
0
0
0
0
0
0
0
0
0
0
0
0
0
0
0
0
0
0
0
0
0
0
0
0
0
0
0
0
0
0
0
0
0
0
0
0
0
0
0
0
0
0
0
0
0
0
0
0
0
0
0
0
0
0
0
0
0
0
0
0
0
0
0
0
0
0
0
0
0
0
0
0
0
0
0
0
0
0
0
0
0
0
0
0
0
0
0
0
0
0
0
0
0
0
0
0
0
0
0
0
0
0
0
0
0
0
0
0
0
0
0
0
0
0
0
0
0
0
0
0
0
0
0
0
0
0
0
0
0
0
0
0
0
0
0
0
0
0
0
0
0
0
0
0
0
0
0
0
0
0
0
0
0
0
0
0
0
0
0
0
0
0
0
0
0
0
0
0
0
0
0
0
0
0
0
0
0
0
0
0
0
0
0
0
0
0
0
0
0
0
0
0
0
0
0
0
0
0
0
0
0
0
0
0
0
0
0
0
0
0
0
0
0
0
0
0
0
0
0
0
0
0
0
0
0
0
0
0
0
0
0
0
0
0
0
0
0
0
0
0
0
0
0
0
0
0
0
0
0
0
0
0
0
0
0
0
0
0
0
0
0
0
0
0
0
0
0
0
0
0
0
0
0
0
0
0
0
0
0
0
0
0
0
0
0
0
0
0
0
0
0
0
0
0
0
0
0
0
0
0
0
0
0
0
0
0
0
0
0
0
0
0
0
0
0
0
0
0
0
0
0
0
0
0
0
0
0
0
0
0
0
0
0
0
0
0
0
0
0
0
0
0
0
0
0
0
0
0
0
0
0
0
0
0
0
0
0
0
0
0
0
0
0
0
0
0
0
0
0
0
0
0
0
0
0
0
0
0
0
0
0
0
0
0
0
0
0
0
0
0
0
0
0
0
0
0
0
0
0
0
0
0
0
0
0
0
0
0
0
0
0
0
0
0
0
0
0
0
0
0
0
0
0
0
0
0
0
0
0
0
0
0
0
0
0
0
0
0
0
0
0
0
0
0
0
0
0
0
0
0
0
0
0
0
0
0
0
0
0
0
0
0
0
0
0
0
0
0
0
0
0
0
0
0
0
0
0
0
0
0
0
0
0
0
0
0
0
0
0
0
0
0
0
0
0
0
0
0
0
0
0
0
0
0
0
0
0
0
0
0
0
0
0
0
0
0
0
0
0
0
0
0
0
0
0
0
0
0
0
0
0
0
0
0
0
0
0
0
0
0
0
0
0
0
0
0
0
0
0
0
0
0
0
0
0
0
0
0
0
0
0
0
0
0
0
0
0
0
0
0
0
0
0
0
0
0
0
0
0
0
0
0
0
0
0
0
0
0
0
0
0
0
0
0
0
0
0
0
0
0
0
0
0
0
0
0
0
0
0
0
0
0
0
0
0
0
0
0
0
0
0
0
0
0
0
0
0
0
0
0
0
0
0
0
0
0
0
0
0
0
0
0
0
0
0
0
0
0
0
0
0
0
0
0
0
0
0
0
0
0
0
0
0
0
0
0
0
0
0
0
0
0
0
0
0
0
0
0
0
0
0
0
0
0
0
0
0
0
0
0
0
0
0
0
0
0
0
0
0
0
0
0
0
0
0
0
0
0
0
0
0
0
0
0
0
0
0
0
0
0
0
0
0
0
0
0
0
0
0
0
0
0
0
0
0
0
0
0
0
0
0
0
0
0
0
0
0
0
0
0
0
0
0
0
0
0
0
0
0
0
0
0
0
0
0
0
0
0
0
0
0
0
0
0
0
0
0
0
0
0
0
0
0
0
0
0
0
0
0
0
0
0
0
0
0
0
0
0
0
0
0
0
0
0
0
0
0
0
0
0
0
0
0
0
0
0
0
0
0
0
0
0
0
0
0
0
0
0
0
0
0
0
0
0
0
0
0
0
0
0
0
0
0
0
0
0
0
0
0
0
0
0
0
0
0
0
0
0
0
0
0
0
0
0
0
0
0
0
0
0
0
0
0
0
0
0
0
0
0
0
0
0
0
0
0
0
0
0
0
0
0
0
0
0
0
0
0
0
0
0
0
0
0
0
0
0
0
0
0
0
0
0
0
0
0
0
0
0
0
0
0
0
0
0
0
0
0
0
0
0
0
0
0
0
0
0
0
0
0
0
0
0
0
0
0
0
0
0
0
0
0
0
0
0
0
0
0
0
0
0
0
0
0
0
0
0
0
0
0
0
0
0
0
0
0
0
0
0
0
0
0
0
0
0
0
0
0
0
0
0
0
0
0
0
0
0
0
0
0
0
0
0
0
0
0
0
0
0
0
0
0
0
0
0
0
0
0
0
0
0
0
0
0
0
0
0
0
0
0
0
0
0
0
0
0
0
0
0
0
0
0
0
0
0
0
0
0
0
0
0
0
0
0
0
0
0
0
0
0
0
0
0
0
0
0
0
0
0
0
0
0
0
0
0
0
0
0
0
0
0
0
0
0
0
0
0
0
0
0
0
0
0
0
0
0
0
0
0
0
0
0
0
0
0
0
0
0
0
0
0
0
0
0
0
0
0
0
0
0
0
0
0
0
0
0
0
0
0
0
0
0
0
0
0
0
0
0
0
2.43333e-06
9.62232e-06
5.74813e-05
0.000171147
0.000155323
3.74177e-05
7.58378e-06
0.000316541
0.0136545
0.143684
0.641105
2.12276
4.78276
7.41177
8.48054
8.87979
8.47828
8.60199
9.78601
10.6538
10.5991
10.0799
10.6867
9.46989
8.45389
8.41777
9.51452
10.7808
10.9858
10.2169
8.89839
8.65391
6.86068
1.71422
0.257921
0.318669
0.199267
0.0296026
0.000482215
0
0
0
0
0
0
0
6.72162e-06
3.60671e-05
0.00015022
0.000346015
9.7862e-05
0.000476396
0.000985586
0.000856777
0.00260932
0.0122006
0
0
0
0
0
0
1.08221e-06
6.39637e-06
2.5475e-05
0.000102396
0.000212305
0.000309823
0.000241502
6.03149e-05
1.31614e-05
0.00027261
0.00985411
0.085844
0.403812
1.38133
3.99627
6.72918
8.25775
8.96721
8.65042
8.40066
9.00357
10.2519
10.5938
9.9533
10.7251
9.44534
8.79508
8.68722
9.84244
10.9429
11.206
9.50398
8.49717
8.49807
6.28611
1.48432
0.294527
0.31676
0.17948
0.0523632
0.0109715
0.000471959
2.00861e-05
2.97996e-06
0
0
8.98574e-06
0.000100166
0.000776311
0.00352399
0.0100031
0.0222245
0.0218507
0.0394232
0.0663144
0.00382728
0.00984249
0.0211865
0
0
0
0
0
0
0
3.22654e-06
1.77621e-05
3.79094e-05
6.14248e-05
0.000249977
0.000110678
4.23864e-05
7.11043e-06
0.00013159
0.00639691
0.00747543
0.220972
0.159618
3.03124
2.10917
2.19419
7.65847
4.63236
1.34239
7.67002
2.68536
10.2745
9.45545
10.2786
9.25611
9.04752
10.2078
10.8015
10.6509
8.08662
3.1447
1.31232
6.16882
3.77674
0.143806
0.337137
0.321707
0.0496086
0.0729187
0.00829189
0.0013247
1.86636e-05
0
0
0
7.93255e-06
4.64461e-05
0.000559878
0.00033645
0.000722318
0.00632515
0.0672838
0.00519768
0.00689332
0.00755474
0.0319228
0.0526733
0
0
0
0
0
0
0
0
3.19001e-06
1.5838e-06
0
3.2363e-05
0
4.01286e-06
0
0
2.77842e-05
1.66756e-05
0.0164838
0
0.603901
0.0232541
0.0353754
1.42259
0.838614
2.52521e-06
2.58806
0.136912
6.64287
4.09584
8.8542
5.06871
8.63845
4.43418
5.71702
4.03426
0.282235
0.0409772
0.131758
5.05791
4.6666
0.104256
0.0811014
0.931704
0.0273981
0.00434717
5.28876e-05
0.000143318
0.000105157
0
0
0
0
0
0
0
0
7.72075e-06
0.00232976
0
0
0.100779
0.000708582
0.0742534
0
0
0
0
0
0
0
0
0
0
0
0
0
0
0
0
0
0
0
0
0
0
0
0
0
0
1.20549e-05
0.0232495
0.797102
1.19948
2.30819
0.556502
0.890165
0.423777
0.40296
0.160538
0.00867411
2.10646e-05
2.36332e-05
0.000836919
0.000639549
0.000120433
3.35847e-06
0
0
0
0
0
0
0
0
0
0
0
0
0
0
0
0
0
0
0
0
0
0
0
0
0
0
0
0
0
0
0
0
0
0
0
0
0
0
0
0
0
0
0
0
0
0
0
0
0.000307191
0.0291479
0.114187
0.434256
0.0422613
0.0117869
0.00549302
0.00252129
0.00129784
2.33815e-05
0
0
0
0
0
0
0
0
0
0
0
0
0
0
0
0
0
0
0
0
0
0
0
0
0
0
0
0
0
0
0
0
0
0
0
0
0
0
0
0
0
0
0
0
0
0
0
0
0
0
0
0
0
0
0
7.53067e-05
0
0.0207266
0.0030345
0.000104221
0
0
0
0
0
0
0
0
0
0
0
0
0
0
0
0
0
0
0
0
0
0
0
0
0
0
0
0
0
0
0
0
0
0
0
0
0
0
0
0
0
0
0
0
0
0
0
0
0
0
0
0
0
0
0
0
0
0
0
0
0
0
0
0
0
0
0
0
0
0
0
0
0
0
0
0
0
0
0
0
0
0
0
0
0
0
0
0
0
0
0
0
0
0
0
0
0
0
0
0
0
0
0
0
0
0
0
0
0
0
0
0
0
0
0
0
0
0
0
0
0
0
0
0
0
0
0
0
0
0
0
0
0
0
0
0
0
0
0
0
0
0
0
0
0
0
0
0
0
0
0
0
0
0
0
0
0
0
0
0
0
0
0
0
0
0
0
0
0
0
0
0
0
0
0
0
0
0
0
0
0
0
0
0
0
0
0
0
0
0
0
0
0
0
0
0
0
0
0
0
0
0
0
0
0
0
0
0
0
0
0
0
0
0
0
0
0
0
0
0
0
0
0
0
0
0
0
0
0
0
0
0
0
0
0
0
0
0
0
0
0
0
0
0
0
0
0
0
0
0
0
0
0
0
0
0
0
0
0
0
0
0
0
0
0
0
0
0
0
0
0
0
0
0
0
0
0
0
0
0
0
0
0
0
0
0
0
0
0
0
0
0
0
0
0
0
0
0
0
0
0
0
0
0
0
0
0
0
0
0
0
0
0
0
0
0
0
0
0
0
0
0
0
0
0
0
0
0
0
0
0
0
0
0
0
0
0
0
0
0
0
0
0
0
0
0
0
0
0
0
0
0
0
0
0
0
0
0
0
0
0
0
0
0
0
0
0
0
0
0
0
0
0
0
0
0
0
0
0
0
0
0
0
0
0
0
0
0
0
0
0
0
0
0
0
0
0
0
0
0
0
0
0
0
0
0
0
0
0
0
0
0
0
0
0
0
0
0
0
0
0
0
0
0
0
0
0
0
0
0
0
0
0
0
0
0
0
0
0
0
0
0
0
0
0
0
0
0
0
0
0
0
0
0
0
0
0
0
0
0
0
0
0
0
0
0
0
0
0
0
0
0
0
0
0
0
0
0
0
0
0
0
0
0
0
0
0
0
0
0
0
0
0
0
0
0
0
0
0
0
0
0
0
0
0
0
0
0
0
0
0
0
0
0
0
0
0
0
0
0
0
0
0
0
0
0
0
0
0
0
0
0
0
0
0
0
0
0
0
0
0
0
0
0
0
0
0
0
0
0
0
0
0
0
0
0
0
0
0
0
0
0
0
0
0
0
0
0
0
0
0
0
0
0
0
0
0
0
0
0
0
0
0
0
0
0
0
0
0
0
0
0
0
0
0
0
0
0
0
0
0
0
0
0
0
0
0
0
0
0
0
0
0
0
0
0
0
0
0
0
0
0
0
0
0
0
0
0
0
0
0
0
0
0
0
0
0
0
0
0
0
0
0
0
0
0
0
0
0
0
0
0
0
0
0
0
0
0
0
0
0
0
0
0
0
0
0
0
0
0
0
0
0
0
0
0
0
0
0
0
0
0
0
0
0
0
0
0
0
0
0
0
0
0
0
0
0
0
0
0
0
0
0
0
0
0
0
0
0
0
0
0
0
0
0
0
0
0
0
0
0
0
0
0
0
0
0
0
0
0
0
0
0
0
0
0
0
0
0
0
0
0
0
0
0
0
0
0
0
0
0
0
0
0
0
0
0
0
0
0
0
0
0
0
0
0
0
0
0
0
0
0
0
0
0
0
0
0
0
0
0
0
0
0
0
0
0
0
0
0
0
0
0
0
0
0
0
0
0
0
0
0
0
0
0
0
0
0
0
0
0
0
0
0
0
0
0
0
0
0
0
0
0
0
0
0
0
0
0
0
0
0
0
0
0
0
0
0
0
0
0
0
0
0
0
0
0
0
0
0
0
0
0
0
0
0
0
0
0
0
0
0
0
0
0
0
0
0
0
0
0
0
0
0
0
0
0
0
0
0
0
0
0
0
0
0
0
0
0
0
0
0
0
0
0
0
0
0
0
0
0
0
0
0
0
0
0
0
0
0
0
0
0
0
0
0
0
0
0
0
0
0
0
0
0
0
0
0
0
0
0
0
0
0
0
0
0
0
0
0
0
0
0
0
0
0
0
0
0
0
0
0
0
0
0
0
0
0
0
0
0
0
0
0
0
0
0
0
0
0
0
0
0
0
0
0
0
0
0
0
0
0
0
0
0
0
0
0
0
0
0
0
0
0
0
0
0
0
0
0
0
0
0
0
0
0
0
0
0
0
0
0
0
0
0
0
0
0
0
0
0
0
0
0
0
0
0
0
0
0
0
0
0
0
0
0
0
0
0
0
0
0
0
0
0
0
0
0
0
0
0
0
0
0
0
0
0
0
0
0
0
0
0
0
0
0
0
0
0
0
0
0
0
0
0
0
0
0
0
0
0
0
0
0
0
0
0
0
0
0
0
0
0
0
0
0
0
0
0
0
0
0
0
0
0
0
0
0
0
0
0
0
0
0
0
0
0
0
0
0
0
0
0
0
0
0
0
0
0
0
0
0
0
0
0
0
0
0
0
0
0
0
0
0
0
0
0
0
0
0
0
0
0
0
0
0
0
0
0
0
0
0
0
0
0
0
0
0
0
0
0
0
0
0
0
0
0
0
0
0
0
0
0
0
0
0
0
0
0
0
0
0
0
0
0
0
0
0
0
0
0
0
0
0
0
0
0
0
0
0
0
0
0
0
0
0
0
0
0
0
0
0
0
0
0
0
0
0
0
0
0
0
0
0
0
0
0
0
0
0
0
0
0
0
0
0
0
0
0
0
0
0
0
0
0
0
0
0
0
0
0
0
0
0
0
0
0
0
0
0
0
0
0
0
0
0
0
0
0
0
0
0
0
0
0
0
0
0
0
0
0
0
0
0
0
0
0
0
0
0
0
0
0
0
0
0
0
0
0
0
0
0
0
0
0
0
0
0
0
0
0
0
0
0
0
0
0
0
0
0
0
0
0
0
0
0
0
0
0
0
0
0
0
0
0
0
0
0
0
0
0
0
0
0
0
0
0
0
0
0
0
0
0
0
0
0
0
0
0
0
0
0
0
0
0
0
0
0
0
0
0
0
0
0
0
0
0
0
0
0
0
0
0
0
0
0
0
0
0
0
0
0
0
0
0
0
0
0
0
0
0
0
0
0
0
0
0
0
0
0
0
0
0
0
0
0
0
0
0
0
0
0
0
0
0
0
0
0
0
0
0
0
0
0
0
0
0
0
0
0
0
0
0
0
0
0
0
0
0
0
0
0
0
0
0
0
0
0
0
0
0
0
0
0
0
0
0
0
0
0
0
0
0
0
0
0
0
0
0
0
0
0
0
0
0
0
0
0
0
0
0
0
0
0
0
0
0
0
0
0
0
0
0
0
0
0
0
0
0
0
0
0
0
0
0
0
0
0
0
0
0
0
0
0
0
0
0
0
0
0
0
0
0
0
0
0
0
0
0
0
0
0
0
0
0
0
0
0
0
0
0
0
0
0
0
0
0
0
0
0
0
0
0
0
0
0
0
0
0
0
0
0
0
0
0
0
0
0
0
0
0
0
0
0
0
0
0
0
0
0
0
0
0
0
0
0
0
0
0
0
0
0
0
0
0
0
0
0
0
0
0
0
0
0
0
0
0
0
0
0
0
0
0
0
0
0
0
0
0
0
0
0
0
0
0
0
0
0
0
0
0
0
0
0
0
0
0
0
0
0
0
0
0
0
0
0
0
0
0
0
0
0
0
0
0
0
0
0
0
0
0
0
0
0
0
0
0
0
0
0
0
0
0
0
0
0
0
0
0
0
0
0
0
0
0
0
0
0
0
0
0
0
0
0
0
0
0
0
0
0
0
0
0
0
0
0
0
0
0
0
0
0
0
0
0
0
0
0
0
0
0
0
0
0
0
0
0
0
0
0
0
0
0
0
0
0
0
0
0
0
0
0
0
0
0
0
0
0
0
0
0
0
0
0
0
0
0
0
0
0
0
0
0
0
0
0
0
0
0
0
0
0
0
0
0
0
0
0
0
0
0
0
0
0
0
0
0
0
0
0
0
0
0
0
0
0
0
0
0
0
0
0
0
0
0
0
0
0
0
0
0
0
0
0
0
0
0
0
0
0
0
0
0
0
0
0
0
0
0
0
0
0
0
0
0
0
0
0
0
0
0
0
0
0
0
0
0
0
0
0
0
0
0
0
0
0
0
0
0
0
0
0
0
0
0
0
0
0
0
0
0
0
0
0
0
0
0
0
0
0
0
0
0
0
0
0
0
0
0
0
0
0
0
0
0
0
0
0
0
0
0
0
0
0
0
0
0
0
0
0
0
0
0
0
0
0
0
0
0
0
0
0
0
0
0
0
0
0
0
0
0
0
0
0
0
0
0
0
0
0
0
0
0
0
0
0
0
0
0
0
0
0
0
0
0
0
0
0
0
0
0
0
0
0
0
0
0
0
0
0
0
0
0
0
0
0
0
0
0
0
0
0
0
0
0
0
0
0
0
0
0
0
0
0
0
0
0
0
0
0
0
0
0
0
0
0
0
0
0
0
0
0
0
0
0
0
0
0
0
0
0
0
0
0
0
0
0
0
0
0
0
0
0
0
0
0
0
0
0
0
0
0
0
0
0
0
0
0
0
0
0
0
0
0
0
0
0
0
0
0
0
0
0
0
0
0
0
0
0
0
0
0
0
0
0
0
0
0
0
0
0
0
0
0
0
0
0
0
0
0
0
0
0
0
0
0
0
0
0
0
0
0
0
0
0
0
0
0
0
0
0
0
0
0
0
0
0
0
0
0
0
0
0
0
0
0
0
0
0
0
0
0
0
0
0
0
0
0
0
0
0
0
0
0
0
0
0
0
0
0
0
0
0
0
0
0
0
0
0
0
0
0
0
0
0
0
0
0
0
0
0
0
0
0
0
0
0
0
0
0
0
0
0
0
0
0
0
0
0
0
0
0
0
0
0
0
0
0
0
0
0
0
0
0
0
0
0
0
0
0
0
0
0
0
0
0
0
0
0
0
0
0
0
0
0
0
0
0
0
0
0
0
0
0
0
0
0
0
0
0
0
0
0
0
0
0
0
0
0
0
0
0
0
0
0
0
0
0
0
0
0
0
0
0
0
0
0
0
0
0
0
0
0
0
0
0
0
0
0
0
0
0
0
0
0
0
0
0
0
0
0
0
0
0
0
0
0
0
0
0
0
0
0
0
0
0
0
0
0
0
0
0
0
0
0
0
0
0
0
0
0
0
0
0
0
0
0
0
0
0
0
0
0
0
0
0
0
0
0
0
0
0
0
0
0
0
0
0
0
0
0
0
0
0
0
0
0
0
0
0
0
0
0
0
0
0
0
0
0
0
0
0
0
0
0
0
0
0
0
0
0
0
0
0
0
0
0
0
0
0
0
0
0
0
0
0
0
0
0
0
0
0
0
0
0
0
0
0
0
0
0
0
0
0
0
0
0
0
0
0
0
0
0
0
0
0
0
0
0
0
0
0
0
0
0
0
0
0
0
0
0
0
0
0
0
0
0
0
0
0
0
0
0
0
0
0
0
0
0
0
0
0
0
0
0
0
0
0
0
0
0
0
0
0
0
0
0
0
0
0
0
0
0
0
0
0
0
0
0
0
0
0
0
0
0
0
0
0
0
0
0
0
0
0
0
0
0
0
0
0
0
0
0
0
0
0
0
0
0
0
0
0
0
0
0
0
0
0
0
0
0
0
0
0
0
0
0
0
0
0
0
0
0
0
0
0
0
0
0
0
0
0
0
0
0
0
0
0
0
0
0
0
0
0
0
0
0
0
0
0
0
0
0
0
0
0
0
0
0
0
0
0
0
0
0
0
0
0
0
0
0
0
0
0
0
0
0
0
0
0
0
0
0
0
0
0
0
0
0
0
0
0
0
0
0
0
0
0
0
0
0
0
0
0
0
0
0
0
0
0
0
0
0
0
0
0
0
0
0
0
0
0
0
0
0
0
0
0
0
0
0
0
0
0
0
0
0
0
0
0
0
0
0
0
0
0
0
0
0
0
0
0
0
0
0
0
0
0
0
0
0
0
0
0
0
0
0
0
0
0
0
0
0
0
0
0
0
0
0
0
0
0
0
0
0
0
0
0
0
0
0
0
0
0
0
0
0
0
0
0
0
0
0
0
0
0
0
0
0
0
0
0
0
0
0
0
0
0
0
0
0
0
0
0
0
0
0
0
0
0
0
0
0
0
0
0
0
0
0
0
0
0
0
0
0
0
0
0
0
0
0
0
0
0
0
0
0
0
0
0
0
0
0
0
0
0
0
0
0
0
0
0
0
0
0
0
0
0
0
0
0
0
0
0
0
0
0
0
0
0
0
0
0
0
0
0
0
0
0
0
0
0
0
0
0
0
0
0
0
0
0
0
0
0
0
0
0
0
0
0
0
0
0
0
0
0
0
0
0
0
0
0
0
0
0
0
0
0
0
0
0
0
0
0
0
0
0
0
0
0
0
0
0
0
0
0
0
0
0
0
0
0
0
0
0
0
0
0
0
0
0
0
0
0
0
0
0
0
0
0
0
0
0
0
0
0
0
0
0
0
0
0
0
0
0
0
0
0
0
0
0
0
0
0
0
0
0
0
0
0
0
0
0
0
0
0
0
0
0
0
0
0
0
0
0
0
0
0
0
0
0
0
0
0
0
0
0
0
0
0
0
0
0
0
0
0
0
0
0
0
0
0
0
0
0
0
0
0
0
0
0
0
0
0
0
0
0
0
0
0
0
0
0
0
0
0
0
0
0
0
0
0
0
0
0
0
0
0
0
0
0
0
0
0
0
0
0
0
0
0
0
0
0
0
0
0
0
0
0
0
0
0
0
0
0
0
0
0
0
0
0
0
0
0
0
0
0
0
0
0
0
0
0
0
0
0
0
0
0
0
0
0
0
0
0
0
0
0
0
0
0
0
0
0
0
0
0
0
0
0
0
0
0
0
0
0
0
0
0
0
0
0
0
0
0
0
0
0
0
0
0
0
0
0
0
0
0
0
0
0
0
0
0
0
0
0
0
0
0
0
0
0
0
0
0
0
0
0
0
0
0
0
0
0
0
0
0
0
0
0
0
0
0
0
0
0
0
0
0
0
0
0
0
0
0
0
0
0
0
0
0
0
0
0
0
0
0
0
0
0
0
0
0
0
0
0
0
0
0
0
0
0
0
0
0
0
0
0
0
0
0
0
0
0
0
0
0
0
0
0
0
0
0
0
0
0
0
0
0
0
0
0
0
0
0
0
0
0
0
0
0
0
0
0
0
0
0
0
0
0
0
0
0
0
0
0
0
0
0
0
0
0
0
0
0
0
0
0
0
0
0
0
0
0
0
0
0
0
0
0
0
0
0
0
0
0
0
0
0
0
0
0
0
0
0
0
0
0
0
0
0
0
0
0
0
0
0
0
0
0
0
0
0
0
0
0
0
0
0
0
0
0
0
0
0
0
0
0
0
0
0
0
0
0
0
0
0
0
0
0
0
0
0
0
0
0
0
0
0
0
0
0
0
0
0
0
0
0
0
0
0
0
0
0
0
0
0
0
0
0
0
0
0
0
0
0
0
0
0
0
0
0
0
0
0
0
0
0
0
0
0
0
0
0
0
0
0
0
0
0
0
0
0
0
0
0
0
0
0
0
0
0
0
0
0
0
0
0
0
0
0
0
0
0
0
0
0
0
0
0
0
0
0
0
0
0
0
0
0
0
0
0
0
0
0
0
0
0
0
0
0
0
0
0
0
0
0
0
0
0
0
0
0
0
0
0
0
0
0
0
0
0
0
0
0
0
0
0
0
0
0
0
0
0
0
0
0
0
0
0
0
0
0
0
0
0
0
0
0
0
0
0
0
0
0
0
0
0
0
0
0
0
0
0
0
0
0
0
0
0
0
0
0
0
0
0
0
0
0
0
0
0
0
0
0
0
0
0
0
0
0
0
0
0
0
0
0
0
0
0
0
0
0
0
0
0
0
0
0
0
0
0
0
0
0
0
0
0
0
0
0
0
0
0
0
0
0
0
0
0
0
0
0
0
0
0
0
0
0
0
0
0
0
0
0
0
0
0
0
0
0
0
0
0
0
0
0
0
0
0
0
0
0
0
0
0
0
0
0
0
0
0
0
0
0
0
0
0
0
0
0
0
0
0
0
0
0
0
0
0
0
0
0
0
0
0
0
0
0
0
0
0
0
0
0
0
0
0
0
0
0
0
0
0
0
0
0
0
0
0
0
0
0
0
0
0
0
0
0
0
0
0
0
0
0
0
0
0
1.11969e-06
7.56425e-06
2.19958e-05
1.05199e-05
3.13459e-05
9.6476e-05
0.00356504
0.0677228
0.421808
1.59481
4.19222
7.54967
8.77922
8.94004
8.39165
8.60983
10.0118
10.3087
10.2876
10.0537
8.90731
8.07404
8.32585
9.37541
9.4566
9.50768
11.3573
11.4603
10.2068
8.75415
8.13909
6.1246
1.91792
0.315487
0.0190128
0.00891051
0.00189193
3.51355e-05
0
0
0
0
2.9437e-06
2.37752e-05
0.00010884
0.000376349
0.000910597
0.0024355
0.00781584
0.0174932
0.0396931
0.0869579
0.0956517
0.123977
0.181857
0
0
0
0
0
0
0
0
1.61763e-06
9.38644e-06
2.86118e-05
2.44713e-05
7.76893e-05
0.000970782
0.000701763
0.00546915
0.079821
0.345377
1.09556
3.22188
6.792
8.57183
8.91421
8.50385
8.42355
9.00635
10.1418
10.3802
10.1492
8.77027
7.79752
8.39612
9.3357
9.29164
9.88154
11.6595
11.6059
9.82644
8.41811
7.40834
5.29724
1.64166
0.21725
0.0221546
0.0155928
0.0070701
0.00145608
2.93879e-05
0
0
1.03982e-06
4.95531e-05
0.00100932
0.00544184
0.0211461
0.0563189
0.125058
0.307041
0.465846
0.479131
0.500521
0.394014
0.27861
0.576921
7.89793e-06
1.40761e-06
0
0
0
0
0
0
0
3.17288e-06
8.86001e-06
4.323e-06
0.000373114
0.000755116
0.000269255
0.000959595
0.0191304
0.0800143
0.0687521
1.53958
3.65839
5.20446
6.12494
1.84678
2.83987
5.13172
3.26252
9.07275
9.6817
8.74019
8.91172
9.12692
9.14398
9.703
11.3504
10.0167
9.32108
4.22975
2.24385
1.24012
0.545497
0.851045
0.0798401
0.00899507
0.0205423
0.0146563
0.00142309
0.000110447
9.12655e-06
0
0
2.54237e-05
7.38196e-05
0.000655593
0.00194373
0.0116006
0.10047
0.0434336
0.232079
0.651596
0.245461
0.623858
0.118155
0.492824
0
0
0
0
0
0
0
0
0
0
0
0
3.25632e-06
0
1.15959e-05
2.04536e-05
0.000341068
0.000533256
0.00040578
0.501843
0.334051
0.464175
1.03438
0.070856
0.00328023
0.078016
0.00946227
2.04504
5.14405
9.42787
7.19328
8.15111
5.69483
6.44466
4.46754
1.04474
0.657016
0.170166
0.0448828
0.00231727
0.00197402
0.0221172
0.0713656
0.0130392
0.00775204
0.0024204
8.86935e-05
1.25085e-05
2.56223e-06
0
0
0
0
0
0
0
0.00520445
4.06075e-06
0.0150442
0.187521
0.00412087
0.156966
0.00465823
0.0415975
0
0
0
0
0
0
0
0
0
0
0
0
0
0
0
0
0
0
0
0
0
0
0
0
0
8.86868e-06
7.96823e-05
0.266201
1.74833
4.14072
2.29369
1.37306
0.848026
0.696842
0.376258
0.013011
0.00134503
2.9599e-06
0
0
0
1.67949e-06
0
0
0
0
0
0
0
0
0
0
0
0
0
0
0
0
1.02566e-06
3.17694e-06
8.00474e-06
2.44778e-06
6.37208e-06
0
0
0
0
0
0
0
0
0
0
0
0
0
0
0
0
0
0
0
0
0
0
0
0
0
0
0
1.65158e-05
0.00446712
0.186984
0.714513
0.290673
0.055275
0.0143985
0.00567482
0.00162636
0
0
0
0
0
0
0
0
0
0
0
0
0
0
0
0
0
0
0
0
0
0
0
0
0
0
0
0
0
0
0
0
0
0
0
0
0
0
0
0
0
0
0
0
0
0
0
0
0
0
0
0
0
0
0
0
0
0
0.00259271
3.73125e-06
0.000457877
0
0
0
0
0
0
0
0
0
0
0
0
0
0
0
0
0
0
0
0
0
0
0
0
0
0
0
0
0
0
0
0
0
0
0
0
0
0
0
0
0
0
0
0
0
0
0
0
0
0
0
0
0
0
0
0
0
0
0
0
0
0
0
0
0
0
0
0
0
0
0
0
0
0
0
0
0
0
0
0
0
0
0
0
0
0
0
0
0
0
0
0
0
0
0
0
0
0
0
0
0
0
0
0
0
0
0
0
0
0
0
0
0
0
0
0
0
0
0
0
0
0
0
0
0
0
0
0
0
0
0
0
0
0
0
0
0
0
0
0
0
0
0
0
0
0
0
0
0
0
0
0
0
0
0
0
0
0
0
0
0
0
0
0
0
0
0
0
0
0
0
0
0
0
0
0
0
0
0
0
0
0
0
0
0
0
0
0
0
0
0
0
0
0
0
0
0
0
0
0
0
0
0
0
0
0
0
0
0
0
0
0
0
0
0
0
0
0
0
0
0
0
0
0
0
0
0
0
0
0
0
0
0
0
0
0
0
0
0
0
0
0
0
0
0
0
0
0
0
0
0
0
0
0
0
0
0
0
0
0
0
0
0
0
0
0
0
0
0
0
0
0
0
0
0
0
0
0
0
0
0
0
0
0
0
0
0
0
0
0
0
0
0
0
0
0
0
0
0
0
0
0
0
0
0
0
0
0
0
0
0
0
0
0
0
0
0
0
0
0
0
0
0
0
0
0
0
0
0
0
0
0
0
0
0
0
0
0
0
0
0
0
0
0
0
0
0
0
0
0
0
0
0
0
0
0
0
0
0
0
0
0
0
0
0
0
0
0
0
0
0
0
0
0
0
0
0
0
0
0
0
0
0
0
0
0
0
0
0
0
0
0
0
0
0
0
0
0
0
0
0
0
0
0
0
0
0
0
0
0
0
0
0
0
0
0
0
0
0
0
0
0
0
0
0
0
0
0
0
0
0
0
0
0
0
0
0
0
0
0
0
0
0
0
0
0
0
0
0
0
0
0
0
0
0
0
0
0
0
0
0
0
0
0
0
0
0
0
0
0
0
0
0
0
0
0
0
0
0
0
0
0
0
0
0
0
0
0
0
0
0
0
0
0
0
0
0
0
0
0
0
0
0
0
0
0
0
0
0
0
0
0
0
0
0
0
0
0
0
0
0
0
0
0
0
0
0
0
0
0
0
0
0
0
0
0
0
0
0
0
0
0
0
0
0
0
0
0
0
0
0
0
0
0
0
0
0
0
0
0
0
0
0
0
0
0
0
0
0
0
0
0
0
0
0
0
0
0
0
0
0
0
0
0
0
0
0
0
0
0
0
0
0
0
0
0
0
0
0
0
0
0
0
0
0
0
0
0
0
0
0
0
0
0
0
0
0
0
0
0
0
0
0
0
0
0
0
0
0
0
0
0
0
0
0
0
0
0
0
0
0
0
0
0
0
0
0
0
0
0
0
0
0
0
0
0
0
0
0
0
0
0
0
0
0
0
0
0
0
0
0
0
0
0
0
0
0
0
0
0
0
0
0
0
0
0
0
0
0
0
0
0
0
0
0
0
0
0
0
0
0
0
0
0
0
0
0
0
0
0
0
0
0
0
0
0
0
0
0
0
0
0
0
0
0
0
0
0
0
0
0
0
0
0
0
0
0
0
0
0
0
0
0
0
0
0
0
0
0
0
0
0
0
0
0
0
0
0
0
0
0
0
0
0
0
0
0
0
0
0
0
0
0
0
0
0
0
0
0
0
0
0
0
0
0
0
0
0
0
0
0
0
0
0
0
0
0
0
0
0
0
0
0
0
0
0
0
0
0
0
0
0
0
0
0
0
0
0
0
0
0
0
0
0
0
0
0
0
0
0
0
0
0
0
0
0
0
0
0
0
0
0
0
0
0
0
0
0
0
0
0
0
0
0
0
0
0
0
0
0
0
0
0
0
0
0
0
0
0
0
0
0
0
0
0
0
0
0
0
0
0
0
0
0
0
0
0
0
0
0
0
0
0
0
0
0
0
0
0
0
0
0
0
0
0
0
0
0
0
0
0
0
0
0
0
0
0
0
0
0
0
0
0
0
0
0
0
0
0
0
0
0
0
0
0
0
0
0
0
0
0
0
0
0
0
0
0
0
0
0
0
0
0
0
0
0
0
0
0
0
0
0
0
0
0
0
0
0
0
0
0
0
0
0
0
0
0
0
0
0
0
0
0
0
0
0
0
0
0
0
0
0
0
0
0
0
0
0
0
0
0
0
0
0
0
0
0
0
0
0
0
0
0
0
0
0
0
0
0
0
0
0
0
0
0
0
0
0
0
0
0
0
0
0
0
0
0
0
0
0
0
0
0
0
0
0
0
0
0
0
0
0
0
0
0
0
0
0
0
0
0
0
0
0
0
0
0
0
0
0
0
0
0
0
0
0
0
0
0
0
0
0
0
0
0
0
0
0
0
0
0
0
0
0
0
0
0
0
0
0
0
0
0
0
0
0
0
0
0
0
0
0
0
0
0
0
0
0
0
0
0
0
0
0
0
0
0
0
0
0
0
0
0
0
0
0
0
0
0
0
0
0
0
0
0
0
0
0
0
0
0
0
0
0
0
0
0
0
0
0
0
0
0
0
0
0
0
0
0
0
0
0
0
0
0
0
0
0
0
0
0
0
0
0
0
0
0
0
0
0
0
0
0
0
0
0
0
0
0
0
0
0
0
0
0
0
0
0
0
0
0
0
0
0
0
0
0
0
0
0
0
0
0
0
0
0
0
0
0
0
0
0
0
0
0
0
0
0
0
0
0
0
0
0
0
0
0
0
0
0
0
0
0
0
0
0
0
0
0
0
0
0
0
0
0
0
0
0
0
0
0
0
0
0
0
0
0
0
0
0
0
0
0
0
0
0
0
0
0
0
0
0
0
0
0
0
0
0
0
0
0
0
0
0
0
0
0
0
0
0
0
0
0
0
0
0
0
0
0
0
0
0
0
0
0
0
0
0
0
0
0
0
0
0
0
0
0
0
0
0
0
0
0
0
0
0
0
0
0
0
0
0
0
0
0
0
0
0
0
0
0
0
0
0
0
0
0
0
0
0
0
0
0
0
0
0
0
0
0
0
0
0
0
0
0
0
0
0
0
0
0
0
0
0
0
0
0
0
0
0
0
0
0
0
0
0
0
0
0
0
0
0
0
0
0
0
0
0
0
0
0
0
0
0
0
0
0
0
0
0
0
0
0
0
0
0
0
0
0
0
0
0
0
0
0
0
0
0
0
0
0
0
0
0
0
0
0
0
0
0
0
0
0
0
0
0
0
0
0
0
0
0
0
0
0
0
0
0
0
0
0
0
0
0
0
0
0
0
0
0
0
0
0
0
0
0
0
0
0
0
0
0
0
0
0
0
0
0
0
0
0
0
0
0
0
0
0
0
0
0
0
0
0
0
0
0
0
0
0
0
0
0
0
0
0
0
0
0
0
0
0
0
0
0
0
0
0
0
0
0
0
0
0
0
0
0
0
0
0
0
0
0
0
0
0
0
0
0
0
0
0
0
0
0
0
0
0
0
0
0
0
0
0
0
0
0
0
0
0
0
0
0
0
0
0
0
0
0
0
0
0
0
0
0
0
0
0
0
0
0
0
0
0
0
0
0
0
0
0
0
0
0
0
0
0
0
0
0
0
0
0
0
0
0
0
0
0
0
0
0
0
0
0
0
0
0
0
0
0
0
0
0
0
0
0
0
0
0
0
0
0
0
0
0
0
0
0
0
0
0
0
0
0
0
0
0
0
0
0
0
0
0
0
0
0
0
0
0
0
0
0
0
0
0
0
0
0
0
0
0
0
0
0
0
0
0
0
0
0
0
0
0
0
0
0
0
0
0
0
0
0
0
0
0
0
0
0
0
0
0
0
0
0
0
0
0
0
0
0
0
0
0
0
0
0
0
0
0
0
0
0
0
0
0
0
0
0
0
0
0
0
0
0
0
0
0
0
0
0
0
0
0
0
0
0
0
0
0
0
0
0
0
0
0
0
0
0
0
0
0
0
0
0
0
0
0
0
0
0
0
0
0
0
0
0
0
0
0
0
0
0
0
0
0
0
0
0
0
0
0
0
0
0
0
0
0
0
0
0
0
0
0
0
0
0
0
0
0
0
0
0
0
0
0
0
0
0
0
0
0
0
0
0
0
0
0
0
0
0
0
0
0
0
0
0
0
0
0
0
0
0
0
0
0
0
0
0
0
0
0
0
0
0
0
0
0
0
0
0
0
0
0
0
0
0
0
0
0
0
0
0
0
0
0
0
0
0
0
0
0
0
0
0
0
0
0
0
0
0
0
0
0
0
0
0
0
0
0
0
0
0
0
0
0
0
0
0
0
0
0
0
0
0
0
0
0
0
0
0
0
0
0
0
0
0
0
0
0
0
0
0
0
0
0
0
0
0
0
0
0
0
0
0
0
0
0
0
0
0
0
0
0
0
0
0
0
0
0
0
0
0
0
0
0
0
0
0
0
0
0
0
0
0
0
0
0
0
0
0
0
0
0
0
0
0
0
0
0
0
0
0
0
0
0
0
0
0
0
0
0
0
0
0
0
0
0
0
0
0
0
0
0
0
0
0
0
0
0
0
0
0
0
0
0
0
0
0
0
0
0
0
0
0
0
0
0
0
0
0
0
0
0
0
0
0
0
0
0
0
0
0
0
0
0
0
0
0
0
0
0
0
0
0
0
0
0
0
0
0
0
0
0
0
0
0
0
0
0
0
0
0
0
0
0
0
0
0
0
0
0
0
0
0
0
0
0
0
0
0
0
0
0
0
0
0
0
0
0
0
0
0
0
0
0
0
0
0
0
0
0
0
0
0
0
0
0
0
0
0
0
0
0
0
0
0
0
0
0
0
0
0
0
0
0
0
0
0
0
0
0
0
0
0
0
0
0
0
0
0
0
0
0
0
0
0
0
0
0
0
0
0
0
0
0
0
0
0
0
0
0
0
0
0
0
0
0
0
0
0
0
0
0
0
0
0
0
0
0
0
0
0
0
0
0
0
0
0
0
0
0
0
0
0
0
0
0
0
0
0
0
0
0
0
0
0
0
0
0
0
0
0
0
0
0
0
0
0
0
0
0
0
0
0
0
0
0
0
0
0
0
0
0
0
0
0
0
0
0
0
0
0
0
0
0
0
0
0
0
0
0
0
0
0
0
0
0
0
0
0
0
0
0
0
0
0
0
0
0
0
0
0
0
0
0
0
0
0
0
0
0
0
0
0
0
0
0
0
0
0
0
0
0
0
0
0
0
0
0
0
0
0
0
0
0
0
0
0
0
0
0
0
0
0
0
0
0
0
0
0
0
0
0
0
0
0
0
0
0
0
0
0
0
0
0
0
0
0
0
0
0
0
0
0
0
0
0
0
0
0
0
0
0
0
0
0
0
0
0
0
0
0
0
0
0
0
0
0
0
0
0
0
0
0
0
0
0
0
0
0
0
0
0
0
0
0
0
0
0
0
0
0
0
0
0
0
0
0
0
0
0
0
0
0
0
0
0
0
0
0
0
0
0
0
0
0
0
0
0
0
0
0
0
0
0
0
0
0
0
0
0
0
0
0
0
0
0
0
0
0
0
0
0
0
0
0
0
0
0
0
0
0
0
0
0
0
0
0
0
0
0
0
0
0
0
0
0
0
0
0
0
0
0
0
0
0
0
0
0
0
0
0
0
0
0
0
0
0
0
0
0
0
0
0
0
0
0
0
0
0
0
0
0
0
0
0
0
0
0
0
0
0
0
0
0
0
0
0
0
0
0
0
0
0
0
0
0
0
0
0
0
0
0
0
0
0
0
0
0
0
0
0
0
0
0
0
0
0
0
0
0
0
0
0
0
0
0
0
0
0
0
0
0
0
0
0
0
0
0
0
0
0
0
0
0
0
0
0
0
0
0
0
0
0
0
0
0
0
0
0
0
0
0
0
0
0
0
0
0
0
0
0
0
0
0
0
0
0
0
0
0
0
0
0
0
0
0
0
0
0
0
0
0
0
0
0
0
0
0
0
0
0
0
0
0
0
0
0
0
0
0
0
0
0
0
0
0
0
0
0
0
0
0
0
0
0
0
0
0
0
0
0
0
0
0
0
0
0
0
0
0
0
0
0
0
0
0
0
0
0
0
0
0
0
0
0
0
0
0
0
0
0
0
0
0
0
0
0
0
0
0
0
0
0
0
0
0
0
0
0
0
0
0
0
0
0
0
0
0
0
0
0
0
0
0
0
0
0
0
0
0
0
0
0
0
0
0
0
0
0
0
0
0
0
0
0
0
0
0
0
0
0
0
0
0
0
0
0
0
0
0
0
0
0
0
0
0
0
0
0
0
0
0
0
0
0
0
0
0
0
0
0
0
0
0
0
0
0
0
0
0
0
0
0
0
0
0
0
0
0
0
0
0
0
0
0
0
0
0
0
0
0
0
0
0
0
0
0
0
0
0
0
0
0
0
0
0
0
0
0
0
0
0
0
0
0
0
0
0
0
0
0
0
0
0
0
0
0
0
0
0
0
0
0
0
0
0
0
0
0
0
0
0
0
0
0
0
0
0
0
0
0
0
0
0
0
0
0
0
0
0
0
0
0
0
0
0
0
0
0
0
0
0
0
0
0
0
0
0
0
0
0
0
0
0
0
0
0
0
0
0
0
0
0
0
0
0
0
0
0
0
0
0
0
0
0
0
0
0
0
0
0
0
0
0
0
0
0
0
0
0
0
0
0
0
0
0
0
0
0
0
0
0
0
0
0
0
0
0
0
0
0
0
0
0
0
0
0
0
0
0
0
0
0
0
0
0
0
0
0
0
0
0
0
0
0
0
0
0
0
0
0
0
0
0
0
0
0
0
0
0
0
0
0
0
0
0
0
0
0
0
0
0
0
0
0
0
0
0
0
0
0
0
0
0
0
0
0
0
0
0
0
0
0
0
0
0
0
0
0
0
0
0
0
0
0
0
0
0
0
0
0
0
0
0
0
0
0
0
0
0
0
0
0
0
0
0
0
0
0
0
0
0
0
0
0
0
0
0
0
0
0
0
0
0
0
0
0
0
0
0
0
0
0
0
0
0
0
0
0
0
0
0
0
0
0
0
0
0
0
0
0
0
0
0
0
0
0
0
0
0
0
0
0
0
0
0
0
0
0
0
0
0
0
0
0
0
0
0
0
0
0
0
0
0
0
0
0
0
0
0
0
0
0
0
0
0
0
0
0
0
0
0
0
0
0
0
0
0
0
0
0
0
0
0
0
0
0
0
0
0
0
0
0
0
0
0
0
0
0
0
0
0
0
0
0
0
0
0
0
0
0
0
0
0
0
0
0
0
0
0
0
0
0
0
0
0
0
0
0
0
0
0
0
0
0
0
0
0
0
0
0
0
0
0
0
0
0
0
0
0
0
0
0
0
0
0
0
0
0
0
0
0
0
0
0
0
0
0
0
0
0
0
0
0
0
0
0
0
0
0
0
0
0
0
0
0
0
0
0
0
0
0
0
0
0
0
0
0
0
0
0
0
0
0
0
0
0
0
0
0
0
0
0
0
0
0
0
0
0
0
0
0
0
0
0
0
0
0
0
0
0
0
0
0
0
0
0
0
0
0
0
0
0
0
0
0
0
0
0
0
0
0
0
0
0
0
0
0
0
0
0
0
0
0
0
0
0
0
0
0
0
0
0
0
0
0
0
0
0
0
0
0
0
0
0
0
0
0
0
0
0
0
0
0
0
0
0
0
0
0
0
0
0
0
0
0
0
0
0
0
0
0
0
0
0
0
0
0
0
0
0
0
0
0
0
0
0
0
0
0
0
0
0
0
0
0
0
0
0
0
0
0
0
0
0
0
0
0
0
0
0
0
0
0
0
0
0
0
0
0
0
0
0
0
0
0
0
0
0
0
0
0
0
0
0
0
0
0
0
0
0
0
0
0
0
0
0
0
0
0
0
0
0
0
0
0
0
0
0
0
0
0
0
0
0
0
0
0
0
0
0
0
0
0
0
0
0
0
0
0
0
0
0
0
0
0
0
0
0
0
0
0
0
0
0
0
0
0
0
0
0
0
0
0
0
0
0
0
0
0
0
0
0
0
0
0
0
0
0
0
0
0
0
0
0
0
0
0
0
0
0
0
0
0
0
0
0
0
0
0
0
0
0
0
0
0
0
0
0
0
0
0
0
0
0
0
0
0
0
0
0
0
0
0
0
0
0
0
0
0
0
0
0
0
0
0
0
0
0
0
0
0
0
0
0
0
0
0
0
0
0
0
0
0
0
0
0
0
0
0
2.22576e-05
3.70377e-06
0
0
0
0
0
0
0
0
0
1.06749e-06
0.000305508
0.000373831
0.00101845
0.034773
0.389192
1.64605
4.09322
7.66204
8.82854
8.7437
8.31375
8.52129
10.1391
10.5921
10.6279
10.0574
9.98372
8.78332
8.06867
9.11844
9.79645
10.5
9.42843
10.6079
11.8628
10.7952
9.18007
7.55839
5.10455
2.79275
1.12461
0.147899
0.0054312
0.000759074
5.68838e-06
0
0
0
1.26086e-06
5.8471e-05
0.000849472
0.00456293
0.0173865
0.042703
0.112975
0.351911
0.579936
0.794647
1.0684
1.05656
0.952423
0.895778
0.000261061
3.70334e-05
4.01562e-06
0
0
0
0
0
0
0
0
0.000764937
0.012289
0.00779768
0.00812817
0.0982915
0.542696
1.5555
4.03441
7.30287
8.61337
8.59614
8.28585
8.21893
8.94687
9.92192
10.63
10.2718
9.79798
9.10811
8.51369
9.29317
9.90809
10.045
9.62403
11.5998
12.1418
10.9943
8.91714
7.06315
4.76555
2.22194
0.530191
0.0436171
0.00310785
0.000747426
0.000175991
2.1933e-06
0
1.14468e-05
0.000157648
0.00246379
0.0232961
0.093898
0.228925
0.467752
0.88199
1.35828
1.85086
2.29386
2.0571
1.66658
1.1674
1.22758
4.50655e-05
5.95161e-05
4.32524e-05
2.83656e-05
1.59053e-05
4.51646e-06
2.09903e-06
2.92671e-06
1.1869e-06
0
0
0.00606678
0.0105776
0.00237561
0.000365748
0.0484124
0.243656
0.294248
1.67683
5.62116
3.0176
6.93478
1.19376
3.75823
4.20448
7.2925
5.44097
8.81906
9.37623
9.27078
9.23642
9.48211
8.38554
8.75066
10.2853
11.0939
9.96522
5.06423
5.024
2.43003
0.750278
0.320526
0.143209
0.00197256
0.00192113
0.0009559
0.000183958
9.94449e-06
0
4.3948e-06
2.03895e-05
0.000541881
0.00329648
0.0165201
0.151065
0.139076
0.539131
1.30684
0.833109
1.66753
2.20944
0.836847
0.744339
0.565898
8.75446e-05
6.17198e-05
9.75251e-06
2.94994e-05
5.1301e-06
0
4.73725e-06
1.23867e-06
0
0
0
0.000221678
9.26095e-05
0.000482903
0.000901569
0.0387371
0.00307009
0.00813542
0.819725
2.791
0.2289
1.22976
0.00151952
8.95248e-06
0.085044
0.201977
0.308363
2.67347
7.46204
9.52158
10.2639
7.3251
3.86551
3.93329
6.55011
4.21589
0.920518
0.306406
0.469244
0.2135
0
0.00804445
0.0024172
0.000549832
0.000218885
4.18634e-05
2.37185e-06
0
0
0
0
0
1.97769e-06
0
4.38892e-06
7.13726e-06
0.00784973
0.229909
0.00136521
0.0504909
0.312386
0.0670853
0.119158
0.0801094
0
0
0
0
0
0
0
0
0
0
0
0
0
0
0
0
0
0
0
0
0
0
0
0
6.67454e-06
5.95147e-06
0.000147655
0.401199
2.70378
6.50967
6.27399
2.90616
0.780317
0.524933
0.457825
0.0823301
0.00253823
0
2.40693e-06
0
0
0
0
0
0
0
0
0
0
0
0
0
0
0
0
0
1.12887e-05
0.000248789
0.000254229
0.000424361
0.000397387
0.000275814
0.000212369
0
0
0
0
0
0
0
0
0
0
0
0
0
0
0
0
0
0
0
0
0
0
0
0
0
0
0
6.3708e-05
0.00636337
0.0523413
1.22456
0.848853
0.151822
0.00852048
0.00201464
1.4618e-05
0
0
0
0
0
0
0
0
0
0
0
0
0
0
0
0
0
0
0
0
0
1.08307e-06
3.88547e-06
4.73024e-06
3.3995e-06
1.41914e-06
1.43894e-06
0
0
0
0
0
0
0
0
0
0
0
0
0
0
0
0
0
0
0
0
0
0
0
0
0
0
0
0
0
0
1.76898e-05
0.00601269
0.0365168
0
0
0
0
0
0
0
0
0
0
0
0
0
0
0
0
0
0
0
0
0
0
0
0
0
0
0
0
0
0
0
0
0
0
0
0
0
0
0
0
0
0
0
0
0
0
0
0
0
0
0
0
0
0
0
0
0
0
0
0
0
0
0
0
0
0
0
0
0
0
0
0
0
0
0
0
0
0
0
0
0
0
0
0
0
0
0
0
0
0
0
0
0
0
0
0
0
0
0
0
0
0
0
0
0
0
0
0
0
0
0
0
0
0
0
0
0
0
0
0
0
0
0
0
0
0
0
0
0
0
0
0
0
0
0
0
0
0
0
0
0
0
0
0
0
0
0
0
0
0
0
0
0
0
0
0
0
0
0
0
0
0
0
0
0
0
0
0
0
0
0
0
0
0
0
0
0
0
0
0
0
0
0
0
0
0
0
0
0
0
0
0
0
0
0
0
0
0
0
0
0
0
0
0
0
0
0
0
0
0
0
0
0
0
0
0
0
0
0
0
0
0
0
0
0
0
0
0
0
0
0
0
0
0
0
0
0
0
0
0
0
0
0
0
0
0
0
0
0
0
0
0
0
0
0
0
0
0
0
0
0
0
0
0
0
0
0
0
0
0
0
0
0
0
0
0
0
0
0
0
0
0
0
0
0
0
0
0
0
0
0
0
0
0
0
0
0
0
0
0
0
0
0
0
0
0
0
0
0
0
0
0
0
0
0
0
0
0
0
0
0
0
0
0
0
0
0
0
0
0
0
0
0
0
0
0
0
0
0
0
0
0
0
0
0
0
0
0
0
0
0
0
0
0
0
0
0
0
0
0
0
0
0
0
0
0
0
0
0
0
0
0
0
0
0
0
0
0
0
0
0
0
0
0
0
0
0
0
0
0
0
0
0
0
0
0
0
0
0
0
0
0
0
0
0
0
0
0
0
0
0
0
0
0
0
0
0
0
0
0
0
0
0
0
0
0
0
0
0
0
0
0
0
0
0
0
0
0
0
0
0
0
0
0
0
0
0
0
0
0
0
0
0
0
0
0
0
0
0
0
0
0
0
0
0
0
0
0
0
0
0
0
0
0
0
0
0
0
0
0
0
0
0
0
0
0
0
0
0
0
0
0
0
0
0
0
0
0
0
0
0
0
0
0
0
0
0
0
0
0
0
0
0
0
0
0
0
0
0
0
0
0
0
0
0
0
0
0
0
0
0
0
0
0
0
0
0
0
0
0
0
0
0
0
0
0
0
0
0
0
0
0
0
0
0
0
0
0
0
0
0
0
0
0
0
0
0
0
0
0
0
0
0
0
0
0
0
0
0
0
0
0
0
0
0
0
0
0
0
0
0
0
0
0
0
0
0
0
0
0
0
0
0
0
0
0
0
0
0
0
0
0
0
0
0
0
0
0
0
0
0
0
0
0
0
0
0
0
0
0
0
0
0
0
0
0
0
0
0
0
0
0
0
0
0
0
0
0
0
0
0
0
0
0
0
0
0
0
0
0
0
0
0
0
0
0
0
0
0
0
0
0
0
0
0
0
0
0
0
0
0
0
0
0
0
0
0
0
0
0
0
0
0
0
0
0
0
0
0
0
0
0
0
0
0
0
0
0
0
0
0
0
0
0
0
0
0
0
0
0
0
0
0
0
0
0
0
0
0
0
0
0
0
0
0
0
0
0
0
0
0
0
0
0
0
0
0
0
0
0
0
0
0
0
0
0
0
0
0
0
0
0
0
0
0
0
0
0
0
0
0
0
0
0
0
0
0
0
0
0
0
0
0
0
0
0
0
0
0
0
0
0
0
0
0
0
0
0
0
0
0
0
0
0
0
0
0
0
0
0
0
0
0
0
0
0
0
0
0
0
0
0
0
0
0
0
0
0
0
0
0
0
0
0
0
0
0
0
0
0
0
0
0
0
0
0
0
0
0
0
0
0
0
0
0
0
0
0
0
0
0
0
0
0
0
0
0
0
0
0
0
0
0
0
0
0
0
0
0
0
0
0
0
0
0
0
0
0
0
0
0
0
0
0
0
0
0
0
0
0
0
0
0
0
0
0
0
0
0
0
0
0
0
0
0
0
0
0
0
0
0
0
0
0
0
0
0
0
0
0
0
0
0
0
0
0
0
0
0
0
0
0
0
0
0
0
0
0
0
0
0
0
0
0
0
0
0
0
0
0
0
0
0
0
0
0
0
0
0
0
0
0
0
0
0
0
0
0
0
0
0
0
0
0
0
0
0
0
0
0
0
0
0
0
0
0
0
0
0
0
0
0
0
0
0
0
0
0
0
0
0
0
0
0
0
0
0
0
0
0
0
0
0
0
0
0
0
0
0
0
0
0
0
0
0
0
0
0
0
0
0
0
0
0
0
0
0
0
0
0
0
0
0
0
0
0
0
0
0
0
0
0
0
0
0
0
0
0
0
0
0
0
0
0
0
0
0
0
0
0
0
0
0
0
0
0
0
0
0
0
0
0
0
0
0
0
0
0
0
0
0
0
0
0
0
0
0
0
0
0
0
0
0
0
0
0
0
0
0
0
0
0
0
0
0
0
0
0
0
0
0
0
0
0
0
0
0
0
0
0
0
0
0
0
0
0
0
0
0
0
0
0
0
0
0
0
0
0
0
0
0
0
0
0
0
0
0
0
0
0
0
0
0
0
0
0
0
0
0
0
0
0
0
0
0
0
0
0
0
0
0
0
0
0
0
0
0
0
0
0
0
0
0
0
0
0
0
0
0
0
0
0
0
0
0
0
0
0
0
0
0
0
0
0
0
0
0
0
0
0
0
0
0
0
0
0
0
0
0
0
0
0
0
0
0
0
0
0
0
0
0
0
0
0
0
0
0
0
0
0
0
0
0
0
0
0
0
0
0
0
0
0
0
0
0
0
0
0
0
0
0
0
0
0
0
0
0
0
0
0
0
0
0
0
0
0
0
0
0
0
0
0
0
0
0
0
0
0
0
0
0
0
0
0
0
0
0
0
0
0
0
0
0
0
0
0
0
0
0
0
0
0
0
0
0
0
0
0
0
0
0
0
0
0
0
0
0
0
0
0
0
0
0
0
0
0
0
0
0
0
0
0
0
0
0
0
0
0
0
0
0
0
0
0
0
0
0
0
0
0
0
0
0
0
0
0
0
0
0
0
0
0
0
0
0
0
0
0
0
0
0
0
0
0
0
0
0
0
0
0
0
0
0
0
0
0
0
0
0
0
0
0
0
0
0
0
0
0
0
0
0
0
0
0
0
0
0
0
0
0
0
0
0
0
0
0
0
0
0
0
0
0
0
0
0
0
0
0
0
0
0
0
0
0
0
0
0
0
0
0
0
0
0
0
0
0
0
0
0
0
0
0
0
0
0
0
0
0
0
0
0
0
0
0
0
0
0
0
0
0
0
0
0
0
0
0
0
0
0
0
0
0
0
0
0
0
0
0
0
0
0
0
0
0
0
0
0
0
0
0
0
0
0
0
0
0
0
0
0
0
0
0
0
0
0
0
0
0
0
0
0
0
0
0
0
0
0
0
0
0
0
0
0
0
0
0
0
0
0
0
0
0
0
0
0
0
0
0
0
0
0
0
0
0
0
0
0
0
0
0
0
0
0
0
0
0
0
0
0
0
0
0
0
0
0
0
0
0
0
0
0
0
0
0
0
0
0
0
0
0
0
0
0
0
0
0
0
0
0
0
0
0
0
0
0
0
0
0
0
0
0
0
0
0
0
0
0
0
0
0
0
0
0
0
0
0
0
0
0
0
0
0
0
0
0
0
0
0
0
0
0
0
0
0
0
0
0
0
0
0
0
0
0
0
0
0
0
0
0
0
0
0
0
0
0
0
0
0
0
0
0
0
0
0
0
0
0
0
0
0
0
0
0
0
0
0
0
0
0
0
0
0
0
0
0
0
0
0
0
0
0
0
0
0
0
0
0
0
0
0
0
0
0
0
0
0
0
0
0
0
0
0
0
0
0
0
0
0
0
0
0
0
0
0
0
0
0
0
0
0
0
0
0
0
0
0
0
0
0
0
0
0
0
0
0
0
0
0
0
0
0
0
0
0
0
0
0
0
0
0
0
0
0
0
0
0
0
0
0
0
0
0
0
0
0
0
0
0
0
0
0
0
0
0
0
0
0
0
0
0
0
0
0
0
0
0
0
0
0
0
0
0
0
0
0
0
0
0
0
0
0
0
0
0
0
0
0
0
0
0
0
0
0
0
0
0
0
0
0
0
0
0
0
0
0
0
0
0
0
0
0
0
0
0
0
0
0
0
0
0
0
0
0
0
0
0
0
0
0
0
0
0
0
0
0
0
0
0
0
0
0
0
0
0
0
0
0
0
0
0
0
0
0
0
0
0
0
0
0
0
0
0
0
0
0
0
0
0
0
0
0
0
0
0
0
0
0
0
0
0
0
0
0
0
0
0
0
0
0
0
0
0
0
0
0
0
0
0
0
0
0
0
0
0
0
0
0
0
0
0
0
0
0
0
0
0
0
0
0
0
0
0
0
0
0
0
0
0
0
0
0
0
0
0
0
0
0
0
0
0
0
0
0
0
0
0
0
0
0
0
0
0
0
0
0
0
0
0
0
0
0
0
0
0
0
0
0
0
0
0
0
0
0
0
0
0
0
0
0
0
0
0
0
0
0
0
0
0
0
0
0
0
0
0
0
0
0
0
0
0
0
0
0
0
0
0
0
0
0
0
0
0
0
0
0
0
0
0
0
0
0
0
0
0
0
0
0
0
0
0
0
0
0
0
0
0
0
0
0
0
0
0
0
0
0
0
0
0
0
0
0
0
0
0
0
0
0
0
0
0
0
0
0
0
0
0
0
0
0
0
0
0
0
0
0
0
0
0
0
0
0
0
0
0
0
0
0
0
0
0
0
0
0
0
0
0
0
0
0
0
0
0
0
0
0
0
0
0
0
0
0
0
0
0
0
0
0
0
0
0
0
0
0
0
0
0
0
0
0
0
0
0
0
0
0
0
0
0
0
0
0
0
0
0
0
0
0
0
0
0
0
0
0
0
0
0
0
0
0
0
0
0
0
0
0
0
0
0
0
0
0
0
0
0
0
0
0
0
0
0
0
0
0
0
0
0
0
0
0
0
0
0
0
0
0
0
0
0
0
0
0
0
0
0
0
0
0
0
0
0
0
0
0
0
0
0
0
0
0
0
0
0
0
0
0
0
0
0
0
0
0
0
0
0
0
0
0
0
0
0
0
0
0
0
0
0
0
0
0
0
0
0
0
0
0
0
0
0
0
0
0
0
0
0
0
0
0
0
0
0
0
0
0
0
0
0
0
0
0
0
0
0
0
0
0
0
0
0
0
0
0
0
0
0
0
0
0
0
0
0
0
0
0
0
0
0
0
0
0
0
0
0
0
0
0
0
0
0
0
0
0
0
0
0
0
0
0
0
0
0
0
0
0
0
0
0
0
0
0
0
0
0
0
0
0
0
0
0
0
0
0
0
0
0
0
0
0
0
0
0
0
0
0
0
0
0
0
0
0
0
0
0
0
0
0
0
0
0
0
0
0
0
0
0
0
0
0
0
0
0
0
0
0
0
0
0
0
0
0
0
0
0
0
0
0
0
0
0
0
0
0
0
0
0
0
0
0
0
0
0
0
0
0
0
0
0
0
0
0
0
0
0
0
0
0
0
0
0
0
0
0
0
0
0
0
0
0
0
0
0
0
0
0
0
0
0
0
0
0
0
0
0
0
0
0
0
0
0
0
0
0
0
0
0
0
0
0
0
0
0
0
0
0
0
0
0
0
0
0
0
0
0
0
0
0
0
0
0
0
0
0
0
0
0
0
0
0
0
0
0
0
0
0
0
0
0
0
0
0
0
0
0
0
0
0
0
0
0
0
0
0
0
0
0
0
0
0
0
0
0
0
0
0
0
0
0
0
0
0
0
0
0
0
0
0
0
0
0
0
0
0
0
0
0
0
0
0
0
0
0
0
0
0
0
0
0
0
0
0
0
0
0
0
0
0
0
0
0
0
0
0
0
0
0
0
0
0
0
0
0
0
0
0
0
0
0
0
0
0
0
0
0
0
0
0
0
0
0
0
0
0
0
0
0
0
0
0
0
0
0
0
0
0
0
0
0
0
0
0
0
0
0
0
0
0
0
0
0
0
0
0
0
0
0
0
0
0
0
0
0
0
0
0
0
0
0
0
0
0
0
0
0
0
0
0
0
0
0
0
0
0
0
0
0
0
0
0
0
0
0
0
0
0
0
0
0
0
0
0
0
0
0
0
0
0
0
0
0
0
0
0
0
0
0
0
0
0
0
0
0
0
0
0
0
0
0
0
0
0
0
0
0
0
0
0
0
0
0
0
0
0
0
0
0
0
0
0
0
0
0
0
0
0
0
0
0
0
0
0
0
0
0
0
0
0
0
0
0
0
0
0
0
0
0
0
0
0
0
0
0
0
0
0
0
0
0
0
0
0
0
0
0
0
0
0
0
0
0
0
0
0
0
0
0
0
0
0
0
0
0
0
0
0
0
0
0
0
0
0
0
0
0
0
0
0
0
0
0
0
0
0
0
0
0
0
0
0
0
0
0
0
0
0
0
0
0
0
0
0
0
0
0
0
0
0
0
0
0
0
0
0
0
0
0
0
0
0
0
0
0
0
0
0
0
0
0
0
0
0
0
0
0
0
0
0
0
0
0
0
0
0
0
0
0
0
0
0
0
0
0
0
0
0
0
0
0
0
0
0
0
0
0
0
0
0
0
0
0
0
0
0
0
0
0
0
0
0
0
0
0
0
0
0
0
0
0
0
0
0
0
0
0
0
0
0
0
0
0
0
0
0
0
0
0
0
0
0
0
0
0
0
0
0
0
0
0
0
0
0
0
0
0
0
0
0
0
0
0
0
0
0
0
0
0
0
0
0
0
0
0
0
0
0
0
0
0
0
0
0
0
0
0
0
0
0
0
0
0
0
0
0
0
0
0
0
0
0
0
0
0
0
0
0
0
0
0
0
0
0
0
0
0
0
0
0
0
0
0
0
0
0
0
0
0
0
0
0
0
0
0
0
0
0
0
0
0
0
0
0
0
0
0
0
0
0
0
0
0
0
0
0
0
0
0
0
0
0
0
0
0
0
0
0
0
0
0
0
0
0
0
0
0
0
0
0
0
0
0
0
0
0
0
0
0
0
0
0
0
0
0
0
0
0
0
0
0
0
0
0
0
0
0
0
0
0
0
0
0
0
0
0
0
0
0
0
0
0
0
0
0
0
0
0
0
0
0
0
0
0
0
0
0
0
0
0
0
0
0
0
0
0
0
0
0
0
0
0
0
0
0
0
0
0
0
0
0
0
0
0
0
0
0
0
0
0
0
0
0
0
0
0
0
0
0
0
0
0
0
0
0
0
0
0
0
0
0
0
0
0
0
0
0
0
0
0
0
0
0
0
0
0
0
0
0
0
0
0
0
0
0
0
0
0
0
0
0
0
0
0
0
0
0
0
0
0
0
0
0
0
0
0
0
0
0
0
0
0
0
0
0
0
0
0
0
0
0
0
0
0
0
0
0
0
0
0
0
0
0
0
0
0
0
0
0
0
0
0
0
0
0
0
0
0
0
0
0
0
0
0
0
0
0
0
0
0
0
0
0
0
0
0
0
0
0
0
0
0
0
0
0
0
0
0
0
0
0
0
0
0
0
0
0
0
0
0
0
0
0
0
0
0
0
0
0
0
0
0
0
0
0
0
0
0
0
0
0
0
0
0
0
0
0
0
0
0
0
0
0
0
0
0
0
0
0
0
0
0
0
0
0
0
0
0
0
0
0
0
0
0
0
0
0
0
0
0
0
0
0
0
0
0
0
0
0
0
0
0
0
0
0
0
0
0
0
0
0
0
0
0
0
0
0
0
0
0
0
0
0
0
0
0
0
0
0
0
0
0
0
0
0
0
0
0
0
0
0
0
0
0
0
0
0
0
0
0
0
0
0
0
0
0
0
0
0
0
0
0
0
0
0
0
0
0
0
0
0
0
0
0
0
0
0
0
0
0
0
0
0
0
0
0
0
0
0
0
0
0
0
0
0
0
0
0
0
0
0
0
0
0
0
0
0
0
0
0
0
0
0
0
0
0
0
0
0
0
0
0
0
0
0
0
0
0
0
0
0
0
0
0
0
0
0
0
0
0
0
0
0
0
0
0
0
0
0
0
0
0
0
0
0
0
0
0
0
0
0
0
0
0
0
0
0
0
0
0
0
0
0
0
0
0
0
0
0
0
0
0
0
0
0
0
0
0
0
0
0
0
0
0
0
0
0
0
0
0
0
0
0
0
0
0
0.0021573
0.000224685
6.14656e-05
5.45839e-05
4.7339e-05
2.40854e-05
9.22013e-06
3.07952e-06
1.13992e-06
0
2.80122e-06
0.00565515
0.00651655
0.00369236
0.0458065
0.44392
1.80998
4.82156
8.27456
8.89227
8.44753
8.23299
8.31159
9.49774
11.1128
11.296
11.3323
10.8122
10.0859
9.68628
9.68205
10.0457
10.2868
8.53503
8.80308
9.86193
11.1568
11.9715
10.927
9.32403
7.24309
5.22025
3.31718
1.44621
0.440547
0.0659208
9.02382e-06
0
7.49024e-06
5.29594e-05
0.000210463
0.00139387
0.0187071
0.103556
0.386983
0.629929
1.07441
2.46975
3.3824
3.51197
3.34864
2.766
2.28799
1.74243
0.0119865
0.0102755
0.0302713
0.00967874
0.00321158
0.000902308
0.00042335
0.000148748
5.21338e-05
4.40738e-05
0.0166277
0.0920603
0.0744878
0.0239634
0.211084
1.06871
2.5552
5.24483
8.11749
8.62648
8.29826
8.15634
8.09053
9.12923
10.1443
10.8348
10.9537
10.4954
10.1147
9.7071
9.80823
9.72143
9.32799
8.04275
9.58863
9.76444
11.4648
12.3461
10.9931
9.13547
6.5393
4.78139
3.0717
1.18852
0.262599
0.0269225
1.42315e-05
6.05649e-06
0.000104465
0.00130566
0.00644306
0.0560479
0.244474
0.768674
1.59839
2.20673
3.43653
4.64393
4.74946
5.17823
5.12637
3.90018
2.6391
1.8108
0.00883795
0.0116706
0.0491999
0.01726
0.0164279
0.00369772
0.0288522
0.00555776
0.00156083
0.0137404
0.0543113
0.0640858
0.0238478
0.0266229
0.230451
1.24534
0.770626
3.70189
7.13385
2.42417
6.50828
2.12627
5.63098
6.30266
6.81445
7.74561
8.48841
8.72362
10.3351
9.75049
9.29222
9.1285
9.17128
9.36209
9.47346
9.80257
10.3537
11.3029
6.20134
8.13456
4.81432
3.29972
1.54201
1.09605
0.0692399
0.0289473
9.50609e-06
2.4487e-06
7.59559e-05
0.00124302
0.00517361
0.0250742
0.222242
0.502128
0.103278
0.870661
0.898982
1.87927
5.14642
5.36641
3.5384
3.98046
0.576527
1.80037
0.00482261
0.00102556
0.057469
0.016727
0.0259329
0.0743403
0.00776407
0.0358902
0.0310008
0
0.00822777
0.00179418
0.00405181
0.03786
0.0374288
0.0859008
0.00940847
2.15236
4.2181
0.375098
1.34714
0
0.621506
0.228478
0.170163
0.215301
0.69867
1.54119
7.60072
10.2614
11.8213
10.1468
8.4348
6.53837
5.69919
9.34461
1.45153
1.93516
0.340487
1.46168
0.60304
0.549571
0.0560757
0.855072
0.00427446
0.00280368
7.38018e-06
0
3.34687e-05
0.000314124
0.000413565
8.77136e-05
0.000485864
0.00318932
9.8202e-06
0.0165116
0.0322792
0.0597605
0.967262
1.82501
0.271869
1.10763
0.0486167
0.331597
0
0.000338568
0.000143818
0.000140225
0.000151269
6.77226e-05
1.99603e-05
3.17465e-06
0
0
0
0
0
0
0
0
0
0
0
0
0
0
0
3.59193e-06
0
4.17798e-06
0.000306402
0.0424347
2.99952
8.29439
8.83424
3.98242
0.976838
0.840019
0.613108
0.292597
0.0144861
0
0
1.08958e-06
0
0
0
0
0
0
0
0
0
0
0
0
0
2.86069e-06
6.30881e-06
1.5957e-05
5.00136e-05
0.00299811
0.00736947
0.00910719
0.00447102
0.00251527
0.00195946
0
0
0
0
0
0
0
0
0
0
0
0
0
0
0
0
0
0
0
0
0
0
0
0
0
0
0
0
1.46757e-05
0.0465321
2.20942
1.3814
0.237941
0.00323998
3.17857e-05
1.3209e-05
0
0
0
0
0
0
0
0
0
0
0
0
0
0
0
0
0
0
1.46146e-06
3.74425e-06
6.69346e-06
1.57876e-05
4.00907e-05
2.49501e-05
2.09882e-05
1.56934e-05
4.32597e-06
1.19881e-05
0
0
0
0
0
0
0
0
0
0
0
0
0
0
0
0
0
0
0
0
0
0
0
0
0
0
0
0
0
4.33569e-05
0.113449
0.0805052
0.0164379
0
0
0
0
0
0
0
0
0
0
0
0
0
0
0
0
0
0
0
0
0
0
1.66697e-06
3.53805e-06
4.93594e-06
1.27773e-05
1.12611e-05
4.24645e-06
2.26746e-06
1.0099e-06
0
0
0
0
0
0
0
0
0
0
0
0
0
0
0
0
0
0
0
0
0
0
0
0
0
0
0
0
0
0
0
3.78528e-05
9.95465e-06
0
0
0
0
0
0
0
0
0
0
0
0
0
0
0
0
0
0
0
0
0
0
0
0
0
2.12887e-06
2.31788e-06
3.3189e-06
1.05036e-06
0
0
0
0
0
0
0
0
0
0
0
0
0
0
0
0
0
0
0
0
0
0
0
0
0
0
0
0
0
0
0
0
0
0
0
0
0
0
0
0
0
0
0
0
0
0
0
0
0
0
0
0
0
0
0
0
0
0
0
0
0
0
0
0
0
0
0
0
0
0
0
0
0
0
0
0
0
0
0
0
0
0
0
0
0
0
0
0
0
0
0
0
0
0
0
0
0
0
0
0
0
0
0
0
0
0
0
0
0
0
0
0
0
0
0
0
0
0
0
0
0
0
0
0
0
0
0
0
0
0
0
0
0
0
0
0
0
0
0
0
0
0
0
0
0
0
0
0
0
0
0
0
0
0
0
0
0
0
0
0
0
0
0
0
0
0
0
0
0
0
0
0
0
0
0
0
0
0
0
0
0
0
0
0
0
0
0
0
0
0
0
0
0
0
0
0
0
0
0
0
0
0
0
0
0
0
0
0
0
0
0
0
0
0
0
0
0
0
0
0
0
0
0
0
0
0
0
0
0
0
0
0
0
0
0
0
0
0
0
0
0
0
0
0
0
0
0
0
0
0
0
0
0
0
0
0
0
0
0
0
0
0
0
0
0
0
0
0
0
0
0
0
0
0
0
0
0
0
0
0
0
0
0
0
0
0
0
0
0
0
0
0
0
0
0
0
0
0
0
0
0
0
0
0
0
0
0
0
0
0
0
0
0
0
0
0
0
0
0
0
0
0
0
0
0
0
0
0
0
0
0
0
0
0
0
0
0
0
0
0
0
0
0
0
0
0
0
0
0
0
0
0
0
0
0
0
0
0
0
0
0
0
0
0
0
0
0
0
0
0
0
0
0
0
0
0
0
0
0
0
0
0
0
0
0
0
0
0
0
0
0
0
0
0
0
0
0
0
0
0
0
0
0
0
0
0
0
0
0
0
0
0
0
0
0
0
0
0
0
0
0
0
0
0
0
0
0
0
0
0
0
0
0
0
0
0
0
0
0
0
0
0
0
0
0
0
0
0
0
0
0
0
0
0
0
0
0
0
0
0
0
0
0
0
0
0
0
0
0
0
0
0
0
0
0
0
0
0
0
0
0
0
0
0
0
0
0
0
0
0
0
0
0
0
0
0
0
0
0
0
0
0
0
0
0
0
0
0
0
0
0
0
0
0
0
0
0
0
0
0
0
0
0
0
0
0
0
0
0
0
0
0
0
0
0
0
0
0
0
0
0
0
0
0
0
0
0
0
0
0
0
0
0
0
0
0
0
0
0
0
0
0
0
0
0
0
0
0
0
0
0
0
0
0
0
0
0
0
0
0
0
0
0
0
0
0
0
0
0
0
0
0
0
0
0
0
0
0
0
0
0
0
0
0
0
0
0
0
0
0
0
0
0
0
0
0
0
0
0
0
0
0
0
0
0
0
0
0
0
0
0
0
0
0
0
0
0
0
0
0
0
0
0
0
0
0
0
0
0
0
0
0
0
0
0
0
0
0
0
0
0
0
0
0
0
0
0
0
0
0
0
0
0
0
0
0
0
0
0
0
0
0
0
0
0
0
0
0
0
0
0
0
0
0
0
0
0
0
0
0
0
0
0
0
0
0
0
0
0
0
0
0
0
0
0
0
0
0
0
0
0
0
0
0
0
0
0
0
0
0
0
0
0
0
0
0
0
0
0
0
0
0
0
0
0
0
0
0
0
0
0
0
0
0
0
0
0
0
0
0
0
0
0
0
0
0
0
0
0
0
0
0
0
0
0
0
0
0
0
0
0
0
0
0
0
0
0
0
0
0
0
0
0
0
0
0
0
0
0
0
0
0
0
0
0
0
0
0
0
0
0
0
0
0
0
0
0
0
0
0
0
0
0
0
0
0
0
0
0
0
0
0
0
0
0
0
0
0
0
0
0
0
0
0
0
0
0
0
0
0
0
0
0
0
0
0
0
0
0
0
0
0
0
0
0
0
0
0
0
0
0
0
0
0
0
0
0
0
0
0
0
0
0
0
0
0
0
0
0
0
0
0
0
0
0
0
0
0
0
0
0
0
0
0
0
0
0
0
0
0
0
0
0
0
0
0
0
0
0
0
0
0
0
0
0
0
0
0
0
0
0
0
0
0
0
0
0
0
0
0
0
0
0
0
0
0
0
0
0
0
0
0
0
0
0
0
0
0
0
0
0
0
0
0
0
0
0
0
0
0
0
0
0
0
0
0
0
0
0
0
0
0
0
0
0
0
0
0
0
0
0
0
0
0
0
0
0
0
0
0
0
0
0
0
0
0
0
0
0
0
0
0
0
0
0
0
0
0
0
0
0
0
0
0
0
0
0
0
0
0
0
0
0
0
0
0
0
0
0
0
0
0
0
0
0
0
0
0
0
0
0
0
0
0
0
0
0
0
0
0
0
0
0
0
0
0
0
0
0
0
0
0
0
0
0
0
0
0
0
0
0
0
0
0
0
0
0
0
0
0
0
0
0
0
0
0
0
0
0
0
0
0
0
0
0
0
0
0
0
0
0
0
0
0
0
0
0
0
0
0
0
0
0
0
0
0
0
0
0
0
0
0
0
0
0
0
0
0
0
0
0
0
0
0
0
0
0
0
0
0
0
0
0
0
0
0
0
0
0
0
0
0
0
0
0
0
0
0
0
0
0
0
0
0
0
0
0
0
0
0
0
0
0
0
0
0
0
0
0
0
0
0
0
0
0
0
0
0
0
0
0
0
0
0
0
0
0
0
0
0
0
0
0
0
0
0
0
0
0
0
0
0
0
0
0
0
0
0
0
0
0
0
0
0
0
0
0
0
0
0
0
0
0
0
0
0
0
0
0
0
0
0
0
0
0
0
0
0
0
0
0
0
0
0
0
0
0
0
0
0
0
0
0
0
0
0
0
0
0
0
0
0
0
0
0
0
0
0
0
0
0
0
0
0
0
0
0
0
0
0
0
0
0
0
0
0
0
0
0
0
0
0
0
0
0
0
0
0
0
0
0
0
0
0
0
0
0
0
0
0
0
0
0
0
0
0
0
0
0
0
0
0
0
0
0
0
0
0
0
0
0
0
0
0
0
0
0
0
0
0
0
0
0
0
0
0
0
0
0
0
0
0
0
0
0
0
0
0
0
0
0
0
0
0
0
0
0
0
0
0
0
0
0
0
0
0
0
0
0
0
0
0
0
0
0
0
0
0
0
0
0
0
0
0
0
0
0
0
0
0
0
0
0
0
0
0
0
0
0
0
0
0
0
0
0
0
0
0
0
0
0
0
0
0
0
0
0
0
0
0
0
0
0
0
0
0
0
0
0
0
0
0
0
0
0
0
0
0
0
0
0
0
0
0
0
0
0
0
0
0
0
0
0
0
0
0
0
0
0
0
0
0
0
0
0
0
0
0
0
0
0
0
0
0
0
0
0
0
0
0
0
0
0
0
0
0
0
0
0
0
0
0
0
0
0
0
0
0
0
0
0
0
0
0
0
0
0
0
0
0
0
0
0
0
0
0
0
0
0
0
0
0
0
0
0
0
0
0
0
0
0
0
0
0
0
0
0
0
0
0
0
0
0
0
0
0
0
0
0
0
0
0
0
0
0
0
0
0
0
0
0
0
0
0
0
0
0
0
0
0
0
0
0
0
0
0
0
0
0
0
0
0
0
0
0
0
0
0
0
0
0
0
0
0
0
0
0
0
0
0
0
0
0
0
0
0
0
0
0
0
0
0
0
0
0
0
0
0
0
0
0
0
0
0
0
0
0
0
0
0
0
0
0
0
0
0
0
0
0
0
0
0
0
0
0
0
0
0
0
0
0
0
0
0
0
0
0
0
0
0
0
0
0
0
0
0
0
0
0
0
0
0
0
0
0
0
0
0
0
0
0
0
0
0
0
0
0
0
0
0
0
0
0
0
0
0
0
0
0
0
0
0
0
0
0
0
0
0
0
0
0
0
0
0
0
0
0
0
0
0
0
0
0
0
0
0
0
0
0
0
0
0
0
0
0
0
0
0
0
0
0
0
0
0
0
0
0
0
0
0
0
0
0
0
0
0
0
0
0
0
0
0
0
0
0
0
0
0
0
0
0
0
0
0
0
0
0
0
0
0
0
0
0
0
0
0
0
0
0
0
0
0
0
0
0
0
0
0
0
0
0
0
0
0
0
0
0
0
0
0
0
0
0
0
0
0
0
0
0
0
0
0
0
0
0
0
0
0
0
0
0
0
0
0
0
0
0
0
0
0
0
0
0
0
0
0
0
0
0
0
0
0
0
0
0
0
0
0
0
0
0
0
0
0
0
0
0
0
0
0
0
0
0
0
0
0
0
0
0
0
0
0
0
0
0
0
0
0
0
0
0
0
0
0
0
0
0
0
0
0
0
0
0
0
0
0
0
0
0
0
0
0
0
0
0
0
0
0
0
0
0
0
0
0
0
0
0
0
0
0
0
0
0
0
0
0
0
0
0
0
0
0
0
0
0
0
0
0
0
0
0
0
0
0
0
0
0
0
0
0
0
0
0
0
0
0
0
0
0
0
0
0
0
0
0
0
0
0
0
0
0
0
0
0
0
0
0
0
0
0
0
0
0
0
0
0
0
0
0
0
0
0
0
0
0
0
0
0
0
0
0
0
0
0
0
0
0
0
0
0
0
0
0
0
0
0
0
0
0
0
0
0
0
0
0
0
0
0
0
0
0
0
0
0
0
0
0
0
0
0
0
0
0
0
0
0
0
0
0
0
0
0
0
0
0
0
0
0
0
0
0
0
0
0
0
0
0
0
0
0
0
0
0
0
0
0
0
0
0
0
0
0
0
0
0
0
0
0
0
0
0
0
0
0
0
0
0
0
0
0
0
0
0
0
0
0
0
0
0
0
0
0
0
0
0
0
0
0
0
0
0
0
0
0
0
0
0
0
0
0
0
0
0
0
0
0
0
0
0
0
0
0
0
0
0
0
0
0
0
0
0
0
0
0
0
0
0
0
0
0
0
0
0
0
0
0
0
0
0
0
0
0
0
0
0
0
0
0
0
0
0
0
0
0
0
0
0
0
0
0
0
0
0
0
0
0
0
0
0
0
0
0
0
0
0
0
0
0
0
0
0
0
0
0
0
0
0
0
0
0
0
0
0
0
0
0
0
0
0
0
0
0
0
0
0
0
0
0
0
0
0
0
0
0
0
0
0
0
0
0
0
0
0
0
0
0
0
0
0
0
0
0
0
0
0
0
0
0
0
0
0
0
0
0
0
0
0
0
0
0
0
0
0
0
0
0
0
0
0
0
0
0
0
0
0
0
0
0
0
0
0
0
0
0
0
0
0
0
0
0
0
0
0
0
0
0
0
0
0
0
0
0
0
0
0
0
0
0
0
0
0
0
0
0
0
0
0
0
0
0
0
0
0
0
0
0
0
0
0
0
0
0
0
0
0
0
0
0
0
0
0
0
0
0
0
0
0
0
0
0
0
0
0
0
0
0
0
0
0
0
0
0
0
0
0
0
0
0
0
0
0
0
0
0
0
0
0
0
0
0
0
0
0
0
0
0
0
0
0
0
0
0
0
0
0
0
0
0
0
0
0
0
0
0
0
0
0
0
0
0
0
0
0
0
0
0
0
0
0
0
0
0
0
0
0
0
0
0
0
0
0
0
0
0
0
0
0
0
0
0
0
0
0
0
0
0
0
0
0
0
0
0
0
0
0
0
0
0
0
0
0
0
0
0
0
0
0
0
0
0
0
0
0
0
0
0
0
0
0
0
0
0
0
0
0
0
0
0
0
0
0
0
0
0
0
0
0
0
0
0
0
0
0
0
0
0
0
0
0
0
0
0
0
0
0
0
0
0
0
0
0
0
0
0
0
0
0
0
0
0
0
0
0
0
0
0
0
0
0
0
0
0
0
0
0
0
0
0
0
0
0
0
0
0
0
0
0
0
0
0
0
0
0
0
0
0
0
0
0
0
0
0
0
0
0
0
0
0
0
0
0
0
0
0
0
0
0
0
0
0
0
0
0
0
0
0
0
0
0
0
0
0
0
0
0
0
0
0
0
0
0
0
0
0
0
0
0
0
0
0
0
0
0
0
0
0
0
0
0
0
0
0
0
0
0
0
0
0
0
0
0
0
0
0
0
0
0
0
0
0
0
0
0
0
0
0
0
0
0
0
0
0
0
0
0
0
0
0
0
0
0
0
0
0
0
0
0
0
0
0
0
0
0
0
0
0
0
0
0
0
0
0
0
0
0
0
0
0
0
0
0
0
0
0
0
0
0
0
0
0
0
0
0
0
0
0
0
0
0
0
0
0
0
0
0
0
0
0
0
0
0
0
0
0
0
0
0
0
0
0
0
0
0
0
0
0
0
0
0
0
0
0
0
0
0
0
0
0
0
0
0
0
0
0
0
0
0
0
0
0
0
0
0
0
0
0
0
0
0
0
0
0
0
0
0
0
0
0
0
0
0
0
0
0
0
0
0
0
0
0
0
0
0
0
0
0
0
0
0
0
0
0
0
0
0
0
0
0
0
0
0
0
0
0
0
0
0
0
0
0
0
0
0
0
0
0
0
0
0
0
0
0
0
0
0
0
0
0
0
0
0
0
0
0
0
0
0
0
0
0
0
0
0
0
0
0
0
0
0
0
0
0
0
0
0
0
0
0
0
0
0
0
0
0
0
0
0
0
0
0
0
0
0
0
0
0
0
0
0
0
0
0
0
0
0
0
0
0
0
0
0
0
0
0
0
0
0
0
0
0
0
0
0
0
0
0
0
0
0
0
0
0
0
0
0
0
0
0
0
0
0
0
0
0
0
0
0
0
0
0
0
0
0
0
0
0
0
0
0
0
0
0
0
0
0
0
0
0
0
0
0
0
0
0
0
0
0
0
0
0
0
0
0
0
0
0
0
0
0
0
0
0
0
0
0
0
0
0
0
0
0
0
0
0
0
0
0
0
0
0
0
0
0
0
0
0
0
0
0
0
0
0
0
0
0
0
0
0
0
0
0
0
0
0
0
0
0
0
0
0
0
0
0
0
0
0
0
0
0
0
0
0
0
0
0
0
0
0
0
0
0
0
0
0
0
0
0
0
0
0
0
0
0
0
0
0
0
0
0
0
0
0
0
0
0
0
0
0
0
0
0
0
0
0
0
0
0
0
0
0
0
0
0
0
0
0
0
0
0
0
0
0
0
0
0
0
0
0
0
0
0
0
0
0
0
0
0
0
0
0
0
0
0
0
0
0
0
0
0
0
0
0
0
0
0
0
0
0
0
0
0
0
0
0
0
0
0
0
0
0
0
0
0
0
0
0
0
0
0
0
0
0
0
0
0
0
0
0
0
0
0
0
0
0
0
0
0
0
0
0
0
0
0
0
0
0
0
0
0
0
0
0
0
0
0
0
0
0
0
0
0
0
0
0
0
0
0
0
0
0
0
0
0
0
0
0
0
0
0
0
0
0
0
0
0
0
0
0
0
0
0
0
0
0
0
0
0
0
0
0
0
0
0
0
0
0
0
0
0
0
0
0
0
0
0
0
0
0
0
0
0
0
0
0
0
0
0
0
0
0
0
0
0
0
0
0
0
0
0
0
0
0
0
0
0
0
0
0
0
0
0
0
0
0
0
0
0
0
0
0
0
0
0
0
0
0
0
0
0
0
0
0
0
0
0
0
0
0
0
0
0
0
0
0
0
0
0
0
0
0
0
0
0
0
0
0
0
0
0
0
0
0
0
0
0
0
0
0
0
0
0
0
0
0
0
0
0
0
0
0
0
0
0
0
0
0
0
0
0
0
0
0
0
0
0
0
0
0
0
0
0
0
0
0
0
0
0
0
0
0
0
0
0
0
0
0
0
0
0
0
0
0
0
0
0
0
0
0
0
0
0
0
0
0
0
0
0
0
0
0
0
0
0
0
0
0
0
0
0
0
0
0
0
0
0
0
0
0
0
0
0
0
0
0
0
0
0
0
0
0
0
0
0
0
0
0
0
0
0
0
0
0
0
0
0
0
0
0
0
0
0
0
0
0
0
0
0
0
0
0
0
0
0
0
0
0
0
0
0
0
0
0
0
0
0
0
0
0
0
0
0
0
0
0
0
0
0
0
0
0
0
0
0
0
0
0
0
0
0.0385418
0.0342729
0.0731146
0.243143
0.182412
0.0515709
0.0155054
0.00491169
0.00181417
0.00341338
0.0491953
0.109068
0.0540678
0.0888094
0.749883
2.46458
5.87428
8.65327
8.92246
8.33586
8.38089
8.59687
9.67826
10.4483
11.1058
11.3098
11.0722
10.5829
10.2145
9.22271
10.3034
8.9798
8.53002
10.3541
10.2814
11.0183
10.6509
11.0443
11.6831
11.0896
10.1571
9.22616
9.02469
8.35439
6.72733
3.00059
0.0593048
6.2787e-06
6.24759e-05
0.000697749
0.00421812
0.0210439
0.14648
0.761295
2.34706
3.48662
4.37129
6.8501
7.71035
7.49087
7.05262
5.6008
4.16163
2.6882
0.108429
0.265427
0.371462
0.617227
0.659312
0.477702
0.494161
0.378832
0.406923
0.36135
0.520523
0.389169
0.163163
0.475288
1.90099
4.04514
6.31895
8.49055
8.58311
8.21571
8.22927
8.36052
9.12344
10.0387
10.3759
10.8589
10.8926
10.6633
10.4186
9.21929
10.2731
9.70286
9.62556
9.94733
10.2153
10.7813
10.4536
11.2505
12.1324
11.3455
9.9286
8.71788
8.3356
7.70564
6.33201
3.75369
0.260773
0.000660282
0.00226087
0.018579
0.0756844
0.287783
1.06602
2.63205
4.76817
6.19605
7.44616
8.8081
8.94363
8.96509
8.2669
6.8781
4.92466
2.64456
0.215878
0.0895611
0.368914
0.835965
0.364291
0.972475
0.458296
0.597366
0.263242
0.443082
0.372588
0.204506
0.143955
0.675003
1.05638
2.37004
4.18756
7.14916
2.73438
2.72984
5.30344
2.46518
3.64329
7.23975
3.98293
6.55716
7.019
6.60787
9.77903
9.31207
10.1387
9.92096
9.12974
9.20448
9.56449
9.58231
10.3857
9.88432
10.1457
7.96579
8.46372
3.28782
1.967
1.60154
1.69443
0.355686
0.470299
0.000572647
0.000945832
0.00811767
0.0601155
0.239277
0.512634
1.71693
3.52925
2.02165
4.50568
4.41202
7.73169
5.22309
8.68598
2.96008
0.747504
2.1357
0.0121563
0.012013
0.144125
0.446943
0.0411223
0.317367
0.0889337
0.0909695
0.000101147
0.00972334
0.00127474
0.00898921
0.0838138
0.0469598
0.0273336
0.119694
0.686656
2.55323
0.305134
0.00516142
1.08197
0.00167355
0.0368976
0.280311
0.0382101
0.3082
0.0074009
0.219955
3.67153
9.1505
10.192
10.8093
9.48126
6.32847
6.59508
6.6819
5.71734
0.859985
1.47473
0.67065
1.09392
0.163558
0.0720135
0.00762074
0.0109257
0.0307575
0.0661607
0.000495418
7.81101e-06
0.000198417
0.00298794
0.0026077
6.83679e-05
0.000423301
0.146795
0.000663366
0.626631
0.482048
1.12861
0.617367
4.5424
0.515593
0.0397971
0.213034
0
0.0034152
0.00127974
0.000778443
0.001865
0.00050476
0.000257126
2.65678e-05
0
0
0
0
0
0
0
0
0
0
0
0
0
0
0
0
0
0
0
0.000851234
0.280486
6.84999
9.88029
9.77644
6.79007
2.02345
2.05347
1.28556
0.207189
0.00674911
0.00111541
4.88159e-05
0
1.78775e-05
1.08678e-06
0
0
0
0
0
0
0
0
1.50722e-06
9.1832e-06
2.9112e-05
4.55331e-05
5.99528e-05
8.61824e-05
0.0146873
0.0211041
0.0657211
0.0217945
0.0185441
0.0105546
1.86516e-06
0
3.67483e-06
0
0
0
0
0
0
0
0
0
0
0
0
0
0
0
0
0
0
0
0
0
0
0
0
0
0
0.00202466
3.22375
0.584454
0.875957
0.335944
0.236206
0.308074
0.147107
0.00504318
0
0
0
0
0
0
0
0
0
0
0
0
0
0
0
4.97815e-06
1.49134e-05
1.98117e-05
3.40185e-05
3.86172e-05
6.72521e-05
5.52637e-05
0.000818738
2.83262e-05
5.92775e-05
8.36516e-05
0
0
0
0
0
0
0
0
0
0
0
0
0
0
0
0
0
0
0
0
0
0
0
0
0
0
0
0
0
2.75096e-05
0.0464811
0.196614
0.0356243
0.00330653
0
0
0
0
0
0
0
0
0
0
0
0
0
0
0
0
0
0
0
1.18115e-06
4.19649e-06
9.44967e-06
1.00071e-05
2.16306e-05
2.44457e-05
3.67793e-05
1.82292e-05
1.12713e-05
5.26226e-06
1.59391e-06
0
0
0
0
0
0
0
0
0
0
0
0
0
0
0
0
0
0
0
0
0
0
0
0
0
0
0
0
0
0
3.44488e-05
0.000314383
0
0
0
0
0
0
0
0
0
0
0
0
0
0
0
0
0
0
0
0
0
0
0
2.7031e-06
3.66878e-06
8.71873e-06
7.94625e-06
1.36733e-05
6.83988e-06
3.01205e-06
1.08226e-06
0
0
0
0
0
0
0
0
0
0
0
0
0
0
0
0
0
0
0
0
0
0
0
0
0
0
0
0
0
0
0
0
0
0
0
0
0
0
0
0
0
0
0
0
0
0
0
0
0
0
0
0
0
0
0
0
0
1.40397e-06
2.38051e-06
4.08928e-06
4.10019e-06
2.51216e-06
0
0
0
0
0
0
0
0
0
0
0
0
0
0
0
0
0
0
0
0
0
0
0
0
0
0
0
0
0
0
0
0
0
0
0
0
0
0
0
0
0
0
0
0
0
0
0
0
0
0
0
0
0
0
0
0
0
0
0
0
1.3113e-06
2.28555e-06
1.29404e-06
0
0
0
0
0
0
0
0
0
0
0
0
0
0
0
0
0
0
0
0
0
0
0
0
0
0
0
0
0
0
0
0
0
0
0
0
0
0
0
0
0
0
0
0
0
0
0
0
0
0
0
0
0
0
0
0
0
0
0
0
0
0
0
0
0
0
0
0
0
0
0
0
0
0
0
0
0
0
0
0
0
0
0
0
0
0
0
0
0
0
0
0
0
0
0
0
0
0
0
0
0
0
0
0
0
0
0
0
0
0
0
0
0
0
0
0
0
0
0
0
0
0
0
0
0
0
0
0
0
0
0
0
0
0
0
0
0
0
0
0
0
0
0
0
0
0
0
0
0
0
0
0
0
0
0
0
0
0
0
0
0
0
0
0
0
0
0
0
0
0
0
0
0
0
0
0
0
0
0
0
0
0
0
0
0
0
0
0
0
0
0
0
0
0
0
0
0
0
0
0
0
0
0
0
0
0
0
0
0
0
0
0
0
0
0
0
0
0
0
0
0
0
0
0
0
0
0
0
0
0
0
0
0
0
0
0
0
0
0
0
0
0
0
0
0
0
0
0
0
0
0
0
0
0
0
0
0
0
0
0
0
0
0
0
0
0
0
0
0
0
0
0
0
0
0
0
0
0
0
0
0
0
0
0
0
0
0
0
0
0
0
0
0
0
0
0
0
0
0
0
0
0
0
0
0
0
0
0
0
0
0
0
0
0
0
0
0
0
0
0
0
0
0
0
0
0
0
0
0
0
0
0
0
0
0
0
0
0
0
0
0
0
0
0
0
0
0
0
0
0
0
0
0
0
0
0
0
0
0
0
0
0
0
0
0
0
0
0
0
0
0
0
0
0
0
0
0
0
0
0
0
0
0
0
0
0
0
0
0
0
0
0
0
0
0
0
0
0
0
0
0
0
0
0
0
0
0
0
0
0
0
0
0
0
0
0
0
0
0
0
0
0
0
0
0
0
0
0
0
0
0
0
0
0
0
0
0
0
0
0
0
0
0
0
0
0
0
0
0
0
0
0
0
0
0
0
0
0
0
0
0
0
0
0
0
0
0
0
0
0
0
0
0
0
0
0
0
0
0
0
0
0
0
0
0
0
0
0
0
0
0
0
0
0
0
0
0
0
0
0
0
0
0
0
0
0
0
0
0
0
0
0
0
0
0
0
0
0
0
0
0
0
0
0
0
0
0
0
0
0
0
0
0
0
0
0
0
0
0
0
0
0
0
0
0
0
0
0
0
0
0
0
0
0
0
0
0
0
0
0
0
0
0
0
0
0
0
0
0
0
0
0
0
0
0
0
0
0
0
0
0
0
0
0
0
0
0
0
0
0
0
0
0
0
0
0
0
0
0
0
0
0
0
0
0
0
0
0
0
0
0
0
0
0
0
0
0
0
0
0
0
0
0
0
0
0
0
0
0
0
0
0
0
0
0
0
0
0
0
0
0
0
0
0
0
0
0
0
0
0
0
0
0
0
0
0
0
0
0
0
0
0
0
0
0
0
0
0
0
0
0
0
0
0
0
0
0
0
0
0
0
0
0
0
0
0
0
0
0
0
0
0
0
0
0
0
0
0
0
0
0
0
0
0
0
0
0
0
0
0
0
0
0
0
0
0
0
0
0
0
0
0
0
0
0
0
0
0
0
0
0
0
0
0
0
0
0
0
0
0
0
0
0
0
0
0
0
0
0
0
0
0
0
0
0
0
0
0
0
0
0
0
0
0
0
0
0
0
0
0
0
0
0
0
0
0
0
0
0
0
0
0
0
0
0
0
0
0
0
0
0
0
0
0
0
0
0
0
0
0
0
0
0
0
0
0
0
0
0
0
0
0
0
0
0
0
0
0
0
0
0
0
0
0
0
0
0
0
0
0
0
0
0
0
0
0
0
0
0
0
0
0
0
0
0
0
0
0
0
0
0
0
0
0
0
0
0
0
0
0
0
0
0
0
0
0
0
0
0
0
0
0
0
0
0
0
0
0
0
0
0
0
0
0
0
0
0
0
0
0
0
0
0
0
0
0
0
0
0
0
0
0
0
0
0
0
0
0
0
0
0
0
0
0
0
0
0
0
0
0
0
0
0
0
0
0
0
0
0
0
0
0
0
0
0
0
0
0
0
0
0
0
0
0
0
0
0
0
0
0
0
0
0
0
0
0
0
0
0
0
0
0
0
0
0
0
0
0
0
0
0
0
0
0
0
0
0
0
0
0
0
0
0
0
0
0
0
0
0
0
0
0
0
0
0
0
0
0
0
0
0
0
0
0
0
0
0
0
0
0
0
0
0
0
0
0
0
0
0
0
0
0
0
0
0
0
0
0
0
0
0
0
0
0
0
0
0
0
0
0
0
0
0
0
0
0
0
0
0
0
0
0
0
0
0
0
0
0
0
0
0
0
0
0
0
0
0
0
0
0
0
0
0
0
0
0
0
0
0
0
0
0
0
0
0
0
0
0
0
0
0
0
0
0
0
0
0
0
0
0
0
0
0
0
0
0
0
0
0
0
0
0
0
0
0
0
0
0
0
0
0
0
0
0
0
0
0
0
0
0
0
0
0
0
0
0
0
0
0
0
0
0
0
0
0
0
0
0
0
0
0
0
0
0
0
0
0
0
0
0
0
0
0
0
0
0
0
0
0
0
0
0
0
0
0
0
0
0
0
0
0
0
0
0
0
0
0
0
0
0
0
0
0
0
0
0
0
0
0
0
0
0
0
0
0
0
0
0
0
0
0
0
0
0
0
0
0
0
0
0
0
0
0
0
0
0
0
0
0
0
0
0
0
0
0
0
0
0
0
0
0
0
0
0
0
0
0
0
0
0
0
0
0
0
0
0
0
0
0
0
0
0
0
0
0
0
0
0
0
0
0
0
0
0
0
0
0
0
0
0
0
0
0
0
0
0
0
0
0
0
0
0
0
0
0
0
0
0
0
0
0
0
0
0
0
0
0
0
0
0
0
0
0
0
0
0
0
0
0
0
0
0
0
0
0
0
0
0
0
0
0
0
0
0
0
0
0
0
0
0
0
0
0
0
0
0
0
0
0
0
0
0
0
0
0
0
0
0
0
0
0
0
0
0
0
0
0
0
0
0
0
0
0
0
0
0
0
0
0
0
0
0
0
0
0
0
0
0
0
0
0
0
0
0
0
0
0
0
0
0
0
0
0
0
0
0
0
0
0
0
0
0
0
0
0
0
0
0
0
0
0
0
0
0
0
0
0
0
0
0
0
0
0
0
0
0
0
0
0
0
0
0
0
0
0
0
0
0
0
0
0
0
0
0
0
0
0
0
0
0
0
0
0
0
0
0
0
0
0
0
0
0
0
0
0
0
0
0
0
0
0
0
0
0
0
0
0
0
0
0
0
0
0
0
0
0
0
0
0
0
0
0
0
0
0
0
0
0
0
0
0
0
0
0
0
0
0
0
0
0
0
0
0
0
0
0
0
0
0
0
0
0
0
0
0
0
0
0
0
0
0
0
0
0
0
0
0
0
0
0
0
0
0
0
0
0
0
0
0
0
0
0
0
0
0
0
0
0
0
0
0
0
0
0
0
0
0
0
0
0
0
0
0
0
0
0
0
0
0
0
0
0
0
0
0
0
0
0
0
0
0
0
0
0
0
0
0
0
0
0
0
0
0
0
0
0
0
0
0
0
0
0
0
0
0
0
0
0
0
0
0
0
0
0
0
0
0
0
0
0
0
0
0
0
0
0
0
0
0
0
0
0
0
0
0
0
0
0
0
0
0
0
0
0
0
0
0
0
0
0
0
0
0
0
0
0
0
0
0
0
0
0
0
0
0
0
0
0
0
0
0
0
0
0
0
0
0
0
0
0
0
0
0
0
0
0
0
0
0
0
0
0
0
0
0
0
0
0
0
0
0
0
0
0
0
0
0
0
0
0
0
0
0
0
0
0
0
0
0
0
0
0
0
0
0
0
0
0
0
0
0
0
0
0
0
0
0
0
0
0
0
0
0
0
0
0
0
0
0
0
0
0
0
0
0
0
0
0
0
0
0
0
0
0
0
0
0
0
0
0
0
0
0
0
0
0
0
0
0
0
0
0
0
0
0
0
0
0
0
0
0
0
0
0
0
0
0
0
0
0
0
0
0
0
0
0
0
0
0
0
0
0
0
0
0
0
0
0
0
0
0
0
0
0
0
0
0
0
0
0
0
0
0
0
0
0
0
0
0
0
0
0
0
0
0
0
0
0
0
0
0
0
0
0
0
0
0
0
0
0
0
0
0
0
0
0
0
0
0
0
0
0
0
0
0
0
0
0
0
0
0
0
0
0
0
0
0
0
0
0
0
0
0
0
0
0
0
0
0
0
0
0
0
0
0
0
0
0
0
0
0
0
0
0
0
0
0
0
0
0
0
0
0
0
0
0
0
0
0
0
0
0
0
0
0
0
0
0
0
0
0
0
0
0
0
0
0
0
0
0
0
0
0
0
0
0
0
0
0
0
0
0
0
0
0
0
0
0
0
0
0
0
0
0
0
0
0
0
0
0
0
0
0
0
0
0
0
0
0
0
0
0
0
0
0
0
0
0
0
0
0
0
0
0
0
0
0
0
0
0
0
0
0
0
0
0
0
0
0
0
0
0
0
0
0
0
0
0
0
0
0
0
0
0
0
0
0
0
0
0
0
0
0
0
0
0
0
0
0
0
0
0
0
0
0
0
0
0
0
0
0
0
0
0
0
0
0
0
0
0
0
0
0
0
0
0
0
0
0
0
0
0
0
0
0
0
0
0
0
0
0
0
0
0
0
0
0
0
0
0
0
0
0
0
0
0
0
0
0
0
0
0
0
0
0
0
0
0
0
0
0
0
0
0
0
0
0
0
0
0
0
0
0
0
0
0
0
0
0
0
0
0
0
0
0
0
0
0
0
0
0
0
0
0
0
0
0
0
0
0
0
0
0
0
0
0
0
0
0
0
0
0
0
0
0
0
0
0
0
0
0
0
0
0
0
0
0
0
0
0
0
0
0
0
0
0
0
0
0
0
0
0
0
0
0
0
0
0
0
0
0
0
0
0
0
0
0
0
0
0
0
0
0
0
0
0
0
0
0
0
0
0
0
0
0
0
0
0
0
0
0
0
0
0
0
0
0
0
0
0
0
0
0
0
0
0
0
0
0
0
0
0
0
0
0
0
0
0
0
0
0
0
0
0
0
0
0
0
0
0
0
0
0
0
0
0
0
0
0
0
0
0
0
0
0
0
0
0
0
0
0
0
0
0
0
0
0
0
0
0
0
0
0
0
0
0
0
0
0
0
0
0
0
0
0
0
0
0
0
0
0
0
0
0
0
0
0
0
0
0
0
0
0
0
0
0
0
0
0
0
0
0
0
0
0
0
0
0
0
0
0
0
0
0
0
0
0
0
0
0
0
0
0
0
0
0
0
0
0
0
0
0
0
0
0
0
0
0
0
0
0
0
0
0
0
0
0
0
0
0
0
0
0
0
0
0
0
0
0
0
0
0
0
0
0
0
0
0
0
0
0
0
0
0
0
0
0
0
0
0
0
0
0
0
0
0
0
0
0
0
0
0
0
0
0
0
0
0
0
0
0
0
0
0
0
0
0
0
0
0
0
0
0
0
0
0
0
0
0
0
0
0
0
0
0
0
0
0
0
0
0
0
0
0
0
0
0
0
0
0
0
0
0
0
0
0
0
0
0
0
0
0
0
0
0
0
0
0
0
0
0
0
0
0
0
0
0
0
0
0
0
0
0
0
0
0
0
0
0
0
0
0
0
0
0
0
0
0
0
0
0
0
0
0
0
0
0
0
0
0
0
0
0
0
0
0
0
0
0
0
0
0
0
0
0
0
0
0
0
0
0
0
0
0
0
0
0
0
0
0
0
0
0
0
0
0
0
0
0
0
0
0
0
0
0
0
0
0
0
0
0
0
0
0
0
0
0
0
0
0
0
0
0
0
0
0
0
0
0
0
0
0
0
0
0
0
0
0
0
0
0
0
0
0
0
0
0
0
0
0
0
0
0
0
0
0
0
0
0
0
0
0
0
0
0
0
0
0
0
0
0
0
0
0
0
0
0
0
0
0
0
0
0
0
0
0
0
0
0
0
0
0
0
0
0
0
0
0
0
0
0
0
0
0
0
0
0
0
0
0
0
0
0
0
0
0
0
0
0
0
0
0
0
0
0
0
0
0
0
0
0
0
0
0
0
0
0
0
0
0
0
0
0
0
0
0
0
0
0
0
0
0
0
0
0
0
0
0
0
0
0
0
0
0
0
0
0
0
0
0
0
0
0
0
0
0
0
0
0
0
0
0
0
0
0
0
0
0
0
0
0
0
0
0
0
0
0
0
0
0
0
0
0
0
0
0
0
0
0
0
0
0
0
0
0
0
0
0
0
0
0
0
0
0
0
0
0
0
0
0
0
0
0
0
0
0
0
0
0
0
0
0
0
0
0
0
0
0
0
0
0
0
0
0
0
0
0
0
0
0
0
0
0
0
0
0
0
0
0
0
0
0
0
0
0
0
0
0
0
0
0
0
0
0
0
0
0
0
0
0
0
0
0
0
0
0
0
0
0
0
0
0
0
0
0
0
0
0
0
0
0
0
0
0
0
0
0
0
0
0
0
0
0
0
0
0
0
0
0
0
0
0
0
0
0
0
0
0
0
0
0
0
0
0
0
0
0
0
0
0
0
0
0
0
0
0
0
0
0
0
0
0
0
0
0
0
0
0
0
0
0
0
0
0
0
0
0
0
0
0
0
0
0
0
0
0
0
0
0
0
0
0
0
0
0
0
0
0
0
0
0
0
0
0
0
0
0
0
0
0
0
0
0
0
0
0
0
0
0
0
0
0
0
0
0
0
0
0
0
0
0
0
0
0
0
0
0
0
0
0
0
0
0
0
0
0
0
0
0
0
0
0
0
0
0
0
0
0
0
0
0
0
0
0
0
0
0
0
0
0
0
0
0
0
0
0
0
0
0
0
0
0
0
0
0
0
0
0
0
0
0
0
0
0
0
0
0
0
0
0
0
0
0
0
0
0
0
0
0
0
0
0
0
0
0
0
0
0
0
0
0
0
0
0
0
0
0
0
0
0
0
0
0
0
0
0
0
0
0
0
0
0
0
0
0
0
0
0
0
0
0
0
0
0
0
0
0
0
0
0
0
0
0
0
0
0
0
0
0
0
0
0
0
0
0
0
0
0
0
0
0
0
0
0
0
0
0
0
0
0
0
0
0
0
0
0
0
0
0
0
0
0
0
0
0
0
0
0
0
0
0
0
0
0
0
0
0
0
0
0
0
0
0
0
0
0
0
0
0
0
0
0
0
0
0
0
0
0
0
0
0
0
0
0
0
0
0
0
0
0
0
0
0
0
0
0
0
0
0
0
0
0
0
0
0
0
0
0
0
0
0
0
0
0
0
0
0
0
0
0
0
0
0
0
0
0
0
0
0
0
0
0
0
0
0
0
0
0
0
0
0
0
0
0
0
0
0
0
0
0
0
0
0
0
0
0
0
0
0
0
0
0
0
0
0
0
0
0
0
0
0
0
0
0
0
0
0
0
0
0
0
0
0
0
0
0
0
0
0
0
0
0
0
0
0
0
0
0
0
0
0
0
0
0
0
0
0
0
0
0
0
0
0
0
0
0
0
0
0
0
0
0
0
0
0
0
0
0
0
0
0
0
0
0
0
0
0
0
0
0
0
0
0
0
0
0
0
0
0
0
0
0
0
0
0
0
0
0
0
0
0
0
0
0
0
0
0
0
0
0
0
0
0
0
0
0
0
0
0
0
0
0
0
0
0
0
0
0
0
0
0
0.211452
0.268085
0.599914
1.37487
1.67512
0.77877
0.545535
0.305649
0.256002
0.595829
0.54184
0.408706
0.236714
1.20714
3.27836
6.20624
8.56483
8.88132
8.31065
8.35056
8.46718
9.28536
10.2166
10.801
11.0239
10.8622
9.70396
8.51788
8.98536
9.51021
9.9941
8.86262
7.80931
5.99795
12.9695
12.7185
10.624
10.7047
11.067
11.5613
11.4274
11.2075
10.494
10.218
8.70267
7.30638
0.0954411
0.0015542
0.000285082
0.00296428
0.0299475
0.146146
0.632332
2.01175
4.89463
7.10051
8.22226
9.78387
9.99349
9.91475
9.52909
8.45927
6.55794
3.89327
0.401221
0.916561
1.18536
2.3736
2.5145
2.42406
2.21388
2.02668
1.84459
1.99684
1.48464
0.583163
0.618128
2.71646
5.03496
7.08734
8.58433
8.57891
8.31695
8.17684
8.64568
8.81977
10.0564
10.3456
10.5495
10.9632
10.3117
10.025
9.52619
9.48179
8.74013
7.03075
7.59274
9.78135
11.7055
11.606
10.889
10.688
11.2696
11.85
11.4276
10.9729
10.0468
8.79542
6.81621
5.89631
0.54784
0.0133525
0.00610046
0.0591393
0.30769
0.785332
2.04886
4.5262
7.79206
9.26167
9.99612
10.1243
10.0209
9.90667
9.70753
8.93569
6.68948
3.51162
0.466098
0.442656
1.3101
1.21101
2.04392
2.26486
1.0042
0.754031
0.663245
1.21292
1.36698
0.469958
0.73914
1.37529
3.61241
2.91697
6.16925
2.9404
3.04033
4.97
2.14975
4.87785
6.42058
4.69737
4.34712
10.0026
10.069
8.74668
10.4075
10.151
8.79913
9.73608
11.2509
9.91797
9.63602
9.91378
10.119
10.0577
11.2293
10.4694
8.99287
8.74902
5.3829
1.85374
1.00681
0.520446
0.161324
0.0285405
0.00378955
0.047407
0.155642
0.618362
0.876289
2.97972
1.74324
2.71294
5.30499
7.99323
5.54035
7.58893
6.51246
8.27239
1.64986
1.76915
0.0608944
0.122832
2.11163
0.256852
0.219109
0.692013
0.267908
0.13102
0.123863
0.0465123
0.209358
0.0230036
0.177011
0.0365727
0.288214
0.207912
1.28363
0.131324
0.0833826
1.27153
0.0137905
0.724416
0.824667
0.137557
0.347895
3.2691
2.23136
2.53207
8.74788
10.5037
10.7053
10.6757
7.78533
8.26047
6.49745
5.55582
3.9631
5.73732
5.74937
4.20344
1.34777
3.17653
1.68154
0.134472
0.0606662
0.0409919
0.0116078
0.0187565
9.88922e-05
0.00198764
0.00588074
0.0344801
0.0016803
0.0253684
0.0208456
0.039073
0.164253
3.08964
0.791212
1.69312
1.4929
4.84257
0.189991
0.0875235
0
0.0165674
0.00620924
0.0121023
0.0113933
0.00244783
0.000673685
4.02763e-05
0
0
0
0
0
0
0
0
0
0
0
0
0
6.47655e-06
1.41348e-05
0
0
0.00049877
0.00520202
0.0482252
2.74246
10.047
9.49949
8.25414
4.62213
3.2445
1.94736
1.08095
0.217501
0.038957
0.00495555
0.00465392
0.0015067
0.000849325
9.53492e-05
0
0
0
0
0
0
0
1.02002e-06
8.62236e-06
3.42934e-05
7.45855e-05
8.3867e-05
9.09618e-05
0.000113655
0.0351502
0.0889084
0.250499
0.151558
0.0767282
0.0542442
1.64443e-06
0
2.88514e-06
0
1.20664e-06
0
0
0
0
0
0
0
0
0
0
0
0
0
0
0
0
0
0
0
0
0
0
0
0
0.00740496
4.17287
4.8623
2.27632
0.781748
0.142775
0.675172
0.744938
0.181559
0.0163
0.000251583
0
0
0
0
0
0
0
0
0
0
0
0
3.45401e-06
1.34038e-05
2.63708e-05
3.98131e-05
4.86764e-05
5.46469e-05
6.60475e-05
0.00133552
0.00133583
0.00278941
2.79699e-05
0.000274603
1.78942e-06
0
0
0
0
0
0
0
0
0
0
0
0
0
0
0
0
0
0
0
0
0
0
0
0
0
0
0
0
0.000104097
0.0868839
0.279255
0.113816
0.0105953
0
0.000250405
1.10135e-05
0
0
0
0
0
0
0
0
0
0
0
0
0
0
0
1.37614e-06
3.72118e-06
8.43165e-06
1.49001e-05
1.81254e-05
2.69044e-05
3.2774e-05
4.44819e-05
3.24862e-05
2.50126e-05
1.19845e-05
3.81497e-06
0
0
0
0
0
0
0
0
0
0
0
0
0
0
0
0
0
0
0
0
0
0
0
0
0
0
0
0
0
0
0.000632731
0.000157872
0
0
0
0
0
0
0
0
0
0
0
0
0
0
0
0
0
0
0
0
0
1.28159e-06
3.22352e-06
7.15449e-06
9.14724e-06
1.38191e-05
1.67443e-05
2.26586e-05
1.81427e-05
7.51035e-06
4.23885e-06
1.12956e-06
0
0
0
0
0
0
0
0
0
0
0
0
0
0
0
0
0
0
0
0
0
0
0
0
0
0
0
0
0
0
0
0
0
0
0
0
0
0
0
0
0
0
0
0
0
0
0
0
0
0
0
0
0
0
1.84675e-06
3.06898e-06
4.42514e-06
8.39653e-06
9.90391e-06
1.22616e-05
1.00383e-05
3.77897e-06
0
0
0
0
0
0
0
0
0
0
0
0
0
0
0
0
0
0
0
0
0
0
0
0
0
0
0
0
0
0
0
0
0
0
0
0
0
0
0
0
0
0
0
0
0
0
0
0
0
0
0
0
0
0
0
0
0
1.74157e-06
2.52103e-06
5.06569e-06
5.45531e-06
5.80403e-06
4.2757e-06
1.39807e-06
0
0
0
0
0
0
0
0
0
0
0
0
0
0
0
0
0
0
0
0
0
0
0
0
0
0
0
0
0
0
0
0
0
0
0
0
0
0
0
0
0
0
0
0
0
0
0
0
0
0
0
0
0
0
0
0
0
0
1.10661e-06
1.82426e-06
2.02013e-06
2.11376e-06
1.03683e-06
0
0
0
0
0
0
0
0
0
0
0
0
0
0
0
0
0
0
0
0
0
0
0
0
0
0
0
0
0
0
0
0
0
0
0
0
0
0
0
0
0
0
0
0
0
0
0
0
0
0
0
0
0
0
0
0
0
0
0
0
0
0
0
0
0
0
0
0
0
0
0
0
0
0
0
0
0
0
0
0
0
0
0
0
0
0
0
0
0
0
0
0
0
0
0
0
0
0
0
0
0
0
0
0
0
0
0
0
0
0
0
0
0
0
0
0
0
0
0
0
0
0
0
0
0
0
0
0
0
0
0
0
0
0
0
0
0
0
0
0
0
0
0
0
0
0
0
0
0
0
0
0
0
0
0
0
0
0
0
0
0
0
0
0
0
0
0
0
0
0
0
0
0
0
0
0
0
0
0
0
0
0
0
0
0
0
0
0
0
0
0
0
0
0
0
0
0
0
0
0
0
0
0
0
0
0
0
0
0
0
0
0
0
0
0
0
0
0
0
0
0
0
0
0
0
0
0
0
0
0
0
0
0
0
0
0
0
0
0
0
0
0
0
0
0
0
0
0
0
0
0
0
0
0
0
0
0
0
0
0
0
0
0
0
0
0
0
0
0
0
0
0
0
0
0
0
0
0
0
0
0
0
0
0
0
0
0
0
0
0
0
0
0
0
0
0
0
0
0
0
0
0
0
0
0
0
0
0
0
0
0
0
0
0
0
0
0
0
0
0
0
0
0
0
0
0
0
0
0
0
0
0
0
0
0
0
0
0
0
0
0
0
0
0
0
0
0
0
0
0
0
0
0
0
0
0
0
0
0
0
0
0
0
0
0
0
0
0
0
0
0
0
0
0
0
0
0
0
0
0
0
0
0
0
0
0
0
0
0
0
0
0
0
0
0
0
0
0
0
0
0
0
0
0
0
0
0
0
0
0
0
0
0
0
0
0
0
0
0
0
0
0
0
0
0
0
0
0
0
0
0
0
0
0
0
0
0
0
0
0
0
0
0
0
0
0
0
0
0
0
0
0
0
0
0
0
0
0
0
0
0
0
0
0
0
0
0
0
0
0
0
0
0
0
0
0
0
0
0
0
0
0
0
0
0
0
0
0
0
0
0
0
0
0
0
0
0
0
0
0
0
0
0
0
0
0
0
0
0
0
0
0
0
0
0
0
0
0
0
0
0
0
0
0
0
0
0
0
0
0
0
0
0
0
0
0
0
0
0
0
0
0
0
0
0
0
0
0
0
0
0
0
0
0
0
0
0
0
0
0
0
0
0
0
0
0
0
0
0
0
0
0
0
0
0
0
0
0
0
0
0
0
0
0
0
0
0
0
0
0
0
0
0
0
0
0
0
0
0
0
0
0
0
0
0
0
0
0
0
0
0
0
0
0
0
0
0
0
0
0
0
0
0
0
0
0
0
0
0
0
0
0
0
0
0
0
0
0
0
0
0
0
0
0
0
0
0
0
0
0
0
0
0
0
0
0
0
0
0
0
0
0
0
0
0
0
0
0
0
0
0
0
0
0
0
0
0
0
0
0
0
0
0
0
0
0
0
0
0
0
0
0
0
0
0
0
0
0
0
0
0
0
0
0
0
0
0
0
0
0
0
0
0
0
0
0
0
0
0
0
0
0
0
0
0
0
0
0
0
0
0
0
0
0
0
0
0
0
0
0
0
0
0
0
0
0
0
0
0
0
0
0
0
0
0
0
0
0
0
0
0
0
0
0
0
0
0
0
0
0
0
0
0
0
0
0
0
0
0
0
0
0
0
0
0
0
0
0
0
0
0
0
0
0
0
0
0
0
0
0
0
0
0
0
0
0
0
0
0
0
0
0
0
0
0
0
0
0
0
0
0
0
0
0
0
0
0
0
0
0
0
0
0
0
0
0
0
0
0
0
0
0
0
0
0
0
0
0
0
0
0
0
0
0
0
0
0
0
0
0
0
0
0
0
0
0
0
0
0
0
0
0
0
0
0
0
0
0
0
0
0
0
0
0
0
0
0
0
0
0
0
0
0
0
0
0
0
0
0
0
0
0
0
0
0
0
0
0
0
0
0
0
0
0
0
0
0
0
0
0
0
0
0
0
0
0
0
0
0
0
0
0
0
0
0
0
0
0
0
0
0
0
0
0
0
0
0
0
0
0
0
0
0
0
0
0
0
0
0
0
0
0
0
0
0
0
0
0
0
0
0
0
0
0
0
0
0
0
0
0
0
0
0
0
0
0
0
0
0
0
0
0
0
0
0
0
0
0
0
0
0
0
0
0
0
0
0
0
0
0
0
0
0
0
0
0
0
0
0
0
0
0
0
0
0
0
0
0
0
0
0
0
0
0
0
0
0
0
0
0
0
0
0
0
0
0
0
0
0
0
0
0
0
0
0
0
0
0
0
0
0
0
0
0
0
0
0
0
0
0
0
0
0
0
0
0
0
0
0
0
0
0
0
0
0
0
0
0
0
0
0
0
0
0
0
0
0
0
0
0
0
0
0
0
0
0
0
0
0
0
0
0
0
0
0
0
0
0
0
0
0
0
0
0
0
0
0
0
0
0
0
0
0
0
0
0
0
0
0
0
0
0
0
0
0
0
0
0
0
0
0
0
0
0
0
0
0
0
0
0
0
0
0
0
0
0
0
0
0
0
0
0
0
0
0
0
0
0
0
0
0
0
0
0
0
0
0
0
0
0
0
0
0
0
0
0
0
0
0
0
0
0
0
0
0
0
0
0
0
0
0
0
0
0
0
0
0
0
0
0
0
0
0
0
0
0
0
0
0
0
0
0
0
0
0
0
0
0
0
0
0
0
0
0
0
0
0
0
0
0
0
0
0
0
0
0
0
0
0
0
0
0
0
0
0
0
0
0
0
0
0
0
0
0
0
0
0
0
0
0
0
0
0
0
0
0
0
0
0
0
0
0
0
0
0
0
0
0
0
0
0
0
0
0
0
0
0
0
0
0
0
0
0
0
0
0
0
0
0
0
0
0
0
0
0
0
0
0
0
0
0
0
0
0
0
0
0
0
0
0
0
0
0
0
0
0
0
0
0
0
0
0
0
0
0
0
0
0
0
0
0
0
0
0
0
0
0
0
0
0
0
0
0
0
0
0
0
0
0
0
0
0
0
0
0
0
0
0
0
0
0
0
0
0
0
0
0
0
0
0
0
0
0
0
0
0
0
0
0
0
0
0
0
0
0
0
0
0
0
0
0
0
0
0
0
0
0
0
0
0
0
0
0
0
0
0
0
0
0
0
0
0
0
0
0
0
0
0
0
0
0
0
0
0
0
0
0
0
0
0
0
0
0
0
0
0
0
0
0
0
0
0
0
0
0
0
0
0
0
0
0
0
0
0
0
0
0
0
0
0
0
0
0
0
0
0
0
0
0
0
0
0
0
0
0
0
0
0
0
0
0
0
0
0
0
0
0
0
0
0
0
0
0
0
0
0
0
0
0
0
0
0
0
0
0
0
0
0
0
0
0
0
0
0
0
0
0
0
0
0
0
0
0
0
0
0
0
0
0
0
0
0
0
0
0
0
0
0
0
0
0
0
0
0
0
0
0
0
0
0
0
0
0
0
0
0
0
0
0
0
0
0
0
0
0
0
0
0
0
0
0
0
0
0
0
0
0
0
0
0
0
0
0
0
0
0
0
0
0
0
0
0
0
0
0
0
0
0
0
0
0
0
0
0
0
0
0
0
0
0
0
0
0
0
0
0
0
0
0
0
0
0
0
0
0
0
0
0
0
0
0
0
0
0
0
0
0
0
0
0
0
0
0
0
0
0
0
0
0
0
0
0
0
0
0
0
0
0
0
0
0
0
0
0
0
0
0
0
0
0
0
0
0
0
0
0
0
0
0
0
0
0
0
0
0
0
0
0
0
0
0
0
0
0
0
0
0
0
0
0
0
0
0
0
0
0
0
0
0
0
0
0
0
0
0
0
0
0
0
0
0
0
0
0
0
0
0
0
0
0
0
0
0
0
0
0
0
0
0
0
0
0
0
0
0
0
0
0
0
0
0
0
0
0
0
0
0
0
0
0
0
0
0
0
0
0
0
0
0
0
0
0
0
0
0
0
0
0
0
0
0
0
0
0
0
0
0
0
0
0
0
0
0
0
0
0
0
0
0
0
0
0
0
0
0
0
0
0
0
0
0
0
0
0
0
0
0
0
0
0
0
0
0
0
0
0
0
0
0
0
0
0
0
0
0
0
0
0
0
0
0
0
0
0
0
0
0
0
0
0
0
0
0
0
0
0
0
0
0
0
0
0
0
0
0
0
0
0
0
0
0
0
0
0
0
0
0
0
0
0
0
0
0
0
0
0
0
0
0
0
0
0
0
0
0
0
0
0
0
0
0
0
0
0
0
0
0
0
0
0
0
0
0
0
0
0
0
0
0
0
0
0
0
0
0
0
0
0
0
0
0
0
0
0
0
0
0
0
0
0
0
0
0
0
0
0
0
0
0
0
0
0
0
0
0
0
0
0
0
0
0
0
0
0
0
0
0
0
0
0
0
0
0
0
0
0
0
0
0
0
0
0
0
0
0
0
0
0
0
0
0
0
0
0
0
0
0
0
0
0
0
0
0
0
0
0
0
0
0
0
0
0
0
0
0
0
0
0
0
0
0
0
0
0
0
0
0
0
0
0
0
0
0
0
0
0
0
0
0
0
0
0
0
0
0
0
0
0
0
0
0
0
0
0
0
0
0
0
0
0
0
0
0
0
0
0
0
0
0
0
0
0
0
0
0
0
0
0
0
0
0
0
0
0
0
0
0
0
0
0
0
0
0
0
0
0
0
0
0
0
0
0
0
0
0
0
0
0
0
0
0
0
0
0
0
0
0
0
0
0
0
0
0
0
0
0
0
0
0
0
0
0
0
0
0
0
0
0
0
0
0
0
0
0
0
0
0
0
0
0
0
0
0
0
0
0
0
0
0
0
0
0
0
0
0
0
0
0
0
0
0
0
0
0
0
0
0
0
0
0
0
0
0
0
0
0
0
0
0
0
0
0
0
0
0
0
0
0
0
0
0
0
0
0
0
0
0
0
0
0
0
0
0
0
0
0
0
0
0
0
0
0
0
0
0
0
0
0
0
0
0
0
0
0
0
0
0
0
0
0
0
0
0
0
0
0
0
0
0
0
0
0
0
0
0
0
0
0
0
0
0
0
0
0
0
0
0
0
0
0
0
0
0
0
0
0
0
0
0
0
0
0
0
0
0
0
0
0
0
0
0
0
0
0
0
0
0
0
0
0
0
0
0
0
0
0
0
0
0
0
0
0
0
0
0
0
0
0
0
0
0
0
0
0
0
0
0
0
0
0
0
0
0
0
0
0
0
0
0
0
0
0
0
0
0
0
0
0
0
0
0
0
0
0
0
0
0
0
0
0
0
0
0
0
0
0
0
0
0
0
0
0
0
0
0
0
0
0
0
0
0
0
0
0
0
0
0
0
0
0
0
0
0
0
0
0
0
0
0
0
0
0
0
0
0
0
0
0
0
0
0
0
0
0
0
0
0
0
0
0
0
0
0
0
0
0
0
0
0
0
0
0
0
0
0
0
0
0
0
0
0
0
0
0
0
0
0
0
0
0
0
0
0
0
0
0
0
0
0
0
0
0
0
0
0
0
0
0
0
0
0
0
0
0
0
0
0
0
0
0
0
0
0
0
0
0
0
0
0
0
0
0
0
0
0
0
0
0
0
0
0
0
0
0
0
0
0
0
0
0
0
0
0
0
0
0
0
0
0
0
0
0
0
0
0
0
0
0
0
0
0
0
0
0
0
0
0
0
0
0
0
0
0
0
0
0
0
0
0
0
0
0
0
0
0
0
0
0
0
0
0
0
0
0
0
0
0
0
0
0
0
0
0
0
0
0
0
0
0
0
0
0
0
0
0
0
0
0
0
0
0
0
0
0
0
0
0
0
0
0
0
0
0
0
0
0
0
0
0
0
0
0
0
0
0
0
0
0
0
0
0
0
0
0
0
0
0
0
0
0
0
0
0
0
0
0
0
0
0
0
0
0
0
0
0
0
0
0
0
0
0
0
0
0
0
0
0
0
0
0
0
0
0
0
0
0
0
0
0
0
0
0
0
0
0
0
0
0
0
0
0
0
0
0
0
0
0
0
0
0
0
0
0
0
0
0
0
0
0
0
0
0
0
0
0
0
0
0
0
0
0
0
0
0
0
0
0
0
0
0
0
0
0
0
0
0
0
0
0
0
0
0
0
0
0
0
0
0
0
0
0
0
0
0
0
0
0
0
0
0
0
0
0
0
0
0
0
0
0
0
0
0
0
0
0
0
0
0
0
0
0
0
0
0
0
0
0
0
0
0
0
0
0
0
0
0
0
0
0
0
0
0
0
0
0
0
0
0
0
0
0
0
0
0
0
0
0
0
0
0
0
0
0
0
0
0
0
0
0
0
0
0
0
0
0
0
0
0
0
0
0
0
0
0
0
0
0
0
0
0
0
0
0
0
0
0
0
0
0
0
0
0
0
0
0
0
0
0
0
0
0
0
0
0
0
0
0
0
0
0
0
0
0
0
0
0
0
0
0
0
0
0
0
0
0
0
0
0
0
0
0
0
0
0
0
0
0
0
0
0
0
0
0
0
0
0
0
0
0
0
0
0
0
0
0
0
0
0
0
0
0
0
0
0
0
0
0
0
0
0
0
0
0
0
0
0
0
0
0
0
0
0
0
0
0
0
0
0
0
0
0
0
0
0
0
0
0
0
0
0
0
0
0
0
0
0
0
0
0
0
0
0
0
0
0
0
0
0
0
0
0
0
0
0
0
0
0
0
0
0
0
0
0
0
0
0
0
0
0
0
0
0
0
0
0
0
0
0
0
0
0
0
0
0
0
0
0
0
0
0
0
0
0
0
0
0
0
0
0
0
0
0
0
0
0
0
0
0
0
0
0
0
0
0
0
0
0
0
0
0
0
0
0
0
0
0
0
0
0
0
0
0
0
0
0
0
0
0
0
0
0
0
0
0
0
0
0
0
0
0
0
0
0
0
0
0
0
0
0
0
0
0
0
0
0
0
0
0
0
0
0
0
0
0
0
0
0
0
0
0
0
0
0
0
0
0
0
0
0
0
0
0
0
0
0
0
0
0
0
0
0
0
0
0
0
0
0
0
0
0
0
0
0
0
0
0
0
0
0
0
0
0
0
0
0
0
0
0
0
0
0
0
0
0
0
0
0
0
0
0
0
0
0
0
0
0
0
0
0
0
0
0
0
0
0
0
0
0
0
0
0
0
0
0
0
0
0
0
0
0
0
0
0
0
0
0
0
0
0
0
0
0
0
0
0
0
0
0
0
0
0
0
0
0
0
0
0
0
0
0
0
0
0
0
0
0
0
0
0
0
0
0
0
0
0
0
0
0
0
0
0
0
0
0
0
0
0
0
0
0
0
0
0
0
0
0
0
0
0
0
0
0
0
0
0
0
0
0
0
0
0
0
0
0
0
0
0
0
0
0
0
0
0
0
0
0
0
0
0
0
0
0
0
0
0
0
0
0
0
0
0
0
0
0
0
0
0
0
0
0
0
0
0
0
0
0
0
0
0
0
0
0
0
0
0
0
0
0
0
0
0
0
0
0
0
0
0
0
0
0
0
0
0
0
0
0
0
0
0
0
0
0
0
0
0
0
0.782618
1.08742
1.95213
3.59191
4.40465
4.08496
3.98952
3.35049
3.06484
2.5883
1.47509
0.974755
1.95478
4.31894
6.66681
8.39994
8.64826
8.30048
8.41652
9.00517
8.62682
9.45353
10.1236
10.5904
10.7222
10.5298
9.7303
9.50688
8.19371
9.56735
9.90371
9.907
8.86493
8.84548
11.576
11.4474
10.097
10.7824
11.2378
11.2357
11.1634
11.0571
10.8589
10.6706
8.77221
8.48831
1.31749
0.107914
0.0011717
0.00742967
0.0854735
0.527993
1.74364
3.90717
7.19185
9.50688
10.1142
9.88096
9.24592
9.14518
9.40807
9.44934
8.12317
4.88404
1.15517
2.54843
3.42861
4.58003
5.19731
5.30793
5.22473
4.8697
4.41735
3.74348
1.80401
0.834927
2.9586
5.80584
7.48854
8.53813
8.61887
8.433
8.50841
8.52288
9.12902
9.39915
10.1614
10.5199
10.7286
10.2756
9.6704
9.40427
8.47803
9.34064
9.53514
10.1892
8.68126
8.60854
10.7549
11.9546
10.788
10.8275
10.9798
11.2503
11.4277
11.2852
10.8244
9.5516
5.98553
3.77083
0.730279
0.0570128
0.0130169
0.0990251
0.561595
1.55054
3.32995
6.22205
8.98263
10.1285
10.0509
9.1654
8.86327
8.81614
8.95974
9.26073
8.09265
4.44452
1.35971
1.32606
3.89386
3.13521
2.59375
5.19172
1.41063
3.7569
4.55925
3.23376
1.16261
0.896584
2.61188
2.45368
4.35164
6.07213
2.86963
4.0269
6.82444
1.63914
2.10561
7.60541
8.5588
4.65977
10.4595
10.1898
9.25743
8.95646
8.97728
9.92091
8.83331
8.55947
8.31787
9.61675
9.13653
9.5129
10.461
7.75551
10.2417
11.1979
9.91628
10.8391
10.2596
2.90703
0.793608
2.74517
0.0543532
0.0166404
0.0120154
0.029699
0.337322
1.97188
3.51911
3.25637
8.00023
9.02778
7.74263
5.41655
8.55245
6.07504
6.51617
8.70378
1.72179
3.66002
1.21021
0.383055
3.54284
1.09357
0.116302
5.64753
0.152524
1.53036
1.02864
0.58653
0.0898972
0.283891
0.273295
0.000819674
0.666658
1.69156
0.0624543
2.78483e-06
2.24602
0.0101927
0.0446453
2.00828
1.97724
0.141649
5.86018
2.89793
1.91642
8.57611
10.1289
10.6708
9.23646
8.45987
9.42331
10.7789
4.69
4.40402
5.06608
1.85838
7.13975
8.37971
2.9009
8.53291
7.10741
0.726645
0.128651
0.685867
0.0027218
0.00073088
0.00413956
0
0.0447381
0.432197
0.684472
0.161214
1.08506
1.02927
0.524107
0.644232
5.50533
1.8826
1.76926
4.41977
0.256791
0.153504
0
0.0127911
0.00902557
0.0390788
0.0211731
0.00461732
0.000631106
1.44746e-05
0
0
0
0
0
0
0
2.2988e-06
0
0
0
0
0
1.06549e-05
0.000104616
0.000282534
0.00107927
0.00263767
0.0535058
0.383619
4.33749
9.79163
9.15531
9.74801
7.20013
2.66799
1.28623
0.12457
0.0133526
0.00160697
0.00314962
0.00673623
0.00595118
0.00297881
0.000510897
1.60057e-06
0
0
0
0
0
0
5.17697e-06
2.06821e-05
6.11333e-05
8.49518e-05
8.34864e-05
9.86229e-05
0.000168745
0.0302664
0.131345
0.423172
0.369317
0.165138
0.101323
4.66441e-06
0
0
0
0
0
0
0
0
0
0
0
0
0
0
0
0
0
0
0
0
0
0
0
0
0
0
0
0
0.0347205
4.41708
1.10483
1.30985
0.518322
0.401447
1.30724
0.292857
0.0369607
0.00887819
3.74338e-06
1.08639e-06
4.39193e-06
0
0
0
0
0
0
0
0
0
2.09348e-06
8.06713e-06
2.03118e-05
4.08638e-05
4.6823e-05
5.11477e-05
5.18852e-05
6.68034e-05
6.75381e-05
0.00582428
0.00884457
3.16779e-05
0.000917171
1.17295e-06
0
0
0
0
0
0
0
0
0
0
0
0
0
0
0
0
0
0
0
0
0
0
0
0
0
0
0
0
0.000272079
0.16082
0.383887
0.0651529
0.0111147
0.00126192
0.000578694
4.72252e-05
0
0
0
0
0
0
0
0
0
0
0
0
0
0
0
2.8184e-06
8.75991e-06
1.34909e-05
2.59935e-05
2.82678e-05
3.63576e-05
4.12304e-05
4.6716e-05
4.11838e-05
3.4204e-05
2.21813e-05
8.95933e-06
0
0
0
0
0
0
0
0
0
0
0
0
0
0
0
0
0
0
0
0
0
0
0
0
0
0
0
0
0
0.00022137
0.00106292
0.00190513
0
0
0
0
0
0
0
0
0
0
0
0
0
0
0
0
0
0
0
0
0
2.58746e-06
4.72841e-06
1.18406e-05
1.5148e-05
1.94097e-05
2.43874e-05
3.20663e-05
2.87536e-05
1.71241e-05
1.0248e-05
2.85728e-06
0
0
0
0
0
0
0
0
0
0
0
0
0
0
0
0
0
0
0
0
0
0
0
0
0
0
0
0
0
0
0
0
0
0
0
0
0
0
0
0
0
0
0
0
0
0
0
0
0
0
0
0
0
1.05774e-06
3.59174e-06
5.11056e-06
7.43648e-06
1.06842e-05
1.74605e-05
1.91061e-05
1.63422e-05
8.85873e-06
3.48435e-06
1.16622e-06
0
0
0
0
0
0
0
0
0
0
0
0
0
0
0
0
0
0
0
0
0
0
0
0
0
0
0
0
0
0
0
0
0
0
0
0
0
0
0
0
0
0
0
0
0
0
0
0
0
0
0
0
0
0
1.64884e-06
3.02089e-06
3.84821e-06
6.8783e-06
9.9917e-06
1.11647e-05
1.0042e-05
3.91144e-06
0
0
0
0
0
0
0
0
0
0
0
0
0
0
0
0
0
0
0
0
0
0
0
0
0
0
0
0
0
0
0
0
0
0
0
0
0
0
0
0
0
0
0
0
0
0
0
0
0
0
0
0
0
0
0
0
0
1.81899e-06
2.27624e-06
3.82538e-06
4.56658e-06
4.91123e-06
3.19258e-06
1.23454e-06
0
0
0
0
0
0
0
0
0
0
0
0
0
0
0
0
0
0
0
0
0
0
0
0
0
0
0
0
0
0
0
0
0
0
0
0
0
0
0
0
0
0
0
0
0
0
0
0
0
0
0
0
0
0
0
0
0
0
0
1.63174e-06
1.28346e-06
1.28192e-06
0
0
0
0
0
0
0
0
0
0
0
0
0
0
0
0
0
0
0
0
0
0
0
0
0
0
0
0
0
0
0
0
0
0
0
0
0
0
0
0
0
0
0
0
0
0
0
0
0
0
0
0
0
0
0
0
0
0
0
0
0
0
0
0
0
0
0
0
0
0
0
0
0
0
0
0
0
0
0
0
0
0
0
0
0
0
0
0
0
0
0
0
0
0
0
0
0
0
0
0
0
0
0
0
0
0
0
0
0
0
0
0
0
0
0
0
0
0
0
0
0
0
0
0
0
0
0
0
0
0
0
0
0
0
0
0
0
0
0
0
0
0
0
0
0
0
0
0
0
0
0
0
0
0
0
0
0
0
0
0
0
0
0
0
0
0
0
0
0
0
0
0
0
0
0
0
0
0
0
0
0
0
0
0
0
0
0
0
0
0
0
0
0
0
0
0
0
0
0
0
0
0
0
0
0
0
0
0
0
0
0
0
0
0
0
0
0
0
0
0
0
0
0
0
0
0
0
0
0
0
0
0
0
0
0
0
0
0
0
0
0
0
0
0
0
0
0
0
0
0
0
0
0
0
0
0
0
0
0
0
0
0
0
0
0
0
0
0
0
0
0
0
0
0
0
0
0
0
0
0
0
0
0
0
0
0
0
0
0
0
0
0
0
0
0
0
0
0
0
0
0
0
0
0
0
0
0
0
0
0
0
0
0
0
0
0
0
0
0
0
0
0
0
0
0
0
0
0
0
0
0
0
0
0
0
0
0
0
0
0
0
0
0
0
0
0
0
0
0
0
0
0
0
0
0
0
0
0
0
0
0
0
0
0
0
0
0
0
0
0
0
0
0
0
0
0
0
0
0
0
0
0
0
0
0
0
0
0
0
0
0
0
0
0
0
0
0
0
0
0
0
0
0
0
0
0
0
0
0
0
0
0
0
0
0
0
0
0
0
0
0
0
0
0
0
0
0
0
0
0
0
0
0
0
0
0
0
0
0
0
0
0
0
0
0
0
0
0
0
0
0
0
0
0
0
0
0
0
0
0
0
0
0
0
0
0
0
0
0
0
0
0
0
0
0
0
0
0
0
0
0
0
0
0
0
0
0
0
0
0
0
0
0
0
0
0
0
0
0
0
0
0
0
0
0
0
0
0
0
0
0
0
0
0
0
0
0
0
0
0
0
0
0
0
0
0
0
0
0
0
0
0
0
0
0
0
0
0
0
0
0
0
0
0
0
0
0
0
0
0
0
0
0
0
0
0
0
0
0
0
0
0
0
0
0
0
0
0
0
0
0
0
0
0
0
0
0
0
0
0
0
0
0
0
0
0
0
0
0
0
0
0
0
0
0
0
0
0
0
0
0
0
0
0
0
0
0
0
0
0
0
0
0
0
0
0
0
0
0
0
0
0
0
0
0
0
0
0
0
0
0
0
0
0
0
0
0
0
0
0
0
0
0
0
0
0
0
0
0
0
0
0
0
0
0
0
0
0
0
0
0
0
0
0
0
0
0
0
0
0
0
0
0
0
0
0
0
0
0
0
0
0
0
0
0
0
0
0
0
0
0
0
0
0
0
0
0
0
0
0
0
0
0
0
0
0
0
0
0
0
0
0
0
0
0
0
0
0
0
0
0
0
0
0
0
0
0
0
0
0
0
0
0
0
0
0
0
0
0
0
0
0
0
0
0
0
0
0
0
0
0
0
0
0
0
0
0
0
0
0
0
0
0
0
0
0
0
0
0
0
0
0
0
0
0
0
0
0
0
0
0
0
0
0
0
0
0
0
0
0
0
0
0
0
0
0
0
0
0
0
0
0
0
0
0
0
0
0
0
0
0
0
0
0
0
0
0
0
0
0
0
0
0
0
0
0
0
0
0
0
0
0
0
0
0
0
0
0
0
0
0
0
0
0
0
0
0
0
0
0
0
0
0
0
0
0
0
0
0
0
0
0
0
0
0
0
0
0
0
0
0
0
0
0
0
0
0
0
0
0
0
0
0
0
0
0
0
0
0
0
0
0
0
0
0
0
0
0
0
0
0
0
0
0
0
0
0
0
0
0
0
0
0
0
0
0
0
0
0
0
0
0
0
0
0
0
0
0
0
0
0
0
0
0
0
0
0
0
0
0
0
0
0
0
0
0
0
0
0
0
0
0
0
0
0
0
0
0
0
0
0
0
0
0
0
0
0
0
0
0
0
0
0
0
0
0
0
0
0
0
0
0
0
0
0
0
0
0
0
0
0
0
0
0
0
0
0
0
0
0
0
0
0
0
0
0
0
0
0
0
0
0
0
0
0
0
0
0
0
0
0
0
0
0
0
0
0
0
0
0
0
0
0
0
0
0
0
0
0
0
0
0
0
0
0
0
0
0
0
0
0
0
0
0
0
0
0
0
0
0
0
0
0
0
0
0
0
0
0
0
0
0
0
0
0
0
0
0
0
0
0
0
0
0
0
0
0
0
0
0
0
0
0
0
0
0
0
0
0
0
0
0
0
0
0
0
0
0
0
0
0
0
0
0
0
0
0
0
0
0
0
0
0
0
0
0
0
0
0
0
0
0
0
0
0
0
0
0
0
0
0
0
0
0
0
0
0
0
0
0
0
0
0
0
0
0
0
0
0
0
0
0
0
0
0
0
0
0
0
0
0
0
0
0
0
0
0
0
0
0
0
0
0
0
0
0
0
0
0
0
0
0
0
0
0
0
0
0
0
0
0
0
0
0
0
0
0
0
0
0
0
0
0
0
0
0
0
0
0
0
0
0
0
0
0
0
0
0
0
0
0
0
0
0
0
0
0
0
0
0
0
0
0
0
0
0
0
0
0
0
0
0
0
0
0
0
0
0
0
0
0
0
0
0
0
0
0
0
0
0
0
0
0
0
0
0
0
0
0
0
0
0
0
0
0
0
0
0
0
0
0
0
0
0
0
0
0
0
0
0
0
0
0
0
0
0
0
0
0
0
0
0
0
0
0
0
0
0
0
0
0
0
0
0
0
0
0
0
0
0
0
0
0
0
0
0
0
0
0
0
0
0
0
0
0
0
0
0
0
0
0
0
0
0
0
0
0
0
0
0
0
0
0
0
0
0
0
0
0
0
0
0
0
0
0
0
0
0
0
0
0
0
0
0
0
0
0
0
0
0
0
0
0
0
0
0
0
0
0
0
0
0
0
0
0
0
0
0
0
0
0
0
0
0
0
0
0
0
0
0
0
0
0
0
0
0
0
0
0
0
0
0
0
0
0
0
0
0
0
0
0
0
0
0
0
0
0
0
0
0
0
0
0
0
0
0
0
0
0
0
0
0
0
0
0
0
0
0
0
0
0
0
0
0
0
0
0
0
0
0
0
0
0
0
0
0
0
0
0
0
0
0
0
0
0
0
0
0
0
0
0
0
0
0
0
0
0
0
0
0
0
0
0
0
0
0
0
0
0
0
0
0
0
0
0
0
0
0
0
0
0
0
0
0
0
0
0
0
0
0
0
0
0
0
0
0
0
0
0
0
0
0
0
0
0
0
0
0
0
0
0
0
0
0
0
0
0
0
0
0
0
0
0
0
0
0
0
0
0
0
0
0
0
0
0
0
0
0
0
0
0
0
0
0
0
0
0
0
0
0
0
0
0
0
0
0
0
0
0
0
0
0
0
0
0
0
0
0
0
0
0
0
0
0
0
0
0
0
0
0
0
0
0
0
0
0
0
0
0
0
0
0
0
0
0
0
0
0
0
0
0
0
0
0
0
0
0
0
0
0
0
0
0
0
0
0
0
0
0
0
0
0
0
0
0
0
0
0
0
0
0
0
0
0
0
0
0
0
0
0
0
0
0
0
0
0
0
0
0
0
0
0
0
0
0
0
0
0
0
0
0
0
0
0
0
0
0
0
0
0
0
0
0
0
0
0
0
0
0
0
0
0
0
0
0
0
0
0
0
0
0
0
0
0
0
0
0
0
0
0
0
0
0
0
0
0
0
0
0
0
0
0
0
0
0
0
0
0
0
0
0
0
0
0
0
0
0
0
0
0
0
0
0
0
0
0
0
0
0
0
0
0
0
0
0
0
0
0
0
0
0
0
0
0
0
0
0
0
0
0
0
0
0
0
0
0
0
0
0
0
0
0
0
0
0
0
0
0
0
0
0
0
0
0
0
0
0
0
0
0
0
0
0
0
0
0
0
0
0
0
0
0
0
0
0
0
0
0
0
0
0
0
0
0
0
0
0
0
0
0
0
0
0
0
0
0
0
0
0
0
0
0
0
0
0
0
0
0
0
0
0
0
0
0
0
0
0
0
0
0
0
0
0
0
0
0
0
0
0
0
0
0
0
0
0
0
0
0
0
0
0
0
0
0
0
0
0
0
0
0
0
0
0
0
0
0
0
0
0
0
0
0
0
0
0
0
0
0
0
0
0
0
0
0
0
0
0
0
0
0
0
0
0
0
0
0
0
0
0
0
0
0
0
0
0
0
0
0
0
0
0
0
0
0
0
0
0
0
0
0
0
0
0
0
0
0
0
0
0
0
0
0
0
0
0
0
0
0
0
0
0
0
0
0
0
0
0
0
0
0
0
0
0
0
0
0
0
0
0
0
0
0
0
0
0
0
0
0
0
0
0
0
0
0
0
0
0
0
0
0
0
0
0
0
0
0
0
0
0
0
0
0
0
0
0
0
0
0
0
0
0
0
0
0
0
0
0
0
0
0
0
0
0
0
0
0
0
0
0
0
0
0
0
0
0
0
0
0
0
0
0
0
0
0
0
0
0
0
0
0
0
0
0
0
0
0
0
0
0
0
0
0
0
0
0
0
0
0
0
0
0
0
0
0
0
0
0
0
0
0
0
0
0
0
0
0
0
0
0
0
0
0
0
0
0
0
0
0
0
0
0
0
0
0
0
0
0
0
0
0
0
0
0
0
0
0
0
0
0
0
0
0
0
0
0
0
0
0
0
0
0
0
0
0
0
0
0
0
0
0
0
0
0
0
0
0
0
0
0
0
0
0
0
0
0
0
0
0
0
0
0
0
0
0
0
0
0
0
0
0
0
0
0
0
0
0
0
0
0
0
0
0
0
0
0
0
0
0
0
0
0
0
0
0
0
0
0
0
0
0
0
0
0
0
0
0
0
0
0
0
0
0
0
0
0
0
0
0
0
0
0
0
0
0
0
0
0
0
0
0
0
0
0
0
0
0
0
0
0
0
0
0
0
0
0
0
0
0
0
0
0
0
0
0
0
0
0
0
0
0
0
0
0
0
0
0
0
0
0
0
0
0
0
0
0
0
0
0
0
0
0
0
0
0
0
0
0
0
0
0
0
0
0
0
0
0
0
0
0
0
0
0
0
0
0
0
0
0
0
0
0
0
0
0
0
0
0
0
0
0
0
0
0
0
0
0
0
0
0
0
0
0
0
0
0
0
0
0
0
0
0
0
0
0
0
0
0
0
0
0
0
0
0
0
0
0
0
0
0
0
0
0
0
0
0
0
0
0
0
0
0
0
0
0
0
0
0
0
0
0
0
0
0
0
0
0
0
0
0
0
0
0
0
0
0
0
0
0
0
0
0
0
0
0
0
0
0
0
0
0
0
0
0
0
0
0
0
0
0
0
0
0
0
0
0
0
0
0
0
0
0
0
0
0
0
0
0
0
0
0
0
0
0
0
0
0
0
0
0
0
0
0
0
0
0
0
0
0
0
0
0
0
0
0
0
0
0
0
0
0
0
0
0
0
0
0
0
0
0
0
0
0
0
0
0
0
0
0
0
0
0
0
0
0
0
0
0
0
0
0
0
0
0
0
0
0
0
0
0
0
0
0
0
0
0
0
0
0
0
0
0
0
0
0
0
0
0
0
0
0
0
0
0
0
0
0
0
0
0
0
0
0
0
0
0
0
0
0
0
0
0
0
0
0
0
0
0
0
0
0
0
0
0
0
0
0
0
0
0
0
0
0
0
0
0
0
0
0
0
0
0
0
0
0
0
0
0
0
0
0
0
0
0
0
0
0
0
0
0
0
0
0
0
0
0
0
0
0
0
0
0
0
0
0
0
0
0
0
0
0
0
0
0
0
0
0
0
0
0
0
0
0
0
0
0
0
0
0
0
0
0
0
0
0
0
0
0
0
0
0
0
0
0
0
0
0
0
0
0
0
0
0
0
0
0
0
0
0
0
0
0
0
0
0
0
0
0
0
0
0
0
0
0
0
0
0
0
0
0
0
0
0
0
0
0
0
0
0
0
0
0
0
0
0
0
0
0
0
0
0
0
0
0
0
0
0
0
0
0
0
0
0
0
0
0
0
0
0
0
0
0
0
0
0
0
0
0
0
0
0
0
0
0
0
0
0
0
0
0
0
0
0
0
0
0
0
0
0
0
0
0
0
0
0
0
0
0
0
0
0
0
0
0
0
0
0
0
0
0
0
0
0
0
0
0
0
0
0
0
0
0
0
0
0
0
0
0
0
0
0
0
0
0
0
0
0
0
0
0
0
0
0
0
0
0
0
0
0
0
0
0
0
0
0
0
0
0
0
0
0
0
0
0
0
0
0
0
0
0
0
0
0
0
0
0
0
0
0
0
0
0
0
0
0
0
0
0
0
0
0
0
0
0
0
0
0
0
0
0
0
0
0
0
0
0
0
0
0
0
0
0
0
0
0
0
0
0
0
0
0
0
0
0
0
0
0
0
0
0
0
0
0
0
0
0
0
0
0
0
0
0
0
0
0
0
0
0
0
0
0
0
0
0
0
0
0
0
0
0
0
0
0
0
0
0
0
0
0
0
0
0
0
0
0
0
0
0
0
0
0
0
0
0
0
0
0
0
0
0
0
0
0
0
0
0
0
0
0
0
0
0
0
0
0
0
0
0
0
0
0
0
0
0
0
0
0
0
0
0
0
0
0
0
0
0
0
0
0
0
0
0
0
0
0
0
0
0
0
0
0
0
0
0
0
0
0
0
0
0
0
0
0
0
0
0
0
0
0
0
0
0
0
0
0
0
0
0
0
0
0
0
0
0
0
0
0
0
0
0
0
0
0
0
0
0
0
0
0
0
0
0
0
0
0
0
0
0
0
0
0
0
0
0
0
0
0
0
0
0
0
0
0
0
0
0
0
0
0
0
0
0
0
0
0
0
0
0
0
0
0
0
0
0
0
0
0
0
0
0
0
0
0
0
0
0
0
0
0
0
0
0
0
0
0
0
0
0
0
0
0
0
0
0
0
0
0
0
0
0
0
0
0
0
0
0
0
0
0
0
0
0
0
0
0
0
0
0
0
0
0
0
0
0
0
0
0
0
0
0
0
0
0
0
0
0
0
0
0
0
0
0
0
0
0
0
0
0
0
0
0
0
0
0
0
0
0
0
0
0
0
0
0
0
0
0
0
0
0
0
0
0
0
0
0
0
0
0
0
0
0
0
0
0
0
0
0
0
0
0
0
0
0
0
0
0
0
0
0
0
0
0
0
0
0
0
0
0
0
0
0
0
0
0
0
0
0
0
0
0
0
0
0
0
0
0
0
0
0
0
0
0
0
0
2.48905
3.91459
5.41886
7.23755
8.16323
8.83006
8.24963
7.77333
6.36634
4.26623
2.32603
3.22454
5.52454
7.37223
8.31934
8.44463
8.52687
8.85465
8.77999
9.34597
9.10451
9.62692
10.2876
10.6687
10.2829
9.4657
8.85147
9.6036
9.00288
10.238
10.4106
11.7379
11.1625
9.22801
10.16
10.5481
9.9011
9.63142
10.8878
11.4627
10.7108
11.2229
11.076
10.4383
8.67084
8.04204
4.58749
1.45018
0.00405195
0.0207724
0.191333
1.22661
3.46818
6.09319
8.9234
9.91144
9.44996
8.76986
8.54423
8.56621
8.75753
9.28148
9.03119
5.79215
3.11487
5.2992
6.59241
7.40562
8.30965
9.00001
8.91697
8.67468
7.51276
4.74939
1.77584
3.56313
6.45348
7.75783
8.57475
8.65366
8.59797
8.97053
8.88547
9.13711
9.45895
9.71209
10.4
10.4972
10.1387
9.6458
8.99546
9.14069
8.92744
10.5634
10.7691
11.5952
9.2384
9.09656
9.98199
10.6677
10.6993
10.4017
10.6379
11.19
11.2429
11.4166
11.5799
10.3177
6.71229
3.79418
2.17122
0.452803
0.0187109
0.112444
0.718901
2.92788
5.39587
7.45889
9.6141
9.6873
9.00758
8.58598
8.66294
8.78632
8.91781
9.04459
8.68241
5.2079
3.43354
3.21464
7.77765
6.21517
5.42505
8.79543
3.30669
6.70964
4.12146
3.997
0.597417
0.959366
0.937642
6.40537
4.67671
1.21543
5.09026
7.11831
2.16092
4.35995
7.01915
9.0373
6.76657
10.0807
10.0715
9.3975
8.33471
9.08587
9.56614
10.4257
10.2662
11.7705
9.19978
9.94545
8.92072
10.9993
6.16938
9.19073
5.1672
10.4867
11.0605
7.62275
11.0952
7.11839
0.907038
0.521412
1.34575
0.0611809
0.0135654
0.0842099
1.04582
1.37819
2.20181
5.55182
8.43725
5.2217
7.22789
5.49499
7.85514
8.64669
6.93149
8.46632
2.14635
3.33004
1.14981
0.97522
4.54649
1.53281
0.51865
5.4481
0.43026
1.19216
0.344914
0.811967
0.210152
0.0125273
0.0616025
4.03974
2.30135
0.0104255
1.0128
1.83796
0.0297399
0.0726984
0.256335
1.59832
0.611635
4.6838
5.44517
6.78616
8.00034
8.60175
9.61789
11.0514
8.85025
10.6532
7.36604
7.34249
2.84505
6.62281
1.21919
4.25061
0.677884
7.72011
7.54377
0.824355
6.87706
3.11468
0.0249145
0.0815917
0.0630127
0.0029857
0.00146137
0.0976651
0.111483
0.0283466
0.028758
0.465872
1.37852
0.100147
0.522026
0.372257
2.81269
5.32377
2.02331
4.17648
0.424336
0.162914
0
0.0157602
0.0118772
0.0289257
0.0168242
0.00386325
0.00039475
5.98338e-06
0
0
0
0
0
0
7.186e-06
0
0
0
1.66057e-06
0
0
4.95144e-05
0.000375889
0.00175391
0.0194703
0.100212
0.305334
0.658903
4.7249
10.054
9.95947
5.91822
3.27991
1.28958
0.179455
0.00613812
0.000376427
3.36366e-05
2.0221e-06
0.000388067
0.00223491
0.00539915
0.000744202
4.16708e-06
0
0
0
0
0
1.87782e-06
1.19897e-05
3.72879e-05
8.38945e-05
0.000134919
8.21382e-05
0.000822698
0.0115343
0.0224357
0.0790012
0.61402
0.564464
0.263534
0.188132
5.72852e-06
0
2.74736e-06
0
1.72568e-06
0
0
0
0
0
0
0
0
0
0
0
0
0
0
0
0
0
0
0
0
1.55211e-06
0
0
0.00140065
0.0463055
2.49913
2.96741
1.34781
2.22843
1.75183
0.198248
0.00604456
0.00234315
8.88783e-05
0
0
0
1.85228e-05
0
0
0
0
0
0
0
0
3.98683e-06
1.73242e-05
4.05569e-05
5.20775e-05
6.82554e-05
7.7054e-05
0.000186985
0.000467375
0.000557115
0.000467556
0.0164367
3.21942e-05
0.0025122
1.78903e-06
0
0
0
0
0
0
0
0
0
0
0
0
0
0
0
0
0
0
0
0
0
0
0
0
0
0
0
0
8.4048e-06
0.401568
0.345652
0.192854
0.0249036
0.0148084
0.000279701
3.34834e-06
0
0
0
0
0
0
0
0
0
0
0
0
0
0
1.6394e-06
3.54772e-06
1.09486e-05
2.15704e-05
4.23823e-05
4.62102e-05
4.99141e-05
6.72164e-05
0.00015383
0.000105272
4.42909e-05
2.90314e-05
1.46929e-05
1.86289e-06
0
0
0
0
0
0
0
0
0
0
0
0
0
0
0
0
0
0
0
0
0
0
0
0
0
0
0
0
0.000720459
0.000706918
3.76908e-05
2.23648e-06
0
0
0
0
0
0
0
0
0
0
0
0
0
0
0
0
0
0
0
1.53005e-06
4.3268e-06
1.02363e-05
1.7808e-05
2.65934e-05
2.30047e-05
2.85657e-05
4.03196e-05
4.61036e-05
2.81414e-05
1.88374e-05
6.73045e-06
0
0
0
0
0
0
0
0
0
0
0
0
0
0
0
0
0
0
0
0
0
0
0
0
0
0
0
0
0
0
4.21855e-06
0
0
0
0
0
0
0
0
0
0
0
0
0
0
0
0
0
0
0
0
0
1.50554e-06
3.60385e-06
8.0545e-06
1.14603e-05
1.41738e-05
1.3944e-05
1.93542e-05
2.52141e-05
2.446e-05
1.90092e-05
8.05014e-06
2.96413e-06
0
0
0
0
0
0
0
0
0
0
0
0
0
0
0
0
0
0
0
0
0
0
0
0
0
0
0
0
0
0
0
0
0
0
0
0
0
0
0
0
0
0
0
0
0
0
0
0
0
0
0
0
1.17271e-06
3.126e-06
5.3146e-06
7.49372e-06
7.6649e-06
8.09169e-06
1.21569e-05
1.77203e-05
1.69495e-05
1.12404e-05
2.94089e-06
0
0
0
0
0
0
0
0
0
0
0
0
0
0
0
0
0
0
0
0
0
0
0
0
0
0
0
0
0
0
0
0
0
0
0
0
0
0
0
0
0
0
0
0
0
0
0
0
0
0
0
0
0
0
2.61201e-06
3.35958e-06
5.95551e-06
4.67434e-06
5.56278e-06
6.87517e-06
1.09492e-05
8.83051e-06
4.20672e-06
0
0
0
0
0
0
0
0
0
0
0
0
0
0
0
0
0
0
0
0
0
0
0
0
0
0
0
0
0
0
0
0
0
0
0
0
0
0
0
0
0
0
0
0
0
0
0
0
0
0
0
0
0
0
0
1.19045e-06
1.84689e-06
2.98949e-06
2.40341e-06
2.53803e-06
2.63585e-06
3.25819e-06
2.72533e-06
0
0
0
0
0
0
0
0
0
0
0
0
0
0
0
0
0
0
0
0
0
0
0
0
0
0
0
0
0
0
0
0
0
0
0
0
0
0
0
0
0
0
0
0
0
0
0
0
0
0
0
0
0
0
0
0
0
0
1.41439e-06
0
0
1.07287e-06
0
0
0
0
0
0
0
0
0
0
0
0
0
0
0
0
0
0
0
0
0
0
0
0
0
0
0
0
0
0
0
0
0
0
0
0
0
0
0
0
0
0
0
0
0
0
0
0
0
0
0
0
0
0
0
0
0
0
0
0
0
0
0
0
0
0
0
0
0
0
0
0
0
0
0
0
0
0
0
0
0
0
0
0
0
0
0
0
0
0
0
0
0
0
0
0
0
0
0
0
0
0
0
0
0
0
0
0
0
0
0
0
0
0
0
0
0
0
0
0
0
0
0
0
0
0
0
0
0
0
0
0
0
0
0
0
0
0
0
0
0
0
0
0
0
0
0
0
0
0
0
0
0
0
0
0
0
0
0
0
0
0
0
0
0
0
0
0
0
0
0
0
0
0
0
0
0
0
0
0
0
0
0
0
0
0
0
0
0
0
0
0
0
0
0
0
0
0
0
0
0
0
0
0
0
0
0
0
0
0
0
0
0
0
0
0
0
0
0
0
0
0
0
0
0
0
0
0
0
0
0
0
0
0
0
0
0
0
0
0
0
0
0
0
0
0
0
0
0
0
0
0
0
0
0
0
0
0
0
0
0
0
0
0
0
0
0
0
0
0
0
0
0
0
0
0
0
0
0
0
0
0
0
0
0
0
0
0
0
0
0
0
0
0
0
0
0
0
0
0
0
0
0
0
0
0
0
0
0
0
0
0
0
0
0
0
0
0
0
0
0
0
0
0
0
0
0
0
0
0
0
0
0
0
0
0
0
0
0
0
0
0
0
0
0
0
0
0
0
0
0
0
0
0
0
0
0
0
0
0
0
0
0
0
0
0
0
0
0
0
0
0
0
0
0
0
0
0
0
0
0
0
0
0
0
0
0
0
0
0
0
0
0
0
0
0
0
0
0
0
0
0
0
0
0
0
0
0
0
0
0
0
0
0
0
0
0
0
0
0
0
0
0
0
0
0
0
0
0
0
0
0
0
0
0
0
0
0
0
0
0
0
0
0
0
0
0
0
0
0
0
0
0
0
0
0
0
0
0
0
0
0
0
0
0
0
0
0
0
0
0
0
0
0
0
0
0
0
0
0
0
0
0
0
0
0
0
0
0
0
0
0
0
0
0
0
0
0
0
0
0
0
0
0
0
0
0
0
0
0
0
0
0
0
0
0
0
0
0
0
0
0
0
0
0
0
0
0
0
0
0
0
0
0
0
0
0
0
0
0
0
0
0
0
0
0
0
0
0
0
0
0
0
0
0
0
0
0
0
0
0
0
0
0
0
0
0
0
0
0
0
0
0
0
0
0
0
0
0
0
0
0
0
0
0
0
0
0
0
0
0
0
0
0
0
0
0
0
0
0
0
0
0
0
0
0
0
0
0
0
0
0
0
0
0
0
0
0
0
0
0
0
0
0
0
0
0
0
0
0
0
0
0
0
0
0
0
0
0
0
0
0
0
0
0
0
0
0
0
0
0
0
0
0
0
0
0
0
0
0
0
0
0
0
0
0
0
0
0
0
0
0
0
0
0
0
0
0
0
0
0
0
0
0
0
0
0
0
0
0
0
0
0
0
0
0
0
0
0
0
0
0
0
0
0
0
0
0
0
0
0
0
0
0
0
0
0
0
0
0
0
0
0
0
0
0
0
0
0
0
0
0
0
0
0
0
0
0
0
0
0
0
0
0
0
0
0
0
0
0
0
0
0
0
0
0
0
0
0
0
0
0
0
0
0
0
0
0
0
0
0
0
0
0
0
0
0
0
0
0
0
0
0
0
0
0
0
0
0
0
0
0
0
0
0
0
0
0
0
0
0
0
0
0
0
0
0
0
0
0
0
0
0
0
0
0
0
0
0
0
0
0
0
0
0
0
0
0
0
0
0
0
0
0
0
0
0
0
0
0
0
0
0
0
0
0
0
0
0
0
0
0
0
0
0
0
0
0
0
0
0
0
0
0
0
0
0
0
0
0
0
0
0
0
0
0
0
0
0
0
0
0
0
0
0
0
0
0
0
0
0
0
0
0
0
0
0
0
0
0
0
0
0
0
0
0
0
0
0
0
0
0
0
0
0
0
0
0
0
0
0
0
0
0
0
0
0
0
0
0
0
0
0
0
0
0
0
0
0
0
0
0
0
0
0
0
0
0
0
0
0
0
0
0
0
0
0
0
0
0
0
0
0
0
0
0
0
0
0
0
0
0
0
0
0
0
0
0
0
0
0
0
0
0
0
0
0
0
0
0
0
0
0
0
0
0
0
0
0
0
0
0
0
0
0
0
0
0
0
0
0
0
0
0
0
0
0
0
0
0
0
0
0
0
0
0
0
0
0
0
0
0
0
0
0
0
0
0
0
0
0
0
0
0
0
0
0
0
0
0
0
0
0
0
0
0
0
0
0
0
0
0
0
0
0
0
0
0
0
0
0
0
0
0
0
0
0
0
0
0
0
0
0
0
0
0
0
0
0
0
0
0
0
0
0
0
0
0
0
0
0
0
0
0
0
0
0
0
0
0
0
0
0
0
0
0
0
0
0
0
0
0
0
0
0
0
0
0
0
0
0
0
0
0
0
0
0
0
0
0
0
0
0
0
0
0
0
0
0
0
0
0
0
0
0
0
0
0
0
0
0
0
0
0
0
0
0
0
0
0
0
0
0
0
0
0
0
0
0
0
0
0
0
0
0
0
0
0
0
0
0
0
0
0
0
0
0
0
0
0
0
0
0
0
0
0
0
0
0
0
0
0
0
0
0
0
0
0
0
0
0
0
0
0
0
0
0
0
0
0
0
0
0
0
0
0
0
0
0
0
0
0
0
0
0
0
0
0
0
0
0
0
0
0
0
0
0
0
0
0
0
0
0
0
0
0
0
0
0
0
0
0
0
0
0
0
0
0
0
0
0
0
0
0
0
0
0
0
0
0
0
0
0
0
0
0
0
0
0
0
0
0
0
0
0
0
0
0
0
0
0
0
0
0
0
0
0
0
0
0
0
0
0
0
0
0
0
0
0
0
0
0
0
0
0
0
0
0
0
0
0
0
0
0
0
0
0
0
0
0
0
0
0
0
0
0
0
0
0
0
0
0
0
0
0
0
0
0
0
0
0
0
0
0
0
0
0
0
0
0
0
0
0
0
0
0
0
0
0
0
0
0
0
0
0
0
0
0
0
0
0
0
0
0
0
0
0
0
0
0
0
0
0
0
0
0
0
0
0
0
0
0
0
0
0
0
0
0
0
0
0
0
0
0
0
0
0
0
0
0
0
0
0
0
0
0
0
0
0
0
0
0
0
0
0
0
0
0
0
0
0
0
0
0
0
0
0
0
0
0
0
0
0
0
0
0
0
0
0
0
0
0
0
0
0
0
0
0
0
0
0
0
0
0
0
0
0
0
0
0
0
0
0
0
0
0
0
0
0
0
0
0
0
0
0
0
0
0
0
0
0
0
0
0
0
0
0
0
0
0
0
0
0
0
0
0
0
0
0
0
0
0
0
0
0
0
0
0
0
0
0
0
0
0
0
0
0
0
0
0
0
0
0
0
0
0
0
0
0
0
0
0
0
0
0
0
0
0
0
0
0
0
0
0
0
0
0
0
0
0
0
0
0
0
0
0
0
0
0
0
0
0
0
0
0
0
0
0
0
0
0
0
0
0
0
0
0
0
0
0
0
0
0
0
0
0
0
0
0
0
0
0
0
0
0
0
0
0
0
0
0
0
0
0
0
0
0
0
0
0
0
0
0
0
0
0
0
0
0
0
0
0
0
0
0
0
0
0
0
0
0
0
0
0
0
0
0
0
0
0
0
0
0
0
0
0
0
0
0
0
0
0
0
0
0
0
0
0
0
0
0
0
0
0
0
0
0
0
0
0
0
0
0
0
0
0
0
0
0
0
0
0
0
0
0
0
0
0
0
0
0
0
0
0
0
0
0
0
0
0
0
0
0
0
0
0
0
0
0
0
0
0
0
0
0
0
0
0
0
0
0
0
0
0
0
0
0
0
0
0
0
0
0
0
0
0
0
0
0
0
0
0
0
0
0
0
0
0
0
0
0
0
0
0
0
0
0
0
0
0
0
0
0
0
0
0
0
0
0
0
0
0
0
0
0
0
0
0
0
0
0
0
0
0
0
0
0
0
0
0
0
0
0
0
0
0
0
0
0
0
0
0
0
0
0
0
0
0
0
0
0
0
0
0
0
0
0
0
0
0
0
0
0
0
0
0
0
0
0
0
0
0
0
0
0
0
0
0
0
0
0
0
0
0
0
0
0
0
0
0
0
0
0
0
0
0
0
0
0
0
0
0
0
0
0
0
0
0
0
0
0
0
0
0
0
0
0
0
0
0
0
0
0
0
0
0
0
0
0
0
0
0
0
0
0
0
0
0
0
0
0
0
0
0
0
0
0
0
0
0
0
0
0
0
0
0
0
0
0
0
0
0
0
0
0
0
0
0
0
0
0
0
0
0
0
0
0
0
0
0
0
0
0
0
0
0
0
0
0
0
0
0
0
0
0
0
0
0
0
0
0
0
0
0
0
0
0
0
0
0
0
0
0
0
0
0
0
0
0
0
0
0
0
0
0
0
0
0
0
0
0
0
0
0
0
0
0
0
0
0
0
0
0
0
0
0
0
0
0
0
0
0
0
0
0
0
0
0
0
0
0
0
0
0
0
0
0
0
0
0
0
0
0
0
0
0
0
0
0
0
0
0
0
0
0
0
0
0
0
0
0
0
0
0
0
0
0
0
0
0
0
0
0
0
0
0
0
0
0
0
0
0
0
0
0
0
0
0
0
0
0
0
0
0
0
0
0
0
0
0
0
0
0
0
0
0
0
0
0
0
0
0
0
0
0
0
0
0
0
0
0
0
0
0
0
0
0
0
0
0
0
0
0
0
0
0
0
0
0
0
0
0
0
0
0
0
0
0
0
0
0
0
0
0
0
0
0
0
0
0
0
0
0
0
0
0
0
0
0
0
0
0
0
0
0
0
0
0
0
0
0
0
0
0
0
0
0
0
0
0
0
0
0
0
0
0
0
0
0
0
0
0
0
0
0
0
0
0
0
0
0
0
0
0
0
0
0
0
0
0
0
0
0
0
0
0
0
0
0
0
0
0
0
0
0
0
0
0
0
0
0
0
0
0
0
0
0
0
0
0
0
0
0
0
0
0
0
0
0
0
0
0
0
0
0
0
0
0
0
0
0
0
0
0
0
0
0
0
0
0
0
0
0
0
0
0
0
0
0
0
0
0
0
0
0
0
0
0
0
0
0
0
0
0
0
0
0
0
0
0
0
0
0
0
0
0
0
0
0
0
0
0
0
0
0
0
0
0
0
0
0
0
0
0
0
0
0
0
0
0
0
0
0
0
0
0
0
0
0
0
0
0
0
0
0
0
0
0
0
0
0
0
0
0
0
0
0
0
0
0
0
0
0
0
0
0
0
0
0
0
0
0
0
0
0
0
0
0
0
0
0
0
0
0
0
0
0
0
0
0
0
0
0
0
0
0
0
0
0
0
0
0
0
0
0
0
0
0
0
0
0
0
0
0
0
0
0
0
0
0
0
0
0
0
0
0
0
0
0
0
0
0
0
0
0
0
0
0
0
0
0
0
0
0
0
0
0
0
0
0
0
0
0
0
0
0
0
0
0
0
0
0
0
0
0
0
0
0
0
0
0
0
0
0
0
0
0
0
0
0
0
0
0
0
0
0
0
0
0
0
0
0
0
0
0
0
0
0
0
0
0
0
0
0
0
0
0
0
0
0
0
0
0
0
0
0
0
0
0
0
0
0
0
0
0
0
0
0
0
0
0
0
0
0
0
0
0
0
0
0
0
0
0
0
0
0
0
0
0
0
0
0
0
0
0
0
0
0
0
0
0
0
0
0
0
0
0
0
0
0
0
0
0
0
0
0
0
0
0
0
0
0
0
0
0
0
0
0
0
0
0
0
0
0
0
0
0
0
0
0
0
0
0
0
0
0
0
0
0
0
0
0
0
0
0
0
0
0
0
0
0
0
0
0
0
0
0
0
0
0
0
0
0
0
0
0
0
0
0
0
0
0
0
0
0
0
0
0
0
0
0
0
0
0
0
0
0
0
0
0
0
0
0
0
0
0
0
0
0
0
0
0
0
0
0
0
0
0
0
0
0
0
0
0
0
0
0
0
0
0
0
0
0
0
0
0
0
0
0
0
0
0
0
0
0
0
0
0
0
0
0
0
0
0
0
0
0
0
0
0
0
0
0
0
0
0
0
0
0
0
0
0
0
0
0
0
0
0
0
0
0
0
0
0
0
0
0
0
0
0
0
0
0
0
0
0
0
0
0
0
0
0
0
0
0
0
0
0
0
0
0
0
0
0
0
0
0
0
0
0
0
0
0
0
0
0
0
0
0
0
0
0
0
0
0
0
0
0
0
0
0
0
0
0
0
0
0
0
0
0
0
0
0
0
0
0
0
0
0
0
0
0
0
0
0
0
0
0
0
0
0
0
0
0
0
0
0
0
0
0
0
0
0
0
0
0
0
0
0
0
0
0
0
0
0
0
0
0
0
0
0
0
0
0
0
0
0
0
0
0
0
0
0
0
0
0
0
0
0
0
0
0
0
0
0
0
0
0
0
0
0
0
0
0
0
0
0
0
0
0
0
0
0
0
0
0
0
0
0
0
0
0
0
0
0
0
0
0
0
0
0
0
0
0
0
0
0
0
0
0
0
0
0
0
0
0
0
0
0
0
0
0
0
0
0
0
0
0
0
0
0
0
0
0
0
0
0
0
0
0
0
0
0
0
0
0
0
0
0
0
0
0
0
0
0
0
0
0
0
0
0
0
0
0
0
0
0
0
0
0
0
0
0
0
0
0
0
0
0
0
0
0
0
0
0
0
0
0
0
0
0
0
0
0
0
0
0
0
0
0
0
0
0
0
0
0
0
0
0
0
0
0
0
0
0
0
0
0
0
0
0
0
0
0
0
0
0
0
0
0
0
0
0
0
0
0
0
0
0
0
0
0
0
0
0
0
0
0
0
0
0
0
0
0
0
0
0
0
0
0
0
0
0
0
0
0
0
0
0
0
0
0
0
0
0
0
0
0
0
0
0
0
0
0
0
0
0
0
0
0
0
0
0
0
0
0
0
0
0
0
0
0
0
0
0
0
0
0
0
0
0
0
0
0
0
0
0
0
0
0
0
0
0
0
0
0
0
0
0
0
0
0
0
0
0
0
0
0
0
0
0
0
0
0
0
0
0
0
0
0
0
0
0
0
0
0
0
0
0
0
0
0
0
0
0
0
0
0
0
0
0
0
0
0
0
0
0
0
0
0
0
0
0
0
0
0
0
0
0
0
0
0
0
0
0
0
0
0
0
0
0
0
0
0
0
0
0
0
0
0
5.30991
7.67021
9.14622
9.92715
10.4808
10.5839
10.5465
10.1108
8.22975
6.38723
6.0356
7.01406
7.89357
8.4983
8.38599
8.48927
9.11024
9.31868
9.15518
9.84984
9.72731
10.778
11.1264
10.5805
9.08116
10.2653
11.2655
9.29946
10.0467
10.5773
9.37498
7.92697
9.07338
9.64919
10.1511
9.92567
10.0904
9.17595
9.65892
9.86126
10.0038
10.3828
10.9912
11.1636
8.50507
6.74365
6.09934
2.64828
0.18871
0.0298258
0.349757
1.97468
5.02836
7.69374
9.21204
9.20247
8.65482
8.73255
9.73645
10.1987
9.55217
9.06365
9.33706
6.51068
5.43011
8.12128
9.63622
10.137
10.4705
10.5639
10.467
10.2066
8.57572
5.75866
5.13288
7.17121
8.16752
8.67654
8.65465
8.65027
9.05909
9.77426
9.24377
9.63461
10.0373
10.5022
10.7734
10.1609
9.58885
9.52895
10.0057
9.20936
10.5112
9.89008
11.22
7.99497
11.3348
10.5298
9.63335
10.2523
10.0265
9.9219
9.97288
9.99101
9.7735
10.7954
11.2862
10.9506
7.52687
3.01771
1.77784
0.726291
0.0442174
0.0913991
0.7894
3.47578
6.66137
8.51781
9.41357
8.94375
8.4707
8.95497
10.1282
10.4804
10.0695
9.25845
8.94165
5.88494
4.07686
6.4741
7.66177
9.24912
6.3158
9.56112
5.64507
2.99748
7.67022
2.28603
3.41888
2.40958
6.21026
7.07517
1.29501
2.01861
7.87276
3.15292
3.9745
2.74299
6.56841
8.73495
9.75843
8.70947
8.32717
9.00608
9.09931
9.58021
10.5495
9.80795
11.432
12.0997
11.3062
11.4191
7.31792
4.74546
8.43893
7.02776
7.41496
8.82926
10.0455
10.7024
10.8807
4.73576
3.11621
0.150122
0.303629
0.350497
0.0146311
0.114988
0.937742
3.38582
4.34496
7.72371
4.24374
6.91681
4.29606
7.0073
9.07105
8.03169
9.49989
7.34438
3.34213
1.74663
0.700162
3.19902
1.49674
4.65396
0.708621
3.96865
1.46201
0.330489
1.38553
0.282926
0.425206
0.0960217
3.38807
4.41352
0.124272
0.0808486
1.48109
0.0601522
0.183132
0.00029016
0.393901
1.05982
3.46398
3.02114
3.97659
3.24423
5.08095
7.47607
10.9777
10.8634
9.09597
14.8611
10.1687
5.03915
5.10084
2.5099
1.21056
0.925519
2.01695
2.13399
7.12615
2.69122
0.785341
0.0810081
0.0276411
0.00835397
0.0197266
0.0118703
0.0044315
0.0355867
0.358544
1.13964
0.232994
1.39596
0.174887
1.19407
0.930099
2.54593
4.88531
2.74922
5.28469
2.89271
0.794732
7.92512e-06
0
0.00609982
0.00686452
0.00780113
0.00333777
0.000519596
4.86301e-05
2.19025e-06
0
0
0
0
0
0
1.74764e-05
0
2.31161e-06
0
1.78875e-05
0
0
0.000690967
0.00347462
0.0107883
0.235127
0.511788
2.37081
5.34806
8.32857
9.27434
6.85982
7.26146
2.4736
1.85872
0.236696
0.00504047
0.000546883
9.42717e-05
6.04641e-05
9.01959e-05
0.000169733
0.00964247
0.00242797
0
0
0
0
0
0
3.33645e-06
2.79288e-05
0.00010422
0.00021468
0.00105712
0.00730242
0.0160622
0.342066
0.361047
0.0760335
1.0073
1.47532
0.554632
0.368053
5.29075e-06
0
9.50249e-06
1.24013e-05
3.7197e-06
0
0
0
0
0
0
0
0
0
0
0
0
0
0
0
0
0
0
0
6.25292e-06
2.33084e-06
0
0.000120759
0.00701005
0.0488943
2.0628
0.462352
0.319226
0.478547
0.204374
0.0111871
0
0
0
0
0
0
3.11242e-06
0
0
0
0
0
0
0
2.27445e-06
1.10084e-05
2.85874e-05
4.64047e-05
8.87089e-05
0.00021332
0.00101597
0.0124481
0.0104811
0.00427116
0.0417218
0.0568524
0.00738958
0.00627641
6.29525e-06
0
0
0
0
0
0
0
0
0
0
0
0
0
0
0
0
0
0
0
0
0
0
0
0
0
0
0
0
2.88317e-05
1.0888e-06
0.00842079
0.00386779
1.69376e-06
0.00661842
1.45403e-05
0
0
0
0
0
0
0
0
0
0
0
0
0
0
0
3.50471e-06
7.65746e-06
2.07792e-05
3.35589e-05
0.000278125
0.000880647
0.00044776
0.000679657
0.00131425
0.000677937
0.000149841
4.30945e-05
1.84911e-05
1.50915e-06
0
0
0
0
0
0
0
0
0
0
0
0
0
0
0
0
0
0
0
0
0
0
0
0
0
0
0
0
1.49891e-05
2.63449e-06
0
0
1.7308e-06
0
0
0
0
0
0
0
0
0
0
0
0
0
0
0
0
0
1.32596e-06
7.67113e-06
1.63817e-05
2.17231e-05
6.80003e-05
0.000187376
0.000116069
0.000105937
0.000152438
0.000194905
6.09557e-05
2.49885e-05
1.12583e-05
0
0
0
0
0
0
0
0
0
0
0
0
0
0
0
0
0
0
0
0
0
0
0
0
0
0
0
0
0
0
2.67144e-06
0
0
0
0
0
0
0
0
0
0
0
0
0
0
0
0
0
0
0
0
0
6.28512e-06
1.37817e-05
1.94797e-05
3.36267e-05
3.54395e-05
4.61755e-05
2.04017e-05
3.33837e-05
5.01204e-05
3.02627e-05
1.73156e-05
5.61205e-06
0
0
0
0
0
0
0
0
0
0
0
0
0
0
0
0
0
0
0
0
0
0
0
0
0
0
0
0
0
0
0
0
0
0
0
0
0
0
0
0
0
0
0
0
0
0
0
0
0
0
0
0
5.3061e-06
1.28802e-05
1.69064e-05
2.01108e-05
1.74128e-05
2.39625e-05
1.46206e-05
1.74095e-05
2.10964e-05
1.96291e-05
9.60461e-06
2.73899e-06
0
0
0
0
0
0
0
0
0
0
0
0
0
0
0
0
0
0
0
0
0
0
0
0
0
0
0
0
0
0
0
0
0
0
0
0
0
0
0
0
0
0
0
0
0
0
0
0
0
0
0
0
3.9732e-06
1.03096e-05
1.15824e-05
1.21621e-05
1.07901e-05
8.98741e-06
8.74004e-06
1.23663e-05
1.4999e-05
1.01415e-05
3.47973e-06
0
0
0
0
0
0
0
0
0
0
0
0
0
0
0
0
0
0
0
0
0
0
0
0
0
0
0
0
0
0
0
0
0
0
0
0
0
0
0
0
0
0
0
0
0
0
0
0
0
0
0
0
0
3.17378e-06
5.97061e-06
7.28049e-06
7.32346e-06
5.7676e-06
4.55197e-06
3.65251e-06
4.64248e-06
6.89706e-06
2.70775e-06
0
0
0
0
0
0
0
0
0
0
0
0
0
0
0
0
0
0
0
0
0
0
0
0
0
0
0
0
0
0
0
0
0
0
0
0
0
0
0
0
0
0
0
0
0
0
0
0
0
0
0
0
0
0
1.17015e-06
1.74933e-06
3.1951e-06
4.67999e-06
2.93021e-06
2.07558e-06
1.32447e-06
1.11881e-06
1.48078e-06
0
0
0
0
0
0
0
0
0
0
0
0
0
0
0
0
0
0
0
0
0
0
0
0
0
0
0
0
0
0
0
0
0
0
0
0
0
0
0
0
0
0
0
0
0
0
0
0
0
0
0
0
0
0
0
0
0
1.2896e-06
2.36557e-06
1.6131e-06
0
0
0
0
0
0
0
0
0
0
0
0
0
0
0
0
0
0
0
0
0
0
0
0
0
0
0
0
0
0
0
0
0
0
0
0
0
0
0
0
0
0
0
0
0
0
0
0
0
0
0
0
0
0
0
0
0
0
0
0
0
0
0
0
0
0
0
0
0
0
0
0
0
0
0
0
0
0
0
0
0
0
0
0
0
0
0
0
0
0
0
0
0
0
0
0
0
0
0
0
0
0
0
0
0
0
0
0
0
0
0
0
0
0
0
0
0
0
0
0
0
0
0
0
0
0
0
0
0
0
0
0
0
0
0
0
0
0
0
0
0
0
0
0
0
0
0
0
0
0
0
0
0
0
0
0
0
0
0
0
0
0
0
0
0
0
0
0
0
0
0
0
0
0
0
0
0
0
0
0
0
0
0
0
0
0
0
0
0
0
0
0
0
0
0
0
0
0
0
0
0
0
0
0
0
0
0
0
0
0
0
0
0
0
0
0
0
0
0
0
0
0
0
0
0
0
0
0
0
0
0
0
0
0
0
0
0
0
0
0
0
0
0
0
0
0
0
0
0
0
0
0
0
0
0
0
0
0
0
0
0
0
0
0
0
0
0
0
0
0
0
0
0
0
0
0
0
0
0
0
0
0
0
0
0
0
0
0
0
0
0
0
0
0
0
0
0
0
0
0
0
0
0
0
0
0
0
0
0
0
0
0
0
0
0
0
0
0
0
0
0
0
0
0
0
0
0
0
0
0
0
0
0
0
0
0
0
0
0
0
0
0
0
0
0
0
0
0
0
0
0
0
0
0
0
0
0
0
0
0
0
0
0
0
0
0
0
0
0
0
0
0
0
0
0
0
0
0
0
0
0
0
0
0
0
0
0
0
0
0
0
0
0
0
0
0
0
0
0
0
0
0
0
0
0
0
0
0
0
0
0
0
0
0
0
0
0
0
0
0
0
0
0
0
0
0
0
0
0
0
0
0
0
0
0
0
0
0
0
0
0
0
0
0
0
0
0
0
0
0
0
0
0
0
0
0
0
0
0
0
0
0
0
0
0
0
0
0
0
0
0
0
0
0
0
0
0
0
0
0
0
0
0
0
0
0
0
0
0
0
0
0
0
0
0
0
0
0
0
0
0
0
0
0
0
0
0
0
0
0
0
0
0
0
0
0
0
0
0
0
0
0
0
0
0
0
0
0
0
0
0
0
0
0
0
0
0
0
0
0
0
0
0
0
0
0
0
0
0
0
0
0
0
0
0
0
0
0
0
0
0
0
0
0
0
0
0
0
0
0
0
0
0
0
0
0
0
0
0
0
0
0
0
0
0
0
0
0
0
0
0
0
0
0
0
0
0
0
0
0
0
0
0
0
0
0
0
0
0
0
0
0
0
0
0
0
0
0
0
0
0
0
0
0
0
0
0
0
0
0
0
0
0
0
0
0
0
0
0
0
0
0
0
0
0
0
0
0
0
0
0
0
0
0
0
0
0
0
0
0
0
0
0
0
0
0
0
0
0
0
0
0
0
0
0
0
0
0
0
0
0
0
0
0
0
0
0
0
0
0
0
0
0
0
0
0
0
0
0
0
0
0
0
0
0
0
0
0
0
0
0
0
0
0
0
0
0
0
0
0
0
0
0
0
0
0
0
0
0
0
0
0
0
0
0
0
0
0
0
0
0
0
0
0
0
0
0
0
0
0
0
0
0
0
0
0
0
0
0
0
0
0
0
0
0
0
0
0
0
0
0
0
0
0
0
0
0
0
0
0
0
0
0
0
0
0
0
0
0
0
0
0
0
0
0
0
0
0
0
0
0
0
0
0
0
0
0
0
0
0
0
0
0
0
0
0
0
0
0
0
0
0
0
0
0
0
0
0
0
0
0
0
0
0
0
0
0
0
0
0
0
0
0
0
0
0
0
0
0
0
0
0
0
0
0
0
0
0
0
0
0
0
0
0
0
0
0
0
0
0
0
0
0
0
0
0
0
0
0
0
0
0
0
0
0
0
0
0
0
0
0
0
0
0
0
0
0
0
0
0
0
0
0
0
0
0
0
0
0
0
0
0
0
0
0
0
0
0
0
0
0
0
0
0
0
0
0
0
0
0
0
0
0
0
0
0
0
0
0
0
0
0
0
0
0
0
0
0
0
0
0
0
0
0
0
0
0
0
0
0
0
0
0
0
0
0
0
0
0
0
0
0
0
0
0
0
0
0
0
0
0
0
0
0
0
0
0
0
0
0
0
0
0
0
0
0
0
0
0
0
0
0
0
0
0
0
0
0
0
0
0
0
0
0
0
0
0
0
0
0
0
0
0
0
0
0
0
0
0
0
0
0
0
0
0
0
0
0
0
0
0
0
0
0
0
0
0
0
0
0
0
0
0
0
0
0
0
0
0
0
0
0
0
0
0
0
0
0
0
0
0
0
0
0
0
0
0
0
0
0
0
0
0
0
0
0
0
0
0
0
0
0
0
0
0
0
0
0
0
0
0
0
0
0
0
0
0
0
0
0
0
0
0
0
0
0
0
0
0
0
0
0
0
0
0
0
0
0
0
0
0
0
0
0
0
0
0
0
0
0
0
0
0
0
0
0
0
0
0
0
0
0
0
0
0
0
0
0
0
0
0
0
0
0
0
0
0
0
0
0
0
0
0
0
0
0
0
0
0
0
0
0
0
0
0
0
0
0
0
0
0
0
0
0
0
0
0
0
0
0
0
0
0
0
0
0
0
0
0
0
0
0
0
0
0
0
0
0
0
0
0
0
0
0
0
0
0
0
0
0
0
0
0
0
0
0
0
0
0
0
0
0
0
0
0
0
0
0
0
0
0
0
0
0
0
0
0
0
0
0
0
0
0
0
0
0
0
0
0
0
0
0
0
0
0
0
0
0
0
0
0
0
0
0
0
0
0
0
0
0
0
0
0
0
0
0
0
0
0
0
0
0
0
0
0
0
0
0
0
0
0
0
0
0
0
0
0
0
0
0
0
0
0
0
0
0
0
0
0
0
0
0
0
0
0
0
0
0
0
0
0
0
0
0
0
0
0
0
0
0
0
0
0
0
0
0
0
0
0
0
0
0
0
0
0
0
0
0
0
0
0
0
0
0
0
0
0
0
0
0
0
0
0
0
0
0
0
0
0
0
0
0
0
0
0
0
0
0
0
0
0
0
0
0
0
0
0
0
0
0
0
0
0
0
0
0
0
0
0
0
0
0
0
0
0
0
0
0
0
0
0
0
0
0
0
0
0
0
0
0
0
0
0
0
0
0
0
0
0
0
0
0
0
0
0
0
0
0
0
0
0
0
0
0
0
0
0
0
0
0
0
0
0
0
0
0
0
0
0
0
0
0
0
0
0
0
0
0
0
0
0
0
0
0
0
0
0
0
0
0
0
0
0
0
0
0
0
0
0
0
0
0
0
0
0
0
0
0
0
0
0
0
0
0
0
0
0
0
0
0
0
0
0
0
0
0
0
0
0
0
0
0
0
0
0
0
0
0
0
0
0
0
0
0
0
0
0
0
0
0
0
0
0
0
0
0
0
0
0
0
0
0
0
0
0
0
0
0
0
0
0
0
0
0
0
0
0
0
0
0
0
0
0
0
0
0
0
0
0
0
0
0
0
0
0
0
0
0
0
0
0
0
0
0
0
0
0
0
0
0
0
0
0
0
0
0
0
0
0
0
0
0
0
0
0
0
0
0
0
0
0
0
0
0
0
0
0
0
0
0
0
0
0
0
0
0
0
0
0
0
0
0
0
0
0
0
0
0
0
0
0
0
0
0
0
0
0
0
0
0
0
0
0
0
0
0
0
0
0
0
0
0
0
0
0
0
0
0
0
0
0
0
0
0
0
0
0
0
0
0
0
0
0
0
0
0
0
0
0
0
0
0
0
0
0
0
0
0
0
0
0
0
0
0
0
0
0
0
0
0
0
0
0
0
0
0
0
0
0
0
0
0
0
0
0
0
0
0
0
0
0
0
0
0
0
0
0
0
0
0
0
0
0
0
0
0
0
0
0
0
0
0
0
0
0
0
0
0
0
0
0
0
0
0
0
0
0
0
0
0
0
0
0
0
0
0
0
0
0
0
0
0
0
0
0
0
0
0
0
0
0
0
0
0
0
0
0
0
0
0
0
0
0
0
0
0
0
0
0
0
0
0
0
0
0
0
0
0
0
0
0
0
0
0
0
0
0
0
0
0
0
0
0
0
0
0
0
0
0
0
0
0
0
0
0
0
0
0
0
0
0
0
0
0
0
0
0
0
0
0
0
0
0
0
0
0
0
0
0
0
0
0
0
0
0
0
0
0
0
0
0
0
0
0
0
0
0
0
0
0
0
0
0
0
0
0
0
0
0
0
0
0
0
0
0
0
0
0
0
0
0
0
0
0
0
0
0
0
0
0
0
0
0
0
0
0
0
0
0
0
0
0
0
0
0
0
0
0
0
0
0
0
0
0
0
0
0
0
0
0
0
0
0
0
0
0
0
0
0
0
0
0
0
0
0
0
0
0
0
0
0
0
0
0
0
0
0
0
0
0
0
0
0
0
0
0
0
0
0
0
0
0
0
0
0
0
0
0
0
0
0
0
0
0
0
0
0
0
0
0
0
0
0
0
0
0
0
0
0
0
0
0
0
0
0
0
0
0
0
0
0
0
0
0
0
0
0
0
0
0
0
0
0
0
0
0
0
0
0
0
0
0
0
0
0
0
0
0
0
0
0
0
0
0
0
0
0
0
0
0
0
0
0
0
0
0
0
0
0
0
0
0
0
0
0
0
0
0
0
0
0
0
0
0
0
0
0
0
0
0
0
0
0
0
0
0
0
0
0
0
0
0
0
0
0
0
0
0
0
0
0
0
0
0
0
0
0
0
0
0
0
0
0
0
0
0
0
0
0
0
0
0
0
0
0
0
0
0
0
0
0
0
0
0
0
0
0
0
0
0
0
0
0
0
0
0
0
0
0
0
0
0
0
0
0
0
0
0
0
0
0
0
0
0
0
0
0
0
0
0
0
0
0
0
0
0
0
0
0
0
0
0
0
0
0
0
0
0
0
0
0
0
0
0
0
0
0
0
0
0
0
0
0
0
0
0
0
0
0
0
0
0
0
0
0
0
0
0
0
0
0
0
0
0
0
0
0
0
0
0
0
0
0
0
0
0
0
0
0
0
0
0
0
0
0
0
0
0
0
0
0
0
0
0
0
0
0
0
0
0
0
0
0
0
0
0
0
0
0
0
0
0
0
0
0
0
0
0
0
0
0
0
0
0
0
0
0
0
0
0
0
0
0
0
0
0
0
0
0
0
0
0
0
0
0
0
0
0
0
0
0
0
0
0
0
0
0
0
0
0
0
0
0
0
0
0
0
0
0
0
0
0
0
0
0
0
0
0
0
0
0
0
0
0
0
0
0
0
0
0
0
0
0
0
0
0
0
0
0
0
0
0
0
0
0
0
0
0
0
0
0
0
0
0
0
0
0
0
0
0
0
0
0
0
0
0
0
0
0
0
0
0
0
0
0
0
0
0
0
0
0
0
0
0
0
0
0
0
0
0
0
0
0
0
0
0
0
0
0
0
0
0
0
0
0
0
0
0
0
0
0
0
0
0
0
0
0
0
0
0
0
0
0
0
0
0
0
0
0
0
0
0
0
0
0
0
0
0
0
0
0
0
0
0
0
0
0
0
0
0
0
0
0
0
0
0
0
0
0
0
0
0
0
0
0
0
0
0
0
0
0
0
0
0
0
0
0
0
0
0
0
0
0
0
0
0
0
0
0
0
0
0
0
0
0
0
0
0
0
0
0
0
0
0
0
0
0
0
0
0
0
0
0
0
0
0
0
0
0
0
0
0
0
0
0
0
0
0
0
0
0
0
0
0
0
0
0
0
0
0
0
0
0
0
0
0
0
0
0
0
0
0
0
0
0
0
0
0
0
0
0
0
0
0
0
0
0
0
0
0
0
0
0
0
0
0
0
0
0
0
0
0
0
0
0
0
0
0
0
0
0
0
0
0
0
0
0
0
0
0
0
0
0
0
0
0
0
0
0
0
0
0
0
0
0
0
0
0
0
0
0
0
0
0
0
0
0
0
0
0
0
0
0
0
0
0
0
0
0
0
0
0
0
0
0
0
0
0
0
0
0
0
0
0
0
0
0
0
0
0
0
0
0
0
0
0
0
0
0
0
0
0
0
0
0
0
0
0
0
0
0
0
0
0
0
0
0
0
0
0
0
0
0
0
0
0
0
0
0
0
0
0
0
0
0
0
0
0
0
0
0
0
0
0
0
0
0
0
0
0
0
0
0
0
0
0
0
0
0
0
0
0
0
0
0
0
0
0
0
0
0
0
0
0
0
0
0
0
0
0
0
0
0
0
0
0
0
0
0
0
0
0
0
0
0
0
0
0
0
0
0
0
0
0
0
0
0
0
0
0
0
0
0
0
0
0
0
0
0
0
0
0
0
0
0
0
0
0
0
0
0
0
0
0
0
0
0
0
0
0
0
0
0
0
0
0
0
0
0
0
0
0
0
0
0
0
0
0
0
0
0
0
0
0
0
0
0
0
0
0
0
0
0
0
0
0
0
0
0
0
0
0
0
0
0
0
0
0
0
0
0
0
0
0
0
0
0
0
0
0
0
0
0
0
0
0
0
0
0
0
0
0
0
0
0
0
0
0
0
0
0
0
0
0
0
0
0
0
0
0
0
0
0
0
0
0
0
0
0
0
0
0
0
0
0
0
0
0
0
0
0
0
0
0
0
0
0
0
0
0
0
0
0
0
0
0
0
0
0
0
0
0
0
0
0
0
0
0
0
0
0
0
0
0
0
0
0
0
0
0
0
0
0
0
0
0
0
0
0
0
0
0
0
0
0
0
0
0
0
0
0
0
0
0
0
0
0
0
0
0
0
0
0
0
0
0
0
0
0
0
0
0
0
0
0
0
0
0
0
0
0
0
0
0
0
0
0
0
0
0
0
0
0
0
0
0
0
0
0
0
0
0
0
0
0
0
0
0
0
0
0
0
0
0
0
0
0
0
0
0
0
0
0
0
0
0
0
0
0
0
0
0
0
0
0
0
0
0
0
0
0
0
0
0
0
0
0
0
0
0
0
0
0
0
0
0
0
0
0
0
0
0
0
0
0
0
0
0
0
0
0
0
0
0
0
0
0
0
0
0
0
0
0
0
0
0
0
0
0
0
0
0
0
0
0
0
0
0
0
0
0
0
0
0
0
0
0
0
7.36874
9.93054
10.4838
10.1561
9.63353
9.4617
9.79297
10.1524
9.29787
8.48016
8.19415
8.20411
8.50974
8.63561
8.70157
9.07507
9.77496
9.79311
9.75127
11.1539
11.1928
11.4541
10.6589
9.15257
9.92596
11.8545
13.447
10.1034
8.32664
14.6574
10.4768
11.2996
8.61694
13.7998
11.1731
9.39457
11.0194
10.3206
10.9592
9.41784
9.77326
10.6454
10.9042
11.2837
9.39701
5.6846
4.58311
3.18483
0.428548
0.0337727
0.264145
2.24097
5.69738
7.84501
8.39189
8.10068
8.07909
9.03717
10.8131
12.167
11.6252
9.6519
9.19035
7.03637
7.21186
9.86404
10.4606
10.2082
9.91304
9.45553
9.42376
10.0282
8.88457
7.74785
7.55709
8.00513
8.74144
8.65844
8.57233
8.98565
9.81138
10.4257
9.65035
10.2027
11.0389
11.1323
10.3372
9.60821
9.94181
11.093
11.3346
7.82167
8.28054
9.26026
11.8565
9.1766
9.28731
8.96789
9.85361
9.45019
9.74753
9.71895
9.38391
9.76106
10.275
10.9471
11.2179
11.4302
9.49409
5.11325
1.21871
0.582571
0.149574
0.0794345
0.550013
3.09578
6.74434
8.18358
8.36525
8.02792
8.02502
9.05401
10.8631
12.0725
12.1193
10.1289
9.11069
6.5667
6.86338
5.21486
8.30999
8.79346
5.97222
8.59622
3.98502
8.93988
4.8078
6.52709
3.6221
4.62326
7.98454
2.49234
2.05244
7.55808
4.3442
6.06698
4.5775
8.70562
9.64407
10.1075
8.42878
8.04096
8.76566
9.46611
9.1592
9.80327
10.4238
8.84672
10.6517
10.8379
7.9603
7.99183
10.1043
9.54207
6.90838
6.63635
7.46126
9.46735
8.43963
10.334
11.3344
6.34999
7.97531
0.886208
0.0610043
0.0673206
0.0701536
0.101884
0.598798
3.87609
4.79351
4.78339
7.09271
5.16851
7.41373
7.68385
10.5926
10.2582
11.185
10.0853
4.22235
5.19153
4.06345
1.30617
2.68612
3.14041
0.88401
3.39649
0.394463
2.10241
0.48147
2.21975
0.317607
0.655701
4.27954
0.247818
0.0224537
1.44005
1.49304e-05
0.778231
0.136517
0.697888
2.21966
4.02264
3.66305
6.0205
5.71768
3.80515
3.52046
7.34311
9.44709
7.91417
10.5232
10.0376
9.76153
3.64878
3.33706
4.38469
3.20264
1.618
1.77271
7.16477
3.84658
6.20347
5.68497
0.619308
0.0706591
0.0191035
0.0021164
0.00298912
0.0146149
0.0286826
0.244009
1.59607
0.275931
0.263309
1.2132
1.16428
4.88122
4.82499
8.05492
5.92903
4.97959
7.55274
1.05117
0.709104
0
0.00948001
0.00674243
0.00339896
0.000723958
5.84427e-05
1.77821e-05
1.52286e-06
0
0
0
0
0
0
9.1327e-05
3.7574e-05
0
0
4.847e-05
0.000212067
0.00212236
0.00898379
0.0046473
0.0584545
0.817407
1.96779
1.74704
2.17277
5.52911
5.10499
4.40791
8.76425
8.65004
2.01681
0.746969
0.00572008
0.00412306
0.00127467
0.000519401
0.000227358
0.000302324
0.95473
0.270536
0.000722022
0
0
0
0
0
5.17764e-06
4.78073e-05
0.000206221
0.00107318
0.00691066
0.0247795
0.069617
0.921138
2.65805
0.697675
2.16733
1.93975
1.05257
0.525739
6.20288e-06
0
1.2044e-05
4.72111e-06
1.63703e-06
1.19373e-06
0
0
0
0
0
0
0
0
0
0
0
0
0
0
0
0
1.21825e-05
1.30552e-05
4.52263e-06
1.13529e-06
1.24183e-06
0.000270299
0.00638226
0.207374
0.208067
0.340704
0.355964
1.47788
0.132257
0.00201706
0
0
0
0
0
0
5.30618e-05
0.000117074
4.50367e-06
0
0
0
0
0
5.68788e-06
2.72656e-05
4.56795e-05
7.54569e-05
0.000237161
0.00108837
0.00681815
0.0118461
0.112962
0.0206184
0.0924934
0.0931236
0.0063686
0.0111294
3.76175e-06
0
0
0
0
0
0
0
0
0
0
0
0
0
0
0
0
0
0
0
0
0
0
0
0
0
0
0
0
0
0
0
7.01747e-05
0.0212681
0.0318382
0
0
0
0
0
0
0
0
0
0
0
0
0
0
0
2.13112e-06
1.39865e-05
3.06116e-05
4.98709e-05
0.000147228
0.000915241
0.00476597
0.00580161
0.00561183
0.00848393
0.00423192
0.000878163
9.24389e-05
2.34906e-05
4.0385e-06
0
0
0
0
0
0
0
0
0
0
0
0
0
0
0
0
0
0
0
0
0
0
0
0
0
0
0
0
0
0
0
0
0
0
0
0
0
0
0
0
0
0
0
0
0
0
0
0
0
0
6.30254e-06
1.91467e-05
3.75407e-05
9.09761e-05
0.000815057
0.0020921
0.00277209
0.001348
0.00104105
0.000816438
0.000216862
3.69211e-05
1.4478e-05
0
0
0
0
0
0
0
0
0
0
0
0
0
0
0
0
0
0
0
0
0
0
0
0
0
0
0
0
0
0
0
0
0
0
0
0
0
0
0
0
0
0
0
0
0
0
0
0
0
0
1.16062e-06
6.07175e-06
1.76606e-05
3.00634e-05
3.9523e-05
0.000277256
0.00145335
0.00098012
0.00033463
8.8606e-05
0.000195601
6.09524e-05
2.13121e-05
9.86354e-06
0
0
0
0
0
0
0
0
0
0
0
0
0
0
0
0
0
0
0
0
0
0
0
0
0
0
0
0
0
0
0
0
0
0
0
0
0
0
0
0
0
0
0
0
0
0
0
0
0
0
0
4.81359e-06
1.64256e-05
2.56127e-05
2.76536e-05
0.000113353
0.000487667
0.00035155
0.000141649
4.20814e-05
2.26646e-05
1.99574e-05
1.42117e-05
5.63801e-06
0
0
0
0
0
0
0
0
0
0
0
0
0
0
0
0
0
0
0
0
0
0
0
0
0
0
0
0
0
0
0
0
0
0
0
0
0
0
0
0
0
0
0
0
0
0
0
0
0
0
0
3.88561e-06
1.30548e-05
2.14387e-05
1.82674e-05
1.68207e-05
3.03838e-05
3.89087e-05
1.19405e-05
1.09364e-05
1.56895e-05
1.47712e-05
7.90495e-06
2.14847e-06
0
0
0
0
0
0
0
0
0
0
0
0
0
0
0
0
0
0
0
0
0
0
0
0
0
0
0
0
0
0
0
0
0
0
0
0
0
0
0
0
0
0
0
0
0
0
0
0
0
0
0
1.68692e-06
9.58096e-06
1.6744e-05
1.35653e-05
9.56637e-06
7.67491e-06
8.13238e-06
4.2952e-06
4.15859e-06
8.02761e-06
6.23007e-06
2.12206e-06
0
0
0
0
0
0
0
0
0
0
0
0
0
0
0
0
0
0
0
0
0
0
0
0
0
0
0
0
0
0
0
0
0
0
0
0
0
0
0
0
0
0
0
0
0
0
0
0
0
0
0
0
1.00964e-06
5.33617e-06
8.8111e-06
9.45625e-06
6.78018e-06
5.2019e-06
3.01908e-06
1.78684e-06
1.11009e-06
2.31548e-06
1.20069e-06
0
0
0
0
0
0
0
0
0
0
0
0
0
0
0
0
0
0
0
0
0
0
0
0
0
0
0
0
0
0
0
0
0
0
0
0
0
0
0
0
0
0
0
0
0
0
0
0
0
0
0
0
0
0
0
1.30737e-06
4.38503e-06
4.51909e-06
3.0738e-06
1.50644e-06
0
0
0
0
0
0
0
0
0
0
0
0
0
0
0
0
0
0
0
0
0
0
0
0
0
0
0
0
0
0
0
0
0
0
0
0
0
0
0
0
0
0
0
0
0
0
0
0
0
0
0
0
0
0
0
0
0
0
0
0
0
2.01049e-06
1.20403e-06
0
0
0
0
0
0
0
0
0
0
0
0
0
0
0
0
0
0
0
0
0
0
0
0
0
0
0
0
0
0
0
0
0
0
0
0
0
0
0
0
0
0
0
0
0
0
0
0
0
0
0
0
0
0
0
0
0
0
0
0
0
0
0
0
0
0
0
0
0
0
0
0
0
0
0
0
0
0
0
0
0
0
0
0
0
0
0
0
0
0
0
0
0
0
0
0
0
0
0
0
0
0
0
0
0
0
0
0
0
0
0
0
0
0
0
0
0
0
0
0
0
0
0
0
0
0
0
0
0
0
0
0
0
0
0
0
0
0
0
0
0
0
0
0
0
0
0
0
0
0
0
0
0
0
0
0
0
0
0
0
0
0
0
0
0
0
0
0
0
0
0
0
0
0
0
0
0
0
0
0
0
0
0
0
0
0
0
0
0
0
0
0
0
0
0
0
0
0
0
0
0
0
0
0
0
0
0
0
0
0
0
0
0
0
0
0
0
0
0
0
0
0
0
0
0
0
0
0
0
0
0
0
0
0
0
0
0
0
0
0
0
0
0
0
0
0
0
0
0
0
0
0
0
0
0
0
0
0
0
0
0
0
0
0
0
0
0
0
0
0
0
0
0
0
0
0
0
0
0
0
0
0
0
0
0
0
0
0
0
0
0
0
0
0
0
0
0
0
0
0
0
0
0
0
0
0
0
0
0
0
0
0
0
0
0
0
0
0
0
0
0
0
0
0
0
0
0
0
0
0
0
0
0
0
0
0
0
0
0
0
0
0
0
0
0
0
0
0
0
0
0
0
0
0
0
0
0
0
0
0
0
0
0
0
0
0
0
0
0
0
0
0
0
0
0
0
0
0
0
0
0
0
0
0
0
0
0
0
0
0
0
0
0
0
0
0
0
0
0
0
0
0
0
0
0
0
0
0
0
0
0
0
0
0
0
0
0
0
0
0
0
0
0
0
0
0
0
0
0
0
0
0
0
0
0
0
0
0
0
0
0
0
0
0
0
0
0
0
0
0
0
0
0
0
0
0
0
0
0
0
0
0
0
0
0
0
0
0
0
0
0
0
0
0
0
0
0
0
0
0
0
0
0
0
0
0
0
0
0
0
0
0
0
0
0
0
0
0
0
0
0
0
0
0
0
0
0
0
0
0
0
0
0
0
0
0
0
0
0
0
0
0
0
0
0
0
0
0
0
0
0
0
0
0
0
0
0
0
0
0
0
0
0
0
0
0
0
0
0
0
0
0
0
0
0
0
0
0
0
0
0
0
0
0
0
0
0
0
0
0
0
0
0
0
0
0
0
0
0
0
0
0
0
0
0
0
0
0
0
0
0
0
0
0
0
0
0
0
0
0
0
0
0
0
0
0
0
0
0
0
0
0
0
0
0
0
0
0
0
0
0
0
0
0
0
0
0
0
0
0
0
0
0
0
0
0
0
0
0
0
0
0
0
0
0
0
0
0
0
0
0
0
0
0
0
0
0
0
0
0
0
0
0
0
0
0
0
0
0
0
0
0
0
0
0
0
0
0
0
0
0
0
0
0
0
0
0
0
0
0
0
0
0
0
0
0
0
0
0
0
0
0
0
0
0
0
0
0
0
0
0
0
0
0
0
0
0
0
0
0
0
0
0
0
0
0
0
0
0
0
0
0
0
0
0
0
0
0
0
0
0
0
0
0
0
0
0
0
0
0
0
0
0
0
0
0
0
0
0
0
0
0
0
0
0
0
0
0
0
0
0
0
0
0
0
0
0
0
0
0
0
0
0
0
0
0
0
0
0
0
0
0
0
0
0
0
0
0
0
0
0
0
0
0
0
0
0
0
0
0
0
0
0
0
0
0
0
0
0
0
0
0
0
0
0
0
0
0
0
0
0
0
0
0
0
0
0
0
0
0
0
0
0
0
0
0
0
0
0
0
0
0
0
0
0
0
0
0
0
0
0
0
0
0
0
0
0
0
0
0
0
0
0
0
0
0
0
0
0
0
0
0
0
0
0
0
0
0
0
0
0
0
0
0
0
0
0
0
0
0
0
0
0
0
0
0
0
0
0
0
0
0
0
0
0
0
0
0
0
0
0
0
0
0
0
0
0
0
0
0
0
0
0
0
0
0
0
0
0
0
0
0
0
0
0
0
0
0
0
0
0
0
0
0
0
0
0
0
0
0
0
0
0
0
0
0
0
0
0
0
0
0
0
0
0
0
0
0
0
0
0
0
0
0
0
0
0
0
0
0
0
0
0
0
0
0
0
0
0
0
0
0
0
0
0
0
0
0
0
0
0
0
0
0
0
0
0
0
0
0
0
0
0
0
0
0
0
0
0
0
0
0
0
0
0
0
0
0
0
0
0
0
0
0
0
0
0
0
0
0
0
0
0
0
0
0
0
0
0
0
0
0
0
0
0
0
0
0
0
0
0
0
0
0
0
0
0
0
0
0
0
0
0
0
0
0
0
0
0
0
0
0
0
0
0
0
0
0
0
0
0
0
0
0
0
0
0
0
0
0
0
0
0
0
0
0
0
0
0
0
0
0
0
0
0
0
0
0
0
0
0
0
0
0
0
0
0
0
0
0
0
0
0
0
0
0
0
0
0
0
0
0
0
0
0
0
0
0
0
0
0
0
0
0
0
0
0
0
0
0
0
0
0
0
0
0
0
0
0
0
0
0
0
0
0
0
0
0
0
0
0
0
0
0
0
0
0
0
0
0
0
0
0
0
0
0
0
0
0
0
0
0
0
0
0
0
0
0
0
0
0
0
0
0
0
0
0
0
0
0
0
0
0
0
0
0
0
0
0
0
0
0
0
0
0
0
0
0
0
0
0
0
0
0
0
0
0
0
0
0
0
0
0
0
0
0
0
0
0
0
0
0
0
0
0
0
0
0
0
0
0
0
0
0
0
0
0
0
0
0
0
0
0
0
0
0
0
0
0
0
0
0
0
0
0
0
0
0
0
0
0
0
0
0
0
0
0
0
0
0
0
0
0
0
0
0
0
0
0
0
0
0
0
0
0
0
0
0
0
0
0
0
0
0
0
0
0
0
0
0
0
0
0
0
0
0
0
0
0
0
0
0
0
0
0
0
0
0
0
0
0
0
0
0
0
0
0
0
0
0
0
0
0
0
0
0
0
0
0
0
0
0
0
0
0
0
0
0
0
0
0
0
0
0
0
0
0
0
0
0
0
0
0
0
0
0
0
0
0
0
0
0
0
0
0
0
0
0
0
0
0
0
0
0
0
0
0
0
0
0
0
0
0
0
0
0
0
0
0
0
0
0
0
0
0
0
0
0
0
0
0
0
0
0
0
0
0
0
0
0
0
0
0
0
0
0
0
0
0
0
0
0
0
0
0
0
0
0
0
0
0
0
0
0
0
0
0
0
0
0
0
0
0
0
0
0
0
0
0
0
0
0
0
0
0
0
0
0
0
0
0
0
0
0
0
0
0
0
0
0
0
0
0
0
0
0
0
0
0
0
0
0
0
0
0
0
0
0
0
0
0
0
0
0
0
0
0
0
0
0
0
0
0
0
0
0
0
0
0
0
0
0
0
0
0
0
0
0
0
0
0
0
0
0
0
0
0
0
0
0
0
0
0
0
0
0
0
0
0
0
0
0
0
0
0
0
0
0
0
0
0
0
0
0
0
0
0
0
0
0
0
0
0
0
0
0
0
0
0
0
0
0
0
0
0
0
0
0
0
0
0
0
0
0
0
0
0
0
0
0
0
0
0
0
0
0
0
0
0
0
0
0
0
0
0
0
0
0
0
0
0
0
0
0
0
0
0
0
0
0
0
0
0
0
0
0
0
0
0
0
0
0
0
0
0
0
0
0
0
0
0
0
0
0
0
0
0
0
0
0
0
0
0
0
0
0
0
0
0
0
0
0
0
0
0
0
0
0
0
0
0
0
0
0
0
0
0
0
0
0
0
0
0
0
0
0
0
0
0
0
0
0
0
0
0
0
0
0
0
0
0
0
0
0
0
0
0
0
0
0
0
0
0
0
0
0
0
0
0
0
0
0
0
0
0
0
0
0
0
0
0
0
0
0
0
0
0
0
0
0
0
0
0
0
0
0
0
0
0
0
0
0
0
0
0
0
0
0
0
0
0
0
0
0
0
0
0
0
0
0
0
0
0
0
0
0
0
0
0
0
0
0
0
0
0
0
0
0
0
0
0
0
0
0
0
0
0
0
0
0
0
0
0
0
0
0
0
0
0
0
0
0
0
0
0
0
0
0
0
0
0
0
0
0
0
0
0
0
0
0
0
0
0
0
0
0
0
0
0
0
0
0
0
0
0
0
0
0
0
0
0
0
0
0
0
0
0
0
0
0
0
0
0
0
0
0
0
0
0
0
0
0
0
0
0
0
0
0
0
0
0
0
0
0
0
0
0
0
0
0
0
0
0
0
0
0
0
0
0
0
0
0
0
0
0
0
0
0
0
0
0
0
0
0
0
0
0
0
0
0
0
0
0
0
0
0
0
0
0
0
0
0
0
0
0
0
0
0
0
0
0
0
0
0
0
0
0
0
0
0
0
0
0
0
0
0
0
0
0
0
0
0
0
0
0
0
0
0
0
0
0
0
0
0
0
0
0
0
0
0
0
0
0
0
0
0
0
0
0
0
0
0
0
0
0
0
0
0
0
0
0
0
0
0
0
0
0
0
0
0
0
0
0
0
0
0
0
0
0
0
0
0
0
0
0
0
0
0
0
0
0
0
0
0
0
0
0
0
0
0
0
0
0
0
0
0
0
0
0
0
0
0
0
0
0
0
0
0
0
0
0
0
0
0
0
0
0
0
0
0
0
0
0
0
0
0
0
0
0
0
0
0
0
0
0
0
0
0
0
0
0
0
0
0
0
0
0
0
0
0
0
0
0
0
0
0
0
0
0
0
0
0
0
0
0
0
0
0
0
0
0
0
0
0
0
0
0
0
0
0
0
0
0
0
0
0
0
0
0
0
0
0
0
0
0
0
0
0
0
0
0
0
0
0
0
0
0
0
0
0
0
0
0
0
0
0
0
0
0
0
0
0
0
0
0
0
0
0
0
0
0
0
0
0
0
0
0
0
0
0
0
0
0
0
0
0
0
0
0
0
0
0
0
0
0
0
0
0
0
0
0
0
0
0
0
0
0
0
0
0
0
0
0
0
0
0
0
0
0
0
0
0
0
0
0
0
0
0
0
0
0
0
0
0
0
0
0
0
0
0
0
0
0
0
0
0
0
0
0
0
0
0
0
0
0
0
0
0
0
0
0
0
0
0
0
0
0
0
0
0
0
0
0
0
0
0
0
0
0
0
0
0
0
0
0
0
0
0
0
0
0
0
0
0
0
0
0
0
0
0
0
0
0
0
0
0
0
0
0
0
0
0
0
0
0
0
0
0
0
0
0
0
0
0
0
0
0
0
0
0
0
0
0
0
0
0
0
0
0
0
0
0
0
0
0
0
0
0
0
0
0
0
0
0
0
0
0
0
0
0
0
0
0
0
0
0
0
0
0
0
0
0
0
0
0
0
0
0
0
0
0
0
0
0
0
0
0
0
0
0
0
0
0
0
0
0
0
0
0
0
0
0
0
0
0
0
0
0
0
0
0
0
0
0
0
0
0
0
0
0
0
0
0
0
0
0
0
0
0
0
0
0
0
0
0
0
0
0
0
0
0
0
0
0
0
0
0
0
0
0
0
0
0
0
0
0
0
0
0
0
0
0
0
0
0
0
0
0
0
0
0
0
0
0
0
0
0
0
0
0
0
0
0
0
0
0
0
0
0
0
0
0
0
0
0
0
0
0
0
0
0
0
0
0
0
0
0
0
0
0
0
0
0
0
0
0
0
0
0
0
0
0
0
0
0
0
0
0
0
0
0
0
0
0
0
0
0
0
0
0
0
0
0
0
0
0
0
0
0
0
0
0
0
0
0
0
0
0
0
0
0
0
0
0
0
0
0
0
0
0
0
0
0
0
0
0
0
0
0
0
0
0
0
0
0
0
0
0
0
0
0
0
0
0
0
0
0
0
0
0
0
0
0
0
0
0
0
0
0
0
0
0
0
0
0
0
0
0
0
0
0
0
0
0
0
0
0
0
0
0
0
0
0
0
0
0
0
0
0
0
0
0
0
0
0
0
0
0
0
0
0
0
0
0
0
0
0
0
0
0
0
0
0
0
0
0
0
0
0
0
0
0
0
0
0
0
0
0
0
0
0
0
0
0
0
0
0
0
0
0
0
0
0
0
0
0
0
0
0
0
0
0
0
0
0
0
0
0
0
0
0
0
0
0
0
0
0
0
0
0
0
0
0
0
0
0
0
0
0
0
0
0
0
0
0
0
0
0
0
0
0
0
0
0
0
0
0
0
0
0
0
0
0
0
0
0
0
0
0
0
0
0
0
0
0
0
0
0
0
0
0
0
0
0
0
0
0
0
0
0
0
0
0
0
0
0
0
0
0
0
0
0
0
0
0
0
0
0
0
0
0
0
0
0
0
0
0
0
0
0
0
0
0
0
0
0
0
0
0
0
0
0
0
0
0
0
0
0
0
0
0
0
0
0
0
0
0
0
0
0
0
0
0
0
0
0
0
0
0
0
0
0
0
0
0
0
0
0
0
0
0
0
0
0
0
0
0
0
0
0
0
0
0
0
0
0
0
0
0
0
0
0
0
0
0
0
0
0
0
0
0
0
0
0
0
0
0
0
0
0
0
0
0
0
0
0
0
0
0
0
0
0
0
0
0
0
0
0
0
0
0
0
0
0
0
0
0
0
0
0
0
0
0
0
0
0
0
0
0
0
0
0
0
0
0
0
0
0
0
0
0
0
0
0
0
0
0
0
0
0
0
0
0
0
0
0
0
0
0
0
0
0
0
0
0
0
0
0
0
0
0
0
0
0
0
0
0
0
0
0
0
0
0
0
0
0
0
0
0
0
0
0
0
0
0
0
0
0
0
0
0
0
0
0
0
0
0
0
0
0
0
0
0
0
0
0
0
0
0
0
0
0
0
0
0
0
0
0
0
0
0
0
0
0
0
0
0
0
0
0
0
0
0
0
0
0
0
0
0
0
0
0
0
0
0
0
0
0
0
0
0
0
0
0
8.51073
10.2717
9.72277
8.64727
8.21003
8.02744
8.5657
9.02305
8.6967
8.40106
8.49277
8.60133
9.00599
9.31674
9.1851
9.92981
10.1312
10.2571
10.3054
10.6748
10.8129
11.2896
9.68301
8.98208
10.846
12.1294
10.0419
11.0236
12.1108
10.1076
12.1342
15.3832
15.3702
15.026
13.2413
13.1511
14.5091
12.6664
11.1191
10.2728
8.65157
9.74484
10.6576
11.5392
10.8816
6.48232
3.64972
2.84772
1.43484
0.362435
0.115349
1.81023
5.26513
6.90884
6.96649
6.271
6.11822
8.18842
10.1242
12.3483
12.9509
11.1311
9.29099
7.46929
8.13406
9.7885
9.41574
8.86591
8.32781
7.86101
8.05131
9.20871
8.10372
7.80603
8.20469
8.42833
8.66791
8.81375
8.82069
9.81304
10.3721
10.6608
10.3397
10.9813
10.8783
10.6974
9.55701
9.55403
11.8019
13.0669
12.6438
13.0369
12.7089
11.142
8.03835
10.7962
16.0424
11.9428
9.08646
9.39104
12.0011
11.8187
12.3345
9.94014
10.3085
10.632
11.2854
11.868
11.1393
7.75729
2.67975
0.5705
0.244279
0.152351
0.423615
2.52259
6.07207
7.08928
6.72362
6.49031
6.35502
7.97499
10.3422
12.3312
12.7879
11.7313
9.29846
7.01539
6.8018
6.03005
9.30249
4.63723
7.05895
4.15387
2.38555
7.82157
2.00941
2.54255
6.3164
4.04713
3.40232
4.25195
4.34332
2.88852
8.88439
3.92424
6.53389
9.97828
10.2521
7.26109
8.41159
8.53322
7.60646
8.67508
9.67711
10.0273
9.61398
9.01118
8.63924
10.3422
13.7479
12.7487
12.4893
5.62101
7.40106
8.35106
7.64056
7.62802
10.2825
10.6938
11.501
11.8662
9.67343
8.4917
1.27042
0.0820087
0.0428347
0.105198
0.748468
2.78591
4.24143
4.59659
3.27226
3.92761
5.96209
7.41704
10.3996
11.8841
12.0878
12.0361
4.98629
4.97294
2.286
1.99118
3.88785
0.310423
1.71754
0.205412
0.0705142
2.65165
0
0.0701001
2.08061
0.708244
0.20123
0.124119
0.138193
0.000231669
1.98399
0.000535982
0.586057
3.33795
5.03602
2.07273
3.50566
5.59346
2.3797
4.32266
8.16821
5.24606
3.23872
2.26535
6.48582
5.96082
6.27397
2.07291
6.62876
1.63885
0.582691
0.773297
3.5354
2.69324
7.67942
4.23351
2.45473
8.6973
0.742327
0.335009
0.131033
0.0155829
0.00261585
0.0291291
0.314203
0.288486
0.220601
0.626291
0.41339
1.89873
4.55494
6.31767
8.58542
9.71735
6.00254
9.82147
1.59468
0.48285
0
0.0153187
0.0096713
0.0037767
0.000699899
7.9363e-05
1.85155e-05
2.24468e-06
0
0
3.51396e-06
3.97279e-06
0
0
0.000300639
0
0
0
0.00122308
0.00276955
0.00617046
0.00544541
0.0045373
0.0264562
0.0487778
0.0272054
0.0722057
0.353472
0.593361
0.304412
1.05616
1.30108
0.442462
1.79335
0.100305
0.00713834
0.00163852
0.00277559
0.00382792
0.0029282
0.00243572
0.000534534
0.46128
0.0623581
1.41979e-06
0
0
0
3.06062e-06
1.61455e-05
7.1643e-05
0.00030814
0.00527487
0.0132583
0.0396808
0.286544
2.64441
5.62037
3.6628
3.30126
2.60382
1.56539
0.729039
7.30843e-06
0
1.13637e-05
3.68945e-06
7.01451e-06
1.08861e-06
0
0
0
0
0
0
0
0
0
0
0
0
0
0
0
2.00095e-05
7.81337e-06
0
1.10376e-06
1.06396e-06
0
0
0
0
0.000293083
0.0859431
0.177195
8.93996e-05
0
0
0
0
0
0
0
0
0.000158788
0.00231335
0.000164804
0
0
0
0
1.72789e-06
1.36085e-05
4.42442e-05
8.24679e-05
9.6152e-05
0.000479016
0.00327097
0.0215201
0.0614411
0.892219
0.162976
0.0778069
0.180316
0.0271962
0.0176112
4.57523e-06
0
0
0
0
0
0
0
0
0
0
0
0
0
0
0
0
0
0
0
0
0
0
0
0
0
0
0
0
0
0
0
0
0
0
0.000924856
0
0
0
0
0
0
0
0
0
0
0
0
0
1.85972e-06
1.05128e-05
3.25494e-05
6.51259e-05
7.89047e-05
0.000592242
0.00390218
0.0106958
0.0227504
0.0203955
0.0172232
0.008114
0.00281025
0.000376642
4.28695e-05
5.12557e-06
0
0
0
0
0
0
0
0
0
0
0
0
0
0
0
0
0
0
0
0
0
0
0
0
0
0
0
0
0
0
0
0
0
0
0
0
0
0
0
0
0
0
0
0
0
0
0
0
1.31088e-06
5.79168e-06
2.26758e-05
4.64764e-05
6.23593e-05
0.000454931
0.00308612
0.00977708
0.012264
0.00871881
0.00536046
0.00243492
0.000526769
9.89128e-05
1.74076e-05
1.34968e-06
0
0
0
0
0
0
0
0
0
0
0
0
0
0
0
0
0
0
0
0
0
0
0
0
0
0
0
0
0
0
0
0
0
0
0
0
0
0
0
0
0
0
0
0
0
0
0
0
2.14067e-06
1.00702e-05
2.70194e-05
4.09683e-05
5.26265e-05
0.00021727
0.00123678
0.00555047
0.00624327
0.00351469
0.00119272
0.000894865
0.000245645
3.14286e-05
1.19498e-05
1.10214e-06
0
0
0
0
0
0
0
0
0
0
0
0
0
0
0
0
0
0
0
0
0
0
0
0
0
0
0
0
0
0
0
0
0
0
0
0
0
0
0
0
0
0
0
0
0
0
0
0
0
3.97417e-06
1.68496e-05
3.9349e-05
4.00242e-05
6.8619e-05
0.000387767
0.00268625
0.00366237
0.00117946
0.000242645
0.000172055
5.19817e-05
1.72208e-05
7.70635e-06
0
0
0
0
0
0
0
0
0
0
0
0
0
0
0
0
0
0
0
0
0
0
0
0
0
0
0
0
0
0
0
0
0
0
0
0
0
0
0
0
0
0
0
0
0
0
0
0
0
0
0
1.32222e-05
3.23068e-05
3.37243e-05
2.90423e-05
0.000126998
0.000581124
0.000893577
0.000100036
1.60445e-05
1.30944e-05
1.51599e-05
1.10732e-05
3.54845e-06
0
0
0
0
0
0
0
0
0
0
0
0
0
0
0
0
0
0
0
0
0
0
0
0
0
0
0
0
0
0
0
0
0
0
0
0
0
0
0
0
0
0
0
0
0
0
0
0
0
0
0
9.02045e-06
1.85004e-05
2.52497e-05
1.67495e-05
1.43351e-05
7.74506e-05
7.7621e-05
8.69727e-06
3.78938e-06
7.3047e-06
8.5105e-06
4.22367e-06
0
0
0
0
0
0
0
0
0
0
0
0
0
0
0
0
0
0
0
0
0
0
0
0
0
0
0
0
0
0
0
0
0
0
0
0
0
0
0
0
0
0
0
0
0
0
0
0
0
0
0
0
2.65784e-06
9.21393e-06
1.36215e-05
1.20653e-05
9.54385e-06
2.3242e-05
1.84658e-05
2.49706e-06
1.40266e-06
2.53385e-06
2.38957e-06
0
0
0
0
0
0
0
0
0
0
0
0
0
0
0
0
0
0
0
0
0
0
0
0
0
0
0
0
0
0
0
0
0
0
0
0
0
0
0
0
0
0
0
0
0
0
0
0
0
0
0
0
0
0
0
4.48069e-06
6.59155e-06
5.92843e-06
1.00421e-05
6.17389e-06
0
0
0
0
0
0
0
0
0
0
0
0
0
0
0
0
0
0
0
0
0
0
0
0
0
0
0
0
0
0
0
0
0
0
0
0
0
0
0
0
0
0
0
0
0
0
0
0
0
0
0
0
0
0
0
0
0
0
0
0
1.86484e-06
2.54226e-06
2.70719e-06
1.37488e-06
0
0
0
0
0
0
0
0
0
0
0
0
0
0
0
0
0
0
0
0
0
0
0
0
0
0
0
0
0
0
0
0
0
0
0
0
0
0
0
0
0
0
0
0
0
0
0
0
0
0
0
0
0
0
0
0
0
0
0
0
0
0
0
0
0
0
0
0
0
0
0
0
0
0
0
0
0
0
0
0
0
0
0
0
0
0
0
0
0
0
0
0
0
0
0
0
0
0
0
0
0
0
0
0
0
0
0
0
0
0
0
0
0
0
0
0
0
0
0
0
0
0
0
0
0
0
0
0
0
0
0
0
0
0
0
0
0
0
0
0
0
0
0
0
0
0
0
0
0
0
0
0
0
0
0
0
0
0
0
0
0
0
0
0
0
0
0
0
0
0
0
0
0
0
0
0
0
0
0
0
0
0
0
0
0
0
0
0
0
0
0
0
0
0
0
0
0
0
0
0
0
0
0
0
0
0
0
0
0
0
0
0
0
0
0
0
0
0
0
0
0
0
0
0
0
0
0
0
0
0
0
0
0
0
0
0
0
0
0
0
0
0
0
0
0
0
0
0
0
0
0
0
0
0
0
0
0
0
0
0
0
0
0
0
0
0
0
0
0
0
0
0
0
0
0
0
0
0
0
0
0
0
0
0
0
0
0
0
0
0
0
0
0
0
0
0
0
0
0
0
0
0
0
0
0
0
0
0
0
0
0
0
0
0
0
0
0
0
0
0
0
0
0
0
0
0
0
0
0
0
0
0
0
0
0
0
0
0
0
0
0
0
0
0
0
0
0
0
0
0
0
0
0
0
0
0
0
0
0
0
0
0
0
0
0
0
0
0
0
0
0
0
0
0
0
0
0
0
0
0
0
0
0
0
0
0
0
0
0
0
0
0
0
0
0
0
0
0
0
0
0
0
0
0
0
0
0
0
0
0
0
0
0
0
0
0
0
0
0
0
0
0
0
0
0
0
0
0
0
0
0
0
0
0
0
0
0
0
0
0
0
0
0
0
0
0
0
0
0
0
0
0
0
0
0
0
0
0
0
0
0
0
0
0
0
0
0
0
0
0
0
0
0
0
0
0
0
0
0
0
0
0
0
0
0
0
0
0
0
0
0
0
0
0
0
0
0
0
0
0
0
0
0
0
0
0
0
0
0
0
0
0
0
0
0
0
0
0
0
0
0
0
0
0
0
0
0
0
0
0
0
0
0
0
0
0
0
0
0
0
0
0
0
0
0
0
0
0
0
0
0
0
0
0
0
0
0
0
0
0
0
0
0
0
0
0
0
0
0
0
0
0
0
0
0
0
0
0
0
0
0
0
0
0
0
0
0
0
0
0
0
0
0
0
0
0
0
0
0
0
0
0
0
0
0
0
0
0
0
0
0
0
0
0
0
0
0
0
0
0
0
0
0
0
0
0
0
0
0
0
0
0
0
0
0
0
0
0
0
0
0
0
0
0
0
0
0
0
0
0
0
0
0
0
0
0
0
0
0
0
0
0
0
0
0
0
0
0
0
0
0
0
0
0
0
0
0
0
0
0
0
0
0
0
0
0
0
0
0
0
0
0
0
0
0
0
0
0
0
0
0
0
0
0
0
0
0
0
0
0
0
0
0
0
0
0
0
0
0
0
0
0
0
0
0
0
0
0
0
0
0
0
0
0
0
0
0
0
0
0
0
0
0
0
0
0
0
0
0
0
0
0
0
0
0
0
0
0
0
0
0
0
0
0
0
0
0
0
0
0
0
0
0
0
0
0
0
0
0
0
0
0
0
0
0
0
0
0
0
0
0
0
0
0
0
0
0
0
0
0
0
0
0
0
0
0
0
0
0
0
0
0
0
0
0
0
0
0
0
0
0
0
0
0
0
0
0
0
0
0
0
0
0
0
0
0
0
0
0
0
0
0
0
0
0
0
0
0
0
0
0
0
0
0
0
0
0
0
0
0
0
0
0
0
0
0
0
0
0
0
0
0
0
0
0
0
0
0
0
0
0
0
0
0
0
0
0
0
0
0
0
0
0
0
0
0
0
0
0
0
0
0
0
0
0
0
0
0
0
0
0
0
0
0
0
0
0
0
0
0
0
0
0
0
0
0
0
0
0
0
0
0
0
0
0
0
0
0
0
0
0
0
0
0
0
0
0
0
0
0
0
0
0
0
0
0
0
0
0
0
0
0
0
0
0
0
0
0
0
0
0
0
0
0
0
0
0
0
0
0
0
0
0
0
0
0
0
0
0
0
0
0
0
0
0
0
0
0
0
0
0
0
0
0
0
0
0
0
0
0
0
0
0
0
0
0
0
0
0
0
0
0
0
0
0
0
0
0
0
0
0
0
0
0
0
0
0
0
0
0
0
0
0
0
0
0
0
0
0
0
0
0
0
0
0
0
0
0
0
0
0
0
0
0
0
0
0
0
0
0
0
0
0
0
0
0
0
0
0
0
0
0
0
0
0
0
0
0
0
0
0
0
0
0
0
0
0
0
0
0
0
0
0
0
0
0
0
0
0
0
0
0
0
0
0
0
0
0
0
0
0
0
0
0
0
0
0
0
0
0
0
0
0
0
0
0
0
0
0
0
0
0
0
0
0
0
0
0
0
0
0
0
0
0
0
0
0
0
0
0
0
0
0
0
0
0
0
0
0
0
0
0
0
0
0
0
0
0
0
0
0
0
0
0
0
0
0
0
0
0
0
0
0
0
0
0
0
0
0
0
0
0
0
0
0
0
0
0
0
0
0
0
0
0
0
0
0
0
0
0
0
0
0
0
0
0
0
0
0
0
0
0
0
0
0
0
0
0
0
0
0
0
0
0
0
0
0
0
0
0
0
0
0
0
0
0
0
0
0
0
0
0
0
0
0
0
0
0
0
0
0
0
0
0
0
0
0
0
0
0
0
0
0
0
0
0
0
0
0
0
0
0
0
0
0
0
0
0
0
0
0
0
0
0
0
0
0
0
0
0
0
0
0
0
0
0
0
0
0
0
0
0
0
0
0
0
0
0
0
0
0
0
0
0
0
0
0
0
0
0
0
0
0
0
0
0
0
0
0
0
0
0
0
0
0
0
0
0
0
0
0
0
0
0
0
0
0
0
0
0
0
0
0
0
0
0
0
0
0
0
0
0
0
0
0
0
0
0
0
0
0
0
0
0
0
0
0
0
0
0
0
0
0
0
0
0
0
0
0
0
0
0
0
0
0
0
0
0
0
0
0
0
0
0
0
0
0
0
0
0
0
0
0
0
0
0
0
0
0
0
0
0
0
0
0
0
0
0
0
0
0
0
0
0
0
0
0
0
0
0
0
0
0
0
0
0
0
0
0
0
0
0
0
0
0
0
0
0
0
0
0
0
0
0
0
0
0
0
0
0
0
0
0
0
0
0
0
0
0
0
0
0
0
0
0
0
0
0
0
0
0
0
0
0
0
0
0
0
0
0
0
0
0
0
0
0
0
0
0
0
0
0
0
0
0
0
0
0
0
0
0
0
0
0
0
0
0
0
0
0
0
0
0
0
0
0
0
0
0
0
0
0
0
0
0
0
0
0
0
0
0
0
0
0
0
0
0
0
0
0
0
0
0
0
0
0
0
0
0
0
0
0
0
0
0
0
0
0
0
0
0
0
0
0
0
0
0
0
0
0
0
0
0
0
0
0
0
0
0
0
0
0
0
0
0
0
0
0
0
0
0
0
0
0
0
0
0
0
0
0
0
0
0
0
0
0
0
0
0
0
0
0
0
0
0
0
0
0
0
0
0
0
0
0
0
0
0
0
0
0
0
0
0
0
0
0
0
0
0
0
0
0
0
0
0
0
0
0
0
0
0
0
0
0
0
0
0
0
0
0
0
0
0
0
0
0
0
0
0
0
0
0
0
0
0
0
0
0
0
0
0
0
0
0
0
0
0
0
0
0
0
0
0
0
0
0
0
0
0
0
0
0
0
0
0
0
0
0
0
0
0
0
0
0
0
0
0
0
0
0
0
0
0
0
0
0
0
0
0
0
0
0
0
0
0
0
0
0
0
0
0
0
0
0
0
0
0
0
0
0
0
0
0
0
0
0
0
0
0
0
0
0
0
0
0
0
0
0
0
0
0
0
0
0
0
0
0
0
0
0
0
0
0
0
0
0
0
0
0
0
0
0
0
0
0
0
0
0
0
0
0
0
0
0
0
0
0
0
0
0
0
0
0
0
0
0
0
0
0
0
0
0
0
0
0
0
0
0
0
0
0
0
0
0
0
0
0
0
0
0
0
0
0
0
0
0
0
0
0
0
0
0
0
0
0
0
0
0
0
0
0
0
0
0
0
0
0
0
0
0
0
0
0
0
0
0
0
0
0
0
0
0
0
0
0
0
0
0
0
0
0
0
0
0
0
0
0
0
0
0
0
0
0
0
0
0
0
0
0
0
0
0
0
0
0
0
0
0
0
0
0
0
0
0
0
0
0
0
0
0
0
0
0
0
0
0
0
0
0
0
0
0
0
0
0
0
0
0
0
0
0
0
0
0
0
0
0
0
0
0
0
0
0
0
0
0
0
0
0
0
0
0
0
0
0
0
0
0
0
0
0
0
0
0
0
0
0
0
0
0
0
0
0
0
0
0
0
0
0
0
0
0
0
0
0
0
0
0
0
0
0
0
0
0
0
0
0
0
0
0
0
0
0
0
0
0
0
0
0
0
0
0
0
0
0
0
0
0
0
0
0
0
0
0
0
0
0
0
0
0
0
0
0
0
0
0
0
0
0
0
0
0
0
0
0
0
0
0
0
0
0
0
0
0
0
0
0
0
0
0
0
0
0
0
0
0
0
0
0
0
0
0
0
0
0
0
0
0
0
0
0
0
0
0
0
0
0
0
0
0
0
0
0
0
0
0
0
0
0
0
0
0
0
0
0
0
0
0
0
0
0
0
0
0
0
0
0
0
0
0
0
0
0
0
0
0
0
0
0
0
0
0
0
0
0
0
0
0
0
0
0
0
0
0
0
0
0
0
0
0
0
0
0
0
0
0
0
0
0
0
0
0
0
0
0
0
0
0
0
0
0
0
0
0
0
0
0
0
0
0
0
0
0
0
0
0
0
0
0
0
0
0
0
0
0
0
0
0
0
0
0
0
0
0
0
0
0
0
0
0
0
0
0
0
0
0
0
0
0
0
0
0
0
0
0
0
0
0
0
0
0
0
0
0
0
0
0
0
0
0
0
0
0
0
0
0
0
0
0
0
0
0
0
0
0
0
0
0
0
0
0
0
0
0
0
0
0
0
0
0
0
0
0
0
0
0
0
0
0
0
0
0
0
0
0
0
0
0
0
0
0
0
0
0
0
0
0
0
0
0
0
0
0
0
0
0
0
0
0
0
0
0
0
0
0
0
0
0
0
0
0
0
0
0
0
0
0
0
0
0
0
0
0
0
0
0
0
0
0
0
0
0
0
0
0
0
0
0
0
0
0
0
0
0
0
0
0
0
0
0
0
0
0
0
0
0
0
0
0
0
0
0
0
0
0
0
0
0
0
0
0
0
0
0
0
0
0
0
0
0
0
0
0
0
0
0
0
0
0
0
0
0
0
0
0
0
0
0
0
0
0
0
0
0
0
0
0
0
0
0
0
0
0
0
0
0
0
0
0
0
0
0
0
0
0
0
0
0
0
0
0
0
0
0
0
0
0
0
0
0
0
0
0
0
0
0
0
0
0
0
0
0
0
0
0
0
0
0
0
0
0
0
0
0
0
0
0
0
0
0
0
0
0
0
0
0
0
0
0
0
0
0
0
0
0
0
0
0
0
0
0
0
0
0
0
0
0
0
0
0
0
0
0
0
0
0
0
0
0
0
0
0
0
0
0
0
0
0
0
0
0
0
0
0
0
0
0
0
0
0
0
0
0
0
0
0
0
0
0
0
0
0
0
0
0
0
0
0
0
0
0
0
0
0
0
0
0
0
0
0
0
0
0
0
0
0
0
0
0
0
0
0
0
0
0
0
0
0
0
0
0
0
0
0
0
0
0
0
0
0
0
0
0
0
0
0
0
0
0
0
0
0
0
0
0
0
0
0
0
0
0
0
0
0
0
0
0
0
0
0
0
0
0
0
0
0
0
0
0
0
0
0
0
0
0
0
0
0
0
0
0
0
0
0
0
0
0
0
0
0
0
0
0
0
0
0
0
0
0
0
0
0
0
0
0
0
0
0
0
0
0
0
0
0
0
0
0
0
0
0
0
0
0
0
0
0
0
0
0
0
0
0
0
0
0
0
0
0
0
0
0
0
0
0
0
0
0
0
0
0
0
0
0
0
0
0
0
0
0
0
0
0
0
0
0
0
0
0
0
0
0
0
0
0
0
0
0
0
0
0
0
0
0
0
0
0
0
0
0
0
0
0
0
0
0
0
0
0
0
0
0
0
0
0
0
0
0
0
0
0
0
0
0
0
0
0
0
0
0
0
0
0
0
0
0
0
0
0
0
0
0
0
0
0
0
0
0
0
0
0
0
0
0
0
0
0
0
0
0
0
0
0
0
0
0
0
0
0
0
0
0
0
0
0
0
0
0
0
0
0
0
0
0
0
0
0
0
0
0
0
0
0
0
0
0
0
0
0
0
0
0
0
0
0
0
0
0
0
0
0
0
0
0
0
0
0
0
0
0
0
0
0
0
0
0
0
0
0
0
0
0
0
0
0
0
0
0
0
0
0
0
0
0
0
0
0
0
0
0
0
0
0
0
0
0
0
0
0
0
0
0
0
0
0
0
0
0
0
0
0
0
0
0
0
0
0
0
0
0
0
0
0
0
0
0
0
0
0
0
0
0
0
0
0
0
0
0
0
0
0
0
0
0
0
0
0
0
0
0
0
0
0
0
0
0
0
0
0
0
0
0
0
0
0
0
0
0
0
0
0
0
0
0
0
0
0
0
0
0
0
0
0
0
0
0
0
0
0
0
0
0
0
0
0
0
0
0
0
0
0
0
0
0
0
0
0
0
0
0
0
0
0
0
0
0
0
0
0
0
0
0
0
0
0
0
0
0
0
0
0
0
0
0
0
0
0
0
0
0
0
0
0
0
0
0
0
0
0
0
0
0
0
0
0
0
0
0
0
0
0
0
0
0
8.78373
9.4657
8.34691
7.70132
7.64779
7.70065
8.1065
8.44614
9.02615
9.80424
9.93315
9.68642
9.66749
9.72678
9.93315
10.4922
11.0051
11.2731
11.0975
9.11017
10.3452
10.4093
9.23357
13.1165
11.4969
9.24661
10.7491
9.84325
9.26485
10.2009
14.6717
14.5435
12.5008
17.1452
8.04554
13.1561
12.4829
13.2822
13.1444
11.4567
10.1245
8.62746
9.64377
10.6325
11.7701
10.0678
5.06258
2.82207
2.48585
1.37648
0.497567
0.778028
3.63271
5.73702
5.15131
3.98431
3.57533
7.50921
9.62319
10.6096
11.2818
11.8497
9.59485
7.72877
8.39892
8.99637
8.16237
7.76108
7.61046
7.653
7.6328
8.38402
8.5035
9.43499
9.38979
8.9291
9.42251
9.16607
9.5878
10.6432
11.1433
11.0853
10.939
10.1288
10.1889
9.58535
9.39898
9.70891
12.3989
10.1268
9.04837
9.23047
7.61979
7.75902
8.74608
11.323
17.0079
16.3482
14.3358
15.9754
9.71245
10.3701
10.5248
10.3918
11.1248
8.64559
10.1615
11.1432
11.7067
10.8032
6.77636
3.85547
1.71844
1.01669
0.21323
1.42681
4.94845
5.9964
4.03517
4.04082
4.02642
7.08364
9.64957
10.7743
11.4672
11.9944
9.82025
7.30541
7.48851
1.91956
5.82925
4.64129
4.67049
6.16752
0.934816
7.59243
8.07857
7.46429
2.63099
1.80973
8.03731
7.30741
4.11018
5.89317
10.4216
7.63357
9.49097
10.4312
5.78122
8.68655
8.771
7.14526
10.5399
9.75369
8.20187
9.71283
9.20846
8.03518
9.55356
10.8509
18.1073
14.6242
20.9416
14.244
8.85104
2.54046
2.17337
10.362
10.2635
10.0315
10.3381
10.9649
11.4182
9.45975
3.91657
3.78671
0.163456
0.21483
0.174799
2.18351
2.12707
1.73792
3.29913
3.93105
4.40095
6.46527
9.42798
11.0053
11.5234
10.8527
6.20245
5.0627
4.02054
0.694416
1.25456
0.402498
0.289836
0.91437
0.264912
4.79305
3.30046
3.67522
0.121441
0.0389277
3.93655
1.37038
0.107648
0.0347023
4.84484
1.03236
3.25567
7.72765
0.874622
3.31479
5.77729
1.5492
4.74426
2.54955
1.16005
6.60546
5.71629
3.21229
6.19971
14.3981
12.881
19.712
5.11914
6.43977
1.88835
0.22056
0.496239
5.67256
6.07916
7.51158
5.46344
4.77166
7.05134
0.993839
0.548649
3.94404
0.0353871
0.0356795
0.109499
1.16977
0.0236534
0.0459411
2.52898
2.65091
1.54003
6.43325
9.61476
9.85342
9.67479
5.03019
1.7477
0.374023
3.0949e-06
0.014682
0.0155709
0.00475737
0.000482341
6.37931e-05
9.29456e-05
0
1.01714e-06
1.43964e-05
1.65048e-05
7.65218e-06
4.43134e-06
7.16225e-06
0.000113606
0
0
6.32527e-05
0.00919254
0.00600673
0.00462745
0.00179277
0.00118765
0.00490861
1.10904e-05
6.91508e-06
0.0350542
0.0630836
0.126285
0.395673
0.967417
0.438929
0.104044
3.03338
0.248309
0.00223183
0.000273535
0.00110307
0.0179783
0.0269312
0.0158027
0.00578814
0.0141705
0.254393
0.0246301
0.00125647
0
1.61263e-06
5.42377e-06
2.0348e-05
7.76187e-05
0.000542061
0.00147946
0.00821608
0.083171
0.293775
1.88792
7.0679
7.34135
5.65376
4.06301
1.77753
0.806632
8.82041e-06
0
5.98309e-05
2.04536e-05
1.16028e-05
1.58934e-06
0
0
0
0
0
0
0
0
0
0
0
0
0
1.5481e-05
6.15008e-05
3.16924e-06
0
1.07251e-05
6.5891e-05
5.8339e-05
1.12079e-06
0
0
0
0
0
3.62256e-05
0
0
0.23225
0
0
0
0
0
0
0.000153012
0.00234595
0.00258441
2.44371e-05
0
0
1.47745e-06
5.79643e-06
2.28594e-05
6.31699e-05
0.00011981
0.000174131
0.000647497
0.0031408
0.0366144
0.486987
5.05926
1.43666
0.717705
0.196288
0.137486
0.0250462
4.89639e-06
0
0
0
0
0
0
0
0
0
0
0
0
0
0
0
0
0
0
0
1.39649e-06
1.15156e-06
0
0
0
0
0
0
0
0
0
0
0
0
0
0
0
0
0
0
0
0
0
0
0
0
0
0
0
4.10107e-06
2.18441e-05
6.638e-05
0.000103509
0.000142207
0.00100574
0.00352198
0.0116554
0.0604826
0.0771791
0.0518209
0.0165559
0.00463939
0.00100662
9.02593e-05
5.78523e-06
0
0
0
0
0
0
0
0
0
0
0
0
0
0
0
0
0
0
0
0
0
0
0
0
0
0
0
0
0
0
0
0
0
0
0
0
0
0
0
0
0
0
0
0
0
0
0
1.7226e-06
1.13852e-05
2.18176e-05
6.84279e-05
7.75422e-05
9.20557e-05
0.000743055
0.00433602
0.00915606
0.0284886
0.0229439
0.0172405
0.00740243
0.00187946
0.000251594
2.04988e-05
1.82575e-06
0
0
0
0
0
0
0
0
0
0
0
0
0
0
0
0
0
0
0
0
0
0
0
0
0
0
0
0
0
0
0
0
0
0
0
0
0
0
0
0
0
0
0
0
0
0
0
0
1.16446e-05
3.25164e-05
7.20876e-05
7.15657e-05
6.89989e-05
0.000459307
0.00240016
0.00735108
0.0169845
0.0109241
0.00427557
0.00222046
0.000904893
9.56463e-05
1.33114e-05
1.07435e-06
0
0
0
0
0
0
0
0
0
0
0
0
0
0
0
0
0
0
0
0
0
0
0
0
0
0
0
0
0
0
0
0
0
0
0
0
0
0
0
0
0
0
0
0
0
0
0
0
5.08809e-06
1.53605e-05
4.34618e-05
6.22111e-05
5.9774e-05
0.00013098
0.000970884
0.00501719
0.0100532
0.00465587
0.00142812
0.000607179
0.000211072
2.71125e-05
8.63063e-06
0
0
0
0
0
0
0
0
0
0
0
0
0
0
0
0
0
0
0
0
0
0
0
0
0
0
0
0
0
0
0
0
0
0
0
0
0
0
0
0
0
0
0
0
0
0
0
0
0
0
3.15153e-06
2.4949e-05
4.7695e-05
4.73427e-05
5.23369e-05
0.000635871
0.00259394
0.00309045
0.00100832
0.000203387
3.99459e-05
1.49327e-05
1.15925e-05
5.26095e-06
0
0
0
0
0
0
0
0
0
0
0
0
0
0
0
0
0
0
0
0
0
0
0
0
0
0
0
0
0
0
0
0
0
0
0
0
0
0
0
0
0
0
0
0
0
0
0
0
0
0
1.83483e-06
1.62677e-05
2.61129e-05
2.82346e-05
3.28335e-05
0.000100233
0.000450513
0.000557349
0.000105585
1.97348e-05
8.80704e-06
8.48914e-06
6.21484e-06
1.3969e-06
0
0
0
0
0
0
0
0
0
0
0
0
0
0
0
0
0
0
0
0
0
0
0
0
0
0
0
0
0
0
0
0
0
0
0
0
0
0
0
0
0
0
0
0
0
0
0
0
0
0
0
2.26148e-06
5.74163e-06
1.00545e-05
1.54836e-05
2.35572e-05
9.72022e-05
0.000132902
6.39731e-06
1.53383e-06
3.00684e-06
3.30576e-06
2.04223e-06
0
0
0
0
0
0
0
0
0
0
0
0
0
0
0
0
0
0
0
0
0
0
0
0
0
0
0
0
0
0
0
0
0
0
0
0
0
0
0
0
0
0
0
0
0
0
0
0
0
0
0
0
0
0
2.48168e-06
5.9234e-06
1.06364e-05
4.49127e-05
4.13617e-05
1.19484e-06
0
0
0
0
0
0
0
0
0
0
0
0
0
0
0
0
0
0
0
0
0
0
0
0
0
0
0
0
0
0
0
0
0
0
0
0
0
0
0
0
0
0
0
0
0
0
0
0
0
0
0
0
0
0
0
0
0
0
0
1.13361e-06
2.22867e-06
1.3446e-05
5.89648e-06
0
0
0
0
0
0
0
0
0
0
0
0
0
0
0
0
0
0
0
0
0
0
0
0
0
0
0
0
0
0
0
0
0
0
0
0
0
0
0
0
0
0
0
0
0
0
0
0
0
0
0
0
0
0
0
0
0
0
0
0
0
0
0
0
0
0
0
0
0
0
0
0
0
0
0
0
0
0
0
0
0
0
0
0
0
0
0
0
0
0
0
0
0
0
0
0
0
0
0
0
0
0
0
0
0
0
0
0
0
0
0
0
0
0
0
0
0
0
0
0
0
0
0
0
0
0
0
0
0
0
0
0
0
0
0
0
0
0
0
0
0
0
0
0
0
0
0
0
0
0
0
0
0
0
0
0
0
0
0
0
0
0
0
0
0
0
0
0
0
0
0
0
0
0
0
0
0
0
0
0
0
0
0
0
0
0
0
0
0
0
0
0
0
0
0
0
0
0
0
0
0
0
0
0
0
0
0
0
0
0
0
0
0
0
0
0
0
0
0
0
0
0
0
0
0
0
0
0
0
0
0
0
0
0
0
0
0
0
0
0
0
0
0
0
0
0
0
0
0
0
0
0
0
0
0
0
0
0
0
0
0
0
0
0
0
0
0
0
0
0
0
0
0
0
0
0
0
0
0
0
0
0
0
0
0
0
0
0
0
0
0
0
0
0
0
0
0
0
0
0
0
0
0
0
0
0
0
0
0
0
0
0
0
0
0
0
0
0
0
0
0
0
0
0
0
0
0
0
0
0
0
0
0
0
0
0
0
0
0
0
0
0
0
0
0
0
0
0
0
0
0
0
0
0
0
0
0
0
0
0
0
0
0
0
0
0
0
0
0
0
0
0
0
0
0
0
0
0
0
0
0
0
0
0
0
0
0
0
0
0
0
0
0
0
0
0
0
0
0
0
0
0
0
0
0
0
0
0
0
0
0
0
0
0
0
0
0
0
0
0
0
0
0
0
0
0
0
0
0
0
0
0
0
0
0
0
0
0
0
0
0
0
0
0
0
0
0
0
0
0
0
0
0
0
0
0
0
0
0
0
0
0
0
0
0
0
0
0
0
0
0
0
0
0
0
0
0
0
0
0
0
0
0
0
0
0
0
0
0
0
0
0
0
0
0
0
0
0
0
0
0
0
0
0
0
0
0
0
0
0
0
0
0
0
0
0
0
0
0
0
0
0
0
0
0
0
0
0
0
0
0
0
0
0
0
0
0
0
0
0
0
0
0
0
0
0
0
0
0
0
0
0
0
0
0
0
0
0
0
0
0
0
0
0
0
0
0
0
0
0
0
0
0
0
0
0
0
0
0
0
0
0
0
0
0
0
0
0
0
0
0
0
0
0
0
0
0
0
0
0
0
0
0
0
0
0
0
0
0
0
0
0
0
0
0
0
0
0
0
0
0
0
0
0
0
0
0
0
0
0
0
0
0
0
0
0
0
0
0
0
0
0
0
0
0
0
0
0
0
0
0
0
0
0
0
0
0
0
0
0
0
0
0
0
0
0
0
0
0
0
0
0
0
0
0
0
0
0
0
0
0
0
0
0
0
0
0
0
0
0
0
0
0
0
0
0
0
0
0
0
0
0
0
0
0
0
0
0
0
0
0
0
0
0
0
0
0
0
0
0
0
0
0
0
0
0
0
0
0
0
0
0
0
0
0
0
0
0
0
0
0
0
0
0
0
0
0
0
0
0
0
0
0
0
0
0
0
0
0
0
0
0
0
0
0
0
0
0
0
0
0
0
0
0
0
0
0
0
0
0
0
0
0
0
0
0
0
0
0
0
0
0
0
0
0
0
0
0
0
0
0
0
0
0
0
0
0
0
0
0
0
0
0
0
0
0
0
0
0
0
0
0
0
0
0
0
0
0
0
0
0
0
0
0
0
0
0
0
0
0
0
0
0
0
0
0
0
0
0
0
0
0
0
0
0
0
0
0
0
0
0
0
0
0
0
0
0
0
0
0
0
0
0
0
0
0
0
0
0
0
0
0
0
0
0
0
0
0
0
0
0
0
0
0
0
0
0
0
0
0
0
0
0
0
0
0
0
0
0
0
0
0
0
0
0
0
0
0
0
0
0
0
0
0
0
0
0
0
0
0
0
0
0
0
0
0
0
0
0
0
0
0
0
0
0
0
0
0
0
0
0
0
0
0
0
0
0
0
0
0
0
0
0
0
0
0
0
0
0
0
0
0
0
0
0
0
0
0
0
0
0
0
0
0
0
0
0
0
0
0
0
0
0
0
0
0
0
0
0
0
0
0
0
0
0
0
0
0
0
0
0
0
0
0
0
0
0
0
0
0
0
0
0
0
0
0
0
0
0
0
0
0
0
0
0
0
0
0
0
0
0
0
0
0
0
0
0
0
0
0
0
0
0
0
0
0
0
0
0
0
0
0
0
0
0
0
0
0
0
0
0
0
0
0
0
0
0
0
0
0
0
0
0
0
0
0
0
0
0
0
0
0
0
0
0
0
0
0
0
0
0
0
0
0
0
0
0
0
0
0
0
0
0
0
0
0
0
0
0
0
0
0
0
0
0
0
0
0
0
0
0
0
0
0
0
0
0
0
0
0
0
0
0
0
0
0
0
0
0
0
0
0
0
0
0
0
0
0
0
0
0
0
0
0
0
0
0
0
0
0
0
0
0
0
0
0
0
0
0
0
0
0
0
0
0
0
0
0
0
0
0
0
0
0
0
0
0
0
0
0
0
0
0
0
0
0
0
0
0
0
0
0
0
0
0
0
0
0
0
0
0
0
0
0
0
0
0
0
0
0
0
0
0
0
0
0
0
0
0
0
0
0
0
0
0
0
0
0
0
0
0
0
0
0
0
0
0
0
0
0
0
0
0
0
0
0
0
0
0
0
0
0
0
0
0
0
0
0
0
0
0
0
0
0
0
0
0
0
0
0
0
0
0
0
0
0
0
0
0
0
0
0
0
0
0
0
0
0
0
0
0
0
0
0
0
0
0
0
0
0
0
0
0
0
0
0
0
0
0
0
0
0
0
0
0
0
0
0
0
0
0
0
0
0
0
0
0
0
0
0
0
0
0
0
0
0
0
0
0
0
0
0
0
0
0
0
0
0
0
0
0
0
0
0
0
0
0
0
0
0
0
0
0
0
0
0
0
0
0
0
0
0
0
0
0
0
0
0
0
0
0
0
0
0
0
0
0
0
0
0
0
0
0
0
0
0
0
0
0
0
0
0
0
0
0
0
0
0
0
0
0
0
0
0
0
0
0
0
0
0
0
0
0
0
0
0
0
0
0
0
0
0
0
0
0
0
0
0
0
0
0
0
0
0
0
0
0
0
0
0
0
0
0
0
0
0
0
0
0
0
0
0
0
0
0
0
0
0
0
0
0
0
0
0
0
0
0
0
0
0
0
0
0
0
0
0
0
0
0
0
0
0
0
0
0
0
0
0
0
0
0
0
0
0
0
0
0
0
0
0
0
0
0
0
0
0
0
0
0
0
0
0
0
0
0
0
0
0
0
0
0
0
0
0
0
0
0
0
0
0
0
0
0
0
0
0
0
0
0
0
0
0
0
0
0
0
0
0
0
0
0
0
0
0
0
0
0
0
0
0
0
0
0
0
0
0
0
0
0
0
0
0
0
0
0
0
0
0
0
0
0
0
0
0
0
0
0
0
0
0
0
0
0
0
0
0
0
0
0
0
0
0
0
0
0
0
0
0
0
0
0
0
0
0
0
0
0
0
0
0
0
0
0
0
0
0
0
0
0
0
0
0
0
0
0
0
0
0
0
0
0
0
0
0
0
0
0
0
0
0
0
0
0
0
0
0
0
0
0
0
0
0
0
0
0
0
0
0
0
0
0
0
0
0
0
0
0
0
0
0
0
0
0
0
0
0
0
0
0
0
0
0
0
0
0
0
0
0
0
0
0
0
0
0
0
0
0
0
0
0
0
0
0
0
0
0
0
0
0
0
0
0
0
0
0
0
0
0
0
0
0
0
0
0
0
0
0
0
0
0
0
0
0
0
0
0
0
0
0
0
0
0
0
0
0
0
0
0
0
0
0
0
0
0
0
0
0
0
0
0
0
0
0
0
0
0
0
0
0
0
0
0
0
0
0
0
0
0
0
0
0
0
0
0
0
0
0
0
0
0
0
0
0
0
0
0
0
0
0
0
0
0
0
0
0
0
0
0
0
0
0
0
0
0
0
0
0
0
0
0
0
0
0
0
0
0
0
0
0
0
0
0
0
0
0
0
0
0
0
0
0
0
0
0
0
0
0
0
0
0
0
0
0
0
0
0
0
0
0
0
0
0
0
0
0
0
0
0
0
0
0
0
0
0
0
0
0
0
0
0
0
0
0
0
0
0
0
0
0
0
0
0
0
0
0
0
0
0
0
0
0
0
0
0
0
0
0
0
0
0
0
0
0
0
0
0
0
0
0
0
0
0
0
0
0
0
0
0
0
0
0
0
0
0
0
0
0
0
0
0
0
0
0
0
0
0
0
0
0
0
0
0
0
0
0
0
0
0
0
0
0
0
0
0
0
0
0
0
0
0
0
0
0
0
0
0
0
0
0
0
0
0
0
0
0
0
0
0
0
0
0
0
0
0
0
0
0
0
0
0
0
0
0
0
0
0
0
0
0
0
0
0
0
0
0
0
0
0
0
0
0
0
0
0
0
0
0
0
0
0
0
0
0
0
0
0
0
0
0
0
0
0
0
0
0
0
0
0
0
0
0
0
0
0
0
0
0
0
0
0
0
0
0
0
0
0
0
0
0
0
0
0
0
0
0
0
0
0
0
0
0
0
0
0
0
0
0
0
0
0
0
0
0
0
0
0
0
0
0
0
0
0
0
0
0
0
0
0
0
0
0
0
0
0
0
0
0
0
0
0
0
0
0
0
0
0
0
0
0
0
0
0
0
0
0
0
0
0
0
0
0
0
0
0
0
0
0
0
0
0
0
0
0
0
0
0
0
0
0
0
0
0
0
0
0
0
0
0
0
0
0
0
0
0
0
0
0
0
0
0
0
0
0
0
0
0
0
0
0
0
0
0
0
0
0
0
0
0
0
0
0
0
0
0
0
0
0
0
0
0
0
0
0
0
0
0
0
0
0
0
0
0
0
0
0
0
0
0
0
0
0
0
0
0
0
0
0
0
0
0
0
0
0
0
0
0
0
0
0
0
0
0
0
0
0
0
0
0
0
0
0
0
0
0
0
0
0
0
0
0
0
0
0
0
0
0
0
0
0
0
0
0
0
0
0
0
0
0
0
0
0
0
0
0
0
0
0
0
0
0
0
0
0
0
0
0
0
0
0
0
0
0
0
0
0
0
0
0
0
0
0
0
0
0
0
0
0
0
0
0
0
0
0
0
0
0
0
0
0
0
0
0
0
0
0
0
0
0
0
0
0
0
0
0
0
0
0
0
0
0
0
0
0
0
0
0
0
0
0
0
0
0
0
0
0
0
0
0
0
0
0
0
0
0
0
0
0
0
0
0
0
0
0
0
0
0
0
0
0
0
0
0
0
0
0
0
0
0
0
0
0
0
0
0
0
0
0
0
0
0
0
0
0
0
0
0
0
0
0
0
0
0
0
0
0
0
0
0
0
0
0
0
0
0
0
0
0
0
0
0
0
0
0
0
0
0
0
0
0
0
0
0
0
0
0
0
0
0
0
0
0
0
0
0
0
0
0
0
0
0
0
0
0
0
0
0
0
0
0
0
0
0
0
0
0
0
0
0
0
0
0
0
0
0
0
0
0
0
0
0
0
0
0
0
0
0
0
0
0
0
0
0
0
0
0
0
0
0
0
0
0
0
0
0
0
0
0
0
0
0
0
0
0
0
0
0
0
0
0
0
0
0
0
0
0
0
0
0
0
0
0
0
0
0
0
0
0
0
0
0
0
0
0
0
0
0
0
0
0
0
0
0
0
0
0
0
0
0
0
0
0
0
0
0
0
0
0
0
0
0
0
0
0
0
0
0
0
0
0
0
0
0
0
0
0
0
0
0
0
0
0
0
0
0
0
0
0
0
0
0
0
0
0
0
0
0
0
0
0
0
0
0
0
0
0
0
0
0
0
0
0
0
0
0
0
0
0
0
0
0
0
0
0
0
0
0
0
0
0
0
0
0
0
0
0
0
0
0
0
0
0
0
0
0
0
0
0
0
0
0
0
0
0
0
0
0
0
0
0
0
0
0
0
0
0
0
0
0
0
0
0
0
0
0
0
0
0
0
0
0
0
0
0
0
0
0
0
0
0
0
0
0
0
0
0
0
0
0
0
0
0
0
0
0
0
0
0
0
0
0
0
0
0
0
0
0
0
0
0
0
0
0
0
0
0
0
0
0
0
0
0
0
0
0
0
0
0
0
0
0
0
0
0
0
0
0
0
0
0
0
0
0
0
0
0
0
0
0
0
0
0
0
0
0
0
0
0
0
0
0
0
0
0
0
0
0
0
0
0
0
0
0
0
0
0
0
0
0
0
0
0
0
0
0
0
0
0
0
0
0
0
0
0
0
0
0
0
0
0
0
0
0
0
0
0
0
0
0
0
0
0
0
0
0
0
0
0
0
0
0
0
0
0
0
0
0
0
0
0
0
0
0
0
0
0
0
0
0
0
0
0
0
0
0
0
0
0
0
0
0
0
0
0
0
0
0
0
0
0
0
0
0
0
0
0
0
0
0
0
0
0
0
0
0
0
0
0
0
0
0
0
0
0
0
0
0
0
0
0
0
0
0
0
0
0
0
0
0
0
0
0
0
0
0
0
0
0
0
0
0
0
0
0
0
0
0
0
0
0
0
0
0
0
0
0
0
0
0
0
0
0
0
0
0
0
0
0
0
0
0
0
0
0
0
0
0
0
0
0
0
0
0
0
0
0
0
0
0
0
0
0
0
0
0
0
0
0
0
0
0
0
0
0
0
0
0
0
0
0
0
0
0
0
0
0
0
0
0
0
0
0
0
0
0
0
0
0
0
0
0
0
0
0
0
0
0
0
0
0
0
0
0
0
0
0
0
0
0
0
0
0
0
0
0
0
0
0
0
0
0
0
0
0
0
0
0
0
0
0
0
0
0
0
0
0
0
0
0
0
0
0
0
0
8.7011
8.54088
7.60866
7.53327
7.8323
8.29187
8.96878
10.0995
10.6334
10.6499
10.4035
10.1197
10.186
10.4389
10.8624
11.3476
11.0764
10.0878
9.4742
9.17913
9.76967
9.82306
10.3487
11.4466
8.75922
10.7003
11.3148
13.4024
15.535
14.2185
14.7523
10.7032
8.33818
14.1801
9.71928
6.21919
11.6767
14.2486
12.9744
11.9704
10.9066
11.3257
7.33326
11.145
12.0803
11.212
8.3938
5.10691
4.11719
4.31926
3.1112
2.07451
1.70635
3.8179
2.97362
1.98043
4.07361
9.17268
10.7791
10.5246
10.1576
11.2122
9.90156
7.92888
8.31995
8.25531
7.56063
7.51981
7.79903
8.18281
8.16565
8.95081
10.1985
10.3219
9.84612
9.62657
10.0655
9.82472
10.6381
10.7624
10.6745
10.2167
9.6566
9.81334
9.36832
8.95154
10.3212
11.1521
8.70995
7.49428
9.56891
12.7972
11.8379
10.5236
20.2514
10.6356
12.4726
10.3022
7.59588
6.42531
8.67708
14.0513
15.4537
13.0421
12.3568
9.63015
9.59989
10.4651
12.1585
11.6754
9.6537
6.58519
7.2903
4.84187
2.02511
0.900061
2.65613
4.64882
2.09591
1.33095
3.80995
8.13852
10.6192
10.4219
10.2152
11.1955
9.85943
7.44936
6.36361
2.42562
7.42431
3.46303
6.5059
5.87043
2.02655
6.78196
6.52426
1.74238
5.98516
5.65703
4.76182
2.38502
6.78843
9.80283
8.76527
9.32417
9.86755
9.76221
4.82527
2.44798
5.7784
8.97346
9.57043
7.95441
6.65302
11.2771
13.6719
14.9019
12.2533
13.9396
16.6166
11.4446
12.528
9.39474
8.39071
6.4699
8.94216
8.16292
7.35624
7.4881
9.83793
10.4716
11.6841
11.2866
8.21211
8.6333
5.48474
0.245996
0.327243
1.01432
1.69644
2.34352
0.0993784
0.306418
3.5638
7.14658
10.589
10.5499
10.6133
11.569
6.37016
3.82968
1.95922
0.353234
4.7286
0.221616
1.5784
0.578531
0.307992
3.80973
2.46782
0.0408775
0.15716
0.496577
5.46894e-05
0.000276883
1.018
4.5189
3.5323
2.44126
5.97487
3.44124
1.67973
0.257864
0.405616
0.469892
1.29364
1.65206
2.47854
1.38971
2.19258
1.53783
3.79765
6.72553
15.5778
4.37233
7.07258
10.4192
1.91937
1.69823
1.21734
0.919379
0.769579
1.47698
7.53679
6.22446
3.25053
3.99971
0.789338
6.63486
5.93753
0.0424623
0.0857255
0.314141
0.0453686
0.0926921
0.144953
0.46672
2.41234
7.25702
10.6993
10.4142
8.45308
10.0284
3.06893
0.272413
1.89667e-05
0.0223833
0.0280716
0.00701157
0.000901023
0.000198917
0.000421098
7.81417e-06
2.26184e-05
0.000127173
7.94999e-05
4.69622e-05
2.74525e-06
0
0
0.0090778
0.0342658
0.0193652
0.0214152
0.00927456
0.00319665
0.00127692
0.00102094
0.00158483
0.00179508
0.0162411
0.00065575
7.03495e-06
9.15072e-06
5.87442e-06
0.816127
0.0288372
1.83526
1.66987
0.000349659
1.68898
0.000123531
0
0.00646102
0.00217338
0.0146576
0.0262881
0.00971731
0.0373673
0.17359
0.0247712
0.000223742
3.55303e-06
1.00211e-05
1.70496e-05
8.08473e-05
0.000257974
0.000938773
0.00630374
0.00781898
0.0206506
1.43547
7.64083
8.75257
5.91825
4.78553
2.57854
1.04584
0.00122229
0
0.00013494
6.2437e-06
2.93508e-05
0
0
0
0
0
0
0
0
0
0
0
0
0
3.01999e-05
0.000200402
3.48488e-05
1.50321e-06
0
2.72342e-05
0.000114658
1.47664e-05
6.83577e-06
3.01498e-06
0
0
0
0
0
9.61144e-05
0
0
0
0
0
0
0
0
0
0
0.0101692
0.00251156
5.11442e-06
0
2.51738e-06
1.36619e-05
2.94448e-05
9.12336e-05
0.000176387
0.0001834
0.000301289
0.000566166
0.0275654
1.38906
4.95292
2.75373
0.528823
0.75767
0.0721423
0.0358077
9.22877e-06
0
0
0
0
0
0
0
0
0
0
0
0
0
0
0
0
0
0
0
2.01589e-06
3.0873e-06
0
0
0
0
0
0
0
0
0
0
0
0
0
0
0
0
0
0
0
0
0
0
0
0
0
0
3.4685e-06
1.5679e-05
3.92462e-05
0.000111559
0.000137249
0.000186878
0.000670331
0.00280886
0.0182549
0.477433
0.298122
0.176495
0.0188363
0.00670045
0.00145231
9.73654e-05
6.57075e-06
0
0
0
0
0
0
0
0
0
0
0
0
0
0
0
0
0
0
0
0
1.19033e-06
0
0
0
0
0
0
0
0
0
0
0
0
0
0
0
0
0
0
0
0
0
0
0
0
0
0
4.83441e-06
1.56061e-05
4.68432e-05
9.638e-05
0.000117512
0.000155398
0.00102695
0.00417243
0.0108011
0.0525645
0.0441276
0.0280533
0.00959273
0.00288
0.000547637
3.03227e-05
2.38392e-06
0
0
0
0
0
0
0
0
0
0
0
0
0
0
0
0
0
0
0
0
0
0
0
0
0
0
0
0
0
0
0
0
0
0
0
0
0
0
0
0
0
0
0
0
0
0
0
0
1.06554e-05
6.11756e-05
9.94369e-05
0.000103697
0.00012284
0.00116343
0.00355438
0.00803773
0.0229928
0.0228531
0.0090028
0.00408941
0.00150788
0.000190772
1.50531e-05
1.77885e-06
0
0
0
0
0
0
0
0
0
0
0
0
0
0
0
0
0
0
0
0
0
0
0
0
0
0
0
0
0
0
0
0
0
0
0
0
0
0
0
0
0
0
0
0
0
0
0
0
5.10535e-06
3.36938e-05
7.49991e-05
8.358e-05
8.81424e-05
0.000623575
0.00215827
0.007315
0.0161602
0.0110387
0.00372026
0.00186111
0.000505737
4.89061e-05
9.85141e-06
0
0
0
0
0
0
0
0
0
0
0
0
0
0
0
0
0
0
0
0
0
0
0
0
0
0
0
0
0
0
0
0
0
0
0
0
0
0
0
0
0
0
0
0
0
0
0
0
0
1.05018e-06
1.11412e-05
3.26581e-05
4.35108e-05
4.37773e-05
0.000166426
0.00193494
0.00563416
0.00894672
0.00329575
0.000885314
0.000318386
6.92041e-05
1.28664e-05
6.04138e-06
0
0
0
0
0
0
0
0
0
0
0
0
0
0
0
0
0
0
0
0
0
0
0
0
0
0
0
0
0
0
0
0
0
0
0
0
0
0
0
0
0
0
0
0
0
0
0
0
0
0
3.12955e-06
1.17099e-05
1.59191e-05
2.12062e-05
4.82194e-05
0.00025035
0.00203021
0.0021012
0.000472814
7.63744e-05
2.19351e-05
9.9474e-06
7.70418e-06
2.45923e-06
0
0
0
0
0
0
0
0
0
0
0
0
0
0
0
0
0
0
0
0
0
0
0
0
0
0
0
0
0
0
0
0
0
0
0
0
0
0
0
0
0
0
0
0
0
0
0
0
0
0
0
1.47388e-06
3.31418e-06
5.57322e-06
1.9838e-05
5.49302e-05
0.000354586
0.000475021
7.12225e-05
4.87715e-06
3.65013e-06
4.85019e-06
2.60867e-06
0
0
0
0
0
0
0
0
0
0
0
0
0
0
0
0
0
0
0
0
0
0
0
0
0
0
0
0
0
0
0
0
0
0
0
0
0
0
0
0
0
0
0
0
0
0
0
0
0
0
0
0
0
0
0
6.52205e-06
2.70613e-05
0.00014905
0.000192259
4.19617e-06
0
0
1.07845e-06
0
0
0
0
0
0
0
0
0
0
0
0
0
0
0
0
0
0
0
0
0
0
0
0
0
0
0
0
0
0
0
0
0
0
0
0
0
0
0
0
0
0
0
0
0
0
0
0
0
0
0
0
0
0
0
0
0
4.80494e-06
5.11724e-05
5.21901e-05
0
0
0
0
0
0
0
0
0
0
0
0
0
0
0
0
0
0
0
0
0
0
0
0
0
0
0
0
0
0
0
0
0
0
0
0
0
0
0
0
0
0
0
0
0
0
0
0
0
0
0
0
0
0
0
0
0
0
0
0
0
0
2.2126e-06
1.07152e-06
0
0
0
0
0
0
0
0
0
0
0
0
0
0
0
0
0
0
0
0
0
0
0
0
0
0
0
0
0
0
0
0
0
0
0
0
0
0
0
0
0
0
0
0
0
0
0
0
0
0
0
0
0
0
0
0
0
0
0
0
0
0
0
0
0
0
0
0
0
0
0
0
0
0
0
0
0
0
0
0
0
0
0
0
0
0
0
0
0
0
0
0
0
0
0
0
0
0
0
0
0
0
0
0
0
0
0
0
0
0
0
0
0
0
0
0
0
0
0
0
0
0
0
0
0
0
0
0
0
0
0
0
0
0
0
0
0
0
0
0
0
0
0
0
0
0
0
0
0
0
0
0
0
0
0
0
0
0
0
0
0
0
0
0
0
0
0
0
0
0
0
0
0
0
0
0
0
0
0
0
0
0
0
0
0
0
0
0
0
0
0
0
0
0
0
0
0
0
0
0
0
0
0
0
0
0
0
0
0
0
0
0
0
0
0
0
0
0
0
0
0
0
0
0
0
0
0
0
0
0
0
0
0
0
0
0
0
0
0
0
0
0
0
0
0
0
0
0
0
0
0
0
0
0
0
0
0
0
0
0
0
0
0
0
0
0
0
0
0
0
0
0
0
0
0
0
0
0
0
0
0
0
0
0
0
0
0
0
0
0
0
0
0
0
0
0
0
0
0
0
0
0
0
0
0
0
0
0
0
0
0
0
0
0
0
0
0
0
0
0
0
0
0
0
0
0
0
0
0
0
0
0
0
0
0
0
0
0
0
0
0
0
0
0
0
0
0
0
0
0
0
0
0
0
0
0
0
0
0
0
0
0
0
0
0
0
0
0
0
0
0
0
0
0
0
0
0
0
0
0
0
0
0
0
0
0
0
0
0
0
0
0
0
0
0
0
0
0
0
0
0
0
0
0
0
0
0
0
0
0
0
0
0
0
0
0
0
0
0
0
0
0
0
0
0
0
0
0
0
0
0
0
0
0
0
0
0
0
0
0
0
0
0
0
0
0
0
0
0
0
0
0
0
0
0
0
0
0
0
0
0
0
0
0
0
0
0
0
0
0
0
0
0
0
0
0
0
0
0
0
0
0
0
0
0
0
0
0
0
0
0
0
0
0
0
0
0
0
0
0
0
0
0
0
0
0
0
0
0
0
0
0
0
0
0
0
0
0
0
0
0
0
0
0
0
0
0
0
0
0
0
0
0
0
0
0
0
0
0
0
0
0
0
0
0
0
0
0
0
0
0
0
0
0
0
0
0
0
0
0
0
0
0
0
0
0
0
0
0
0
0
0
0
0
0
0
0
0
0
0
0
0
0
0
0
0
0
0
0
0
0
0
0
0
0
0
0
0
0
0
0
0
0
0
0
0
0
0
0
0
0
0
0
0
0
0
0
0
0
0
0
0
0
0
0
0
0
0
0
0
0
0
0
0
0
0
0
0
0
0
0
0
0
0
0
0
0
0
0
0
0
0
0
0
0
0
0
0
0
0
0
0
0
0
0
0
0
0
0
0
0
0
0
0
0
0
0
0
0
0
0
0
0
0
0
0
0
0
0
0
0
0
0
0
0
0
0
0
0
0
0
0
0
0
0
0
0
0
0
0
0
0
0
0
0
0
0
0
0
0
0
0
0
0
0
0
0
0
0
0
0
0
0
0
0
0
0
0
0
0
0
0
0
0
0
0
0
0
0
0
0
0
0
0
0
0
0
0
0
0
0
0
0
0
0
0
0
0
0
0
0
0
0
0
0
0
0
0
0
0
0
0
0
0
0
0
0
0
0
0
0
0
0
0
0
0
0
0
0
0
0
0
0
0
0
0
0
0
0
0
0
0
0
0
0
0
0
0
0
0
0
0
0
0
0
0
0
0
0
0
0
0
0
0
0
0
0
0
0
0
0
0
0
0
0
0
0
0
0
0
0
0
0
0
0
0
0
0
0
0
0
0
0
0
0
0
0
0
0
0
0
0
0
0
0
0
0
0
0
0
0
0
0
0
0
0
0
0
0
0
0
0
0
0
0
0
0
0
0
0
0
0
0
0
0
0
0
0
0
0
0
0
0
0
0
0
0
0
0
0
0
0
0
0
0
0
0
0
0
0
0
0
0
0
0
0
0
0
0
0
0
0
0
0
0
0
0
0
0
0
0
0
0
0
0
0
0
0
0
0
0
0
0
0
0
0
0
0
0
0
0
0
0
0
0
0
0
0
0
0
0
0
0
0
0
0
0
0
0
0
0
0
0
0
0
0
0
0
0
0
0
0
0
0
0
0
0
0
0
0
0
0
0
0
0
0
0
0
0
0
0
0
0
0
0
0
0
0
0
0
0
0
0
0
0
0
0
0
0
0
0
0
0
0
0
0
0
0
0
0
0
0
0
0
0
0
0
0
0
0
0
0
0
0
0
0
0
0
0
0
0
0
0
0
0
0
0
0
0
0
0
0
0
0
0
0
0
0
0
0
0
0
0
0
0
0
0
0
0
0
0
0
0
0
0
0
0
0
0
0
0
0
0
0
0
0
0
0
0
0
0
0
0
0
0
0
0
0
0
0
0
0
0
0
0
0
0
0
0
0
0
0
0
0
0
0
0
0
0
0
0
0
0
0
0
0
0
0
0
0
0
0
0
0
0
0
0
0
0
0
0
0
0
0
0
0
0
0
0
0
0
0
0
0
0
0
0
0
0
0
0
0
0
0
0
0
0
0
0
0
0
0
0
0
0
0
0
0
0
0
0
0
0
0
0
0
0
0
0
0
0
0
0
0
0
0
0
0
0
0
0
0
0
0
0
0
0
0
0
0
0
0
0
0
0
0
0
0
0
0
0
0
0
0
0
0
0
0
0
0
0
0
0
0
0
0
0
0
0
0
0
0
0
0
0
0
0
0
0
0
0
0
0
0
0
0
0
0
0
0
0
0
0
0
0
0
0
0
0
0
0
0
0
0
0
0
0
0
0
0
0
0
0
0
0
0
0
0
0
0
0
0
0
0
0
0
0
0
0
0
0
0
0
0
0
0
0
0
0
0
0
0
0
0
0
0
0
0
0
0
0
0
0
0
0
0
0
0
0
0
0
0
0
0
0
0
0
0
0
0
0
0
0
0
0
0
0
0
0
0
0
0
0
0
0
0
0
0
0
0
0
0
0
0
0
0
0
0
0
0
0
0
0
0
0
0
0
0
0
0
0
0
0
0
0
0
0
0
0
0
0
0
0
0
0
0
0
0
0
0
0
0
0
0
0
0
0
0
0
0
0
0
0
0
0
0
0
0
0
0
0
0
0
0
0
0
0
0
0
0
0
0
0
0
0
0
0
0
0
0
0
0
0
0
0
0
0
0
0
0
0
0
0
0
0
0
0
0
0
0
0
0
0
0
0
0
0
0
0
0
0
0
0
0
0
0
0
0
0
0
0
0
0
0
0
0
0
0
0
0
0
0
0
0
0
0
0
0
0
0
0
0
0
0
0
0
0
0
0
0
0
0
0
0
0
0
0
0
0
0
0
0
0
0
0
0
0
0
0
0
0
0
0
0
0
0
0
0
0
0
0
0
0
0
0
0
0
0
0
0
0
0
0
0
0
0
0
0
0
0
0
0
0
0
0
0
0
0
0
0
0
0
0
0
0
0
0
0
0
0
0
0
0
0
0
0
0
0
0
0
0
0
0
0
0
0
0
0
0
0
0
0
0
0
0
0
0
0
0
0
0
0
0
0
0
0
0
0
0
0
0
0
0
0
0
0
0
0
0
0
0
0
0
0
0
0
0
0
0
0
0
0
0
0
0
0
0
0
0
0
0
0
0
0
0
0
0
0
0
0
0
0
0
0
0
0
0
0
0
0
0
0
0
0
0
0
0
0
0
0
0
0
0
0
0
0
0
0
0
0
0
0
0
0
0
0
0
0
0
0
0
0
0
0
0
0
0
0
0
0
0
0
0
0
0
0
0
0
0
0
0
0
0
0
0
0
0
0
0
0
0
0
0
0
0
0
0
0
0
0
0
0
0
0
0
0
0
0
0
0
0
0
0
0
0
0
0
0
0
0
0
0
0
0
0
0
0
0
0
0
0
0
0
0
0
0
0
0
0
0
0
0
0
0
0
0
0
0
0
0
0
0
0
0
0
0
0
0
0
0
0
0
0
0
0
0
0
0
0
0
0
0
0
0
0
0
0
0
0
0
0
0
0
0
0
0
0
0
0
0
0
0
0
0
0
0
0
0
0
0
0
0
0
0
0
0
0
0
0
0
0
0
0
0
0
0
0
0
0
0
0
0
0
0
0
0
0
0
0
0
0
0
0
0
0
0
0
0
0
0
0
0
0
0
0
0
0
0
0
0
0
0
0
0
0
0
0
0
0
0
0
0
0
0
0
0
0
0
0
0
0
0
0
0
0
0
0
0
0
0
0
0
0
0
0
0
0
0
0
0
0
0
0
0
0
0
0
0
0
0
0
0
0
0
0
0
0
0
0
0
0
0
0
0
0
0
0
0
0
0
0
0
0
0
0
0
0
0
0
0
0
0
0
0
0
0
0
0
0
0
0
0
0
0
0
0
0
0
0
0
0
0
0
0
0
0
0
0
0
0
0
0
0
0
0
0
0
0
0
0
0
0
0
0
0
0
0
0
0
0
0
0
0
0
0
0
0
0
0
0
0
0
0
0
0
0
0
0
0
0
0
0
0
0
0
0
0
0
0
0
0
0
0
0
0
0
0
0
0
0
0
0
0
0
0
0
0
0
0
0
0
0
0
0
0
0
0
0
0
0
0
0
0
0
0
0
0
0
0
0
0
0
0
0
0
0
0
0
0
0
0
0
0
0
0
0
0
0
0
0
0
0
0
0
0
0
0
0
0
0
0
0
0
0
0
0
0
0
0
0
0
0
0
0
0
0
0
0
0
0
0
0
0
0
0
0
0
0
0
0
0
0
0
0
0
0
0
0
0
0
0
0
0
0
0
0
0
0
0
0
0
0
0
0
0
0
0
0
0
0
0
0
0
0
0
0
0
0
0
0
0
0
0
0
0
0
0
0
0
0
0
0
0
0
0
0
0
0
0
0
0
0
0
0
0
0
0
0
0
0
0
0
0
0
0
0
0
0
0
0
0
0
0
0
0
0
0
0
0
0
0
0
0
0
0
0
0
0
0
0
0
0
0
0
0
0
0
0
0
0
0
0
0
0
0
0
0
0
0
0
0
0
0
0
0
0
0
0
0
0
0
0
0
0
0
0
0
0
0
0
0
0
0
0
0
0
0
0
0
0
0
0
0
0
0
0
0
0
0
0
0
0
0
0
0
0
0
0
0
0
0
0
0
0
0
0
0
0
0
0
0
0
0
0
0
0
0
0
0
0
0
0
0
0
0
0
0
0
0
0
0
0
0
0
0
0
0
0
0
0
0
0
0
0
0
0
0
0
0
0
0
0
0
0
0
0
0
0
0
0
0
0
0
0
0
0
0
0
0
0
0
0
0
0
0
0
0
0
0
0
0
0
0
0
0
0
0
0
0
0
0
0
0
0
0
0
0
0
0
0
0
0
0
0
0
0
0
0
0
0
0
0
0
0
0
0
0
0
0
0
0
0
0
0
0
0
0
0
0
0
0
0
0
0
0
0
0
0
0
0
0
0
0
0
0
0
0
0
0
0
0
0
0
0
0
0
0
0
0
0
0
0
0
0
0
0
0
0
0
0
0
0
0
0
0
0
0
0
0
0
0
0
0
0
0
0
0
0
0
0
0
0
0
0
0
0
0
0
0
0
0
0
0
0
0
0
0
0
0
0
0
0
0
0
0
0
0
0
0
0
0
0
0
0
0
0
0
0
0
0
0
0
0
0
0
0
0
0
0
0
0
0
0
0
0
0
0
0
0
0
0
0
0
0
0
0
0
0
0
0
0
0
0
0
0
0
0
0
0
0
0
0
0
0
0
0
0
0
0
0
0
0
0
0
0
0
0
0
0
0
0
0
0
0
0
0
0
0
0
0
0
0
0
0
0
0
0
0
0
0
0
0
0
0
0
0
0
0
0
0
0
0
0
0
0
0
0
0
0
0
0
0
0
0
0
0
0
0
0
0
0
0
0
0
0
0
0
0
0
0
0
0
0
0
0
0
0
0
0
0
0
0
0
0
0
0
0
0
0
0
0
0
0
0
0
0
0
0
0
0
0
0
0
0
0
0
0
0
0
0
0
0
0
0
0
0
0
0
0
0
0
0
0
0
0
0
0
0
0
0
0
0
0
0
0
0
0
0
0
0
0
0
0
0
0
0
0
0
0
0
0
0
0
0
0
0
0
0
0
0
0
0
0
0
0
0
0
0
0
0
0
0
0
0
0
0
0
0
0
0
0
0
0
0
0
0
0
0
0
0
0
0
0
0
0
0
0
0
0
0
0
0
0
0
0
0
0
0
0
0
0
0
0
0
0
0
0
0
0
0
0
0
0
0
0
0
0
0
0
0
0
0
0
0
0
0
0
0
0
0
0
0
0
0
0
0
0
0
0
0
0
0
0
0
0
0
0
0
0
0
0
0
0
0
0
0
0
0
0
0
0
0
0
0
0
0
0
0
0
0
0
0
0
0
0
0
0
0
0
0
0
0
0
0
0
0
0
0
0
0
0
0
0
0
0
0
0
0
0
0
0
0
0
0
0
0
0
0
0
0
0
0
0
0
0
0
0
0
0
0
0
0
0
0
0
0
0
0
0
0
0
0
0
0
0
0
0
0
0
0
0
0
0
0
0
0
0
0
0
0
0
0
0
0
0
0
0
0
0
0
0
0
0
0
0
0
0
0
0
0
0
0
0
0
0
0
0
0
0
0
0
0
0
0
0
0
0
0
0
0
0
0
0
0
0
0
0
0
0
0
0
0
0
0
0
0
0
0
0
0
0
0
0
0
0
0
0
0
0
0
0
0
0
0
0
0
0
0
0
0
0
0
0
0
0
0
0
0
0
8.55107
7.97863
7.478
7.76004
8.29834
9.11926
10.1173
10.4537
10.7344
10.8074
10.7003
11.2818
11.1204
11.2463
11.4371
10.3592
9.91636
12.6435
11.3062
10.4934
10.5121
9.34999
9.84779
8.69024
9.20098
8.31389
10.6962
11.9419
15.8815
13.4159
12.0301
11.0142
9.75204
17.5006
5.22133
11.5055
11.8041
10.2124
11.2132
13.2417
11.0328
8.38688
8.92629
7.37717
10.9868
11.7567
11.3608
8.41545
7.48329
7.74078
7.16319
6.59611
4.71757
2.22044
2.00812
1.79484
7.13103
11.1069
11.1881
11.3102
10.5235
10.6197
9.84751
8.04126
8.19842
7.79253
7.45592
7.7194
8.2814
9.04306
9.20196
9.6369
10.3568
10.4352
10.2174
10.4482
10.7642
10.6051
10.6435
10.5476
10.1672
10.2899
9.62825
10.1107
9.79806
9.55853
9.70377
9.81782
8.44118
8.37017
10.9248
12.1006
13.1799
16.6127
13.7676
13.9175
7.18155
9.34966
9.67198
9.69937
13.7301
12.6987
8.72874
5.94415
11.5153
8.5478
9.09412
9.35828
10.6537
11.8733
11.5744
9.85951
9.6464
9.18945
8.1413
3.63367
2.56049
2.3538
1.6231
2.05191
5.48062
10.3768
11.187
11.3128
10.2735
10.6137
10.0086
7.68702
7.19518
1.91322
5.93076
5.32722
4.488
4.51519
2.57022
1.45672
2.88382
2.88206
5.25065
5.66337
9.50293
4.15746
7.68067
9.70431
8.04565
9.21059
8.87544
10.3615
9.8112
9.51867
9.81513
10.7734
9.05934
8.86923
4.214
11.7276
8.98038
12.753
12.8968
8.70127
9.43323
13.2544
10.2177
9.58756
9.24424
0.976875
3.03524
4.29946
4.54062
6.91731
5.81186
9.54589
11.2102
11.6365
10.6537
9.14907
9.85399
1.8783
1.02592
1.27082
0.729833
1.30963
0.242232
0.663765
3.69824
9.64726
11.2476
11.2295
10.3727
10.7363
6.95616
5.26364
3.48081
0.400939
0.935404
1.11664
0.341579
0.391652
0.367127
0.000398724
0.00185262
0.0971828
0.183064
0.529873
3.29227
0.000902355
0.892196
4.29143
1.81059
3.90559
3.78096
6.69034
4.55305
0.120253
4.33315
11.1988
7.24548
3.46233
0.0162202
0.363655
0.237268
0.730835
7.86473
7.20996
2.19743
9.32023
10.713
1.55597
0.0857443
1.40596
0.26584
0.215129
0.0750258
3.96543
1.12427
6.09394
5.83953
4.31151
2.12035
3.44604
6.90335
0.371709
0.0135594
0.226572
0.0454453
0.0369853
0.00734216
0.356443
2.25115
8.6132
11.4863
11.1097
9.04948
9.21861
3.07796
0.417281
6.30626e-05
0.0314519
0.0418707
0.0155274
0.00316829
0.000674736
0.00214072
9.43494e-05
5.72233e-05
0.00055564
0.000175053
3.26024e-05
2.56415e-05
0
0.000111742
0.0195923
0.117906
0.0839562
0.0686577
0.0449233
0.0115142
1.12491e-05
0.0824768
0.389494
0.801979
0.166566
0
0
0
0
0.421532
0
0
0.000438615
6.01283
0.000176946
0
0
0
0
0.0235634
7.18989e-05
0.00913013
0.00628331
0.0298257
0.15844
0.00862614
0.000131299
0.000130055
2.21132e-05
7.0447e-05
0.000204166
0.000247162
0.000870111
0.00037895
0.118339
1.8429
8.57035
10.278
7.94923
4.73355
2.63298
1.01814
0.00247591
0
0.0002352
8.36121e-05
5.07436e-05
0
0
0
0
0
0
0
0
0
0
0
0
0.000352742
0.000277305
0.000160097
9.60547e-05
0
0
1.3949e-06
5.45108e-06
2.03731e-05
0.000598493
0.000219552
0
0
0
0
0
0
0
0
0
0
0
0
0
0
0
0
0.00422334
0.00442722
0.00020375
0
1.86717e-06
1.30601e-05
3.65945e-05
0.00010935
0.000169151
0.000161967
0.000173352
0.000439208
0.0834076
1.58604
6.63093
5.13703
1.56493
0.509729
0.154197
0.0311806
8.30663e-06
0
0
0
0
0
0
0
0
0
0
0
0
0
0
0
0
0
1.08744e-06
2.8917e-06
9.41981e-06
3.49631e-06
0
0
0
0
0
0
0
0
0
0
0
0
0
0
0
0
0
0
0
0
0
0
0
0
0
0
3.28166e-06
1.17257e-05
4.92983e-05
0.000112541
0.000147151
0.00012201
0.000248391
0.00124659
0.0350489
0.598677
1.38032
0.747212
0.0232924
0.00684575
0.00175504
0.000156224
7.44537e-06
0
0
0
0
0
0
0
0
0
0
0
0
0
0
0
0
0
0
0
3.70055e-06
3.70725e-06
0
0
0
0
0
0
0
0
0
0
0
0
0
0
0
0
0
0
0
0
0
0
0
0
0
0
1.97396e-06
9.97406e-06
2.56437e-05
8.72825e-05
0.00010647
0.000102778
0.000414969
0.00227962
0.0161305
0.10201
0.0874945
0.0512334
0.011444
0.00365674
0.000760295
4.2185e-05
2.56244e-06
0
0
0
0
0
0
0
0
0
0
0
0
0
0
0
0
0
0
0
1.23662e-06
2.19902e-06
0
0
0
0
0
0
0
0
0
0
0
0
0
0
0
0
0
0
0
0
0
0
0
0
0
0
1.20799e-06
4.16703e-06
2.81912e-05
6.67843e-05
6.15423e-05
0.000125326
0.000517877
0.00238508
0.0108246
0.0468095
0.0366528
0.0208281
0.00734365
0.0023007
0.000320197
1.876e-05
1.91789e-06
0
0
0
0
0
0
0
0
0
0
0
0
0
0
0
0
0
0
0
0
1.50279e-06
0
0
0
0
0
0
0
0
0
0
0
0
0
0
0
0
0
0
0
0
0
0
0
0
0
0
0
5.1538e-06
2.48922e-05
4.38169e-05
5.2109e-05
6.49031e-05
0.000179672
0.00162363
0.0112116
0.0236649
0.0175336
0.00967488
0.00425412
0.00112206
9.36464e-05
1.07116e-05
1.26278e-06
0
0
0
0
0
0
0
0
0
0
0
0
0
0
0
0
0
0
0
0
0
0
0
0
0
0
0
0
0
0
0
0
0
0
0
0
0
0
0
0
0
0
0
0
0
0
0
0
2.04979e-06
7.03193e-06
2.3149e-05
2.88324e-05
2.87381e-05
0.000166023
0.00286469
0.00903708
0.010493
0.00764224
0.00292555
0.00115669
0.000188907
2.03749e-05
6.35833e-06
1.0229e-06
0
0
0
0
0
0
0
0
0
0
0
0
0
0
0
0
0
0
0
0
0
0
0
0
0
0
0
0
0
0
0
0
0
0
0
0
0
0
0
0
0
0
0
0
0
0
0
0
0
1.6438e-06
5.93774e-06
7.0789e-06
1.04749e-05
9.86466e-05
0.00160093
0.00399291
0.00334337
0.00196482
0.000470036
9.3139e-05
9.64204e-06
7.3597e-06
3.0173e-06
0
0
0
0
0
0
0
0
0
0
0
0
0
0
0
0
0
0
0
0
0
0
0
0
0
0
0
0
0
0
0
0
0
0
0
0
0
0
0
0
0
0
0
0
0
0
0
0
0
0
0
0
0
3.91498e-06
2.34941e-05
8.65168e-05
0.000564328
0.00142697
0.000516675
6.37399e-05
1.0116e-05
4.63884e-06
3.7191e-06
1.04839e-06
0
0
0
0
0
0
0
0
0
0
0
0
0
0
0
0
0
0
0
0
0
0
0
0
0
0
0
0
0
0
0
0
0
0
0
0
0
0
0
0
0
0
0
0
0
0
0
0
0
0
0
0
0
0
6.24019e-06
3.48826e-05
0.000249927
0.000661337
5.4564e-05
6.36168e-06
2.12733e-06
1.90956e-06
0
0
0
0
0
0
0
0
0
0
0
0
0
0
0
0
0
0
0
0
0
0
0
0
0
0
0
0
0
0
0
0
0
0
0
0
0
0
0
0
0
0
0
0
0
0
0
0
0
0
0
0
0
0
0
0
0
1.57326e-05
0.000138055
0.000194116
1.20574e-06
0
0
0
0
0
0
0
0
0
0
0
0
0
0
0
0
0
0
0
0
0
0
0
0
0
0
0
0
0
0
0
0
0
0
0
0
0
0
0
0
0
0
0
0
0
0
0
0
0
0
0
0
0
0
0
0
0
0
0
0
0
1.53001e-05
5.89316e-06
0
0
0
0
0
0
0
0
0
0
0
0
0
0
0
0
0
0
0
0
0
0
0
0
0
0
0
0
0
0
0
0
0
0
0
0
0
0
0
0
0
0
0
0
0
0
0
0
0
0
0
0
0
0
0
0
0
0
0
0
0
0
0
0
0
0
0
0
0
0
0
0
0
0
0
0
0
0
0
0
0
0
0
0
0
0
0
0
0
0
0
0
0
0
0
0
0
0
0
0
0
0
0
0
0
0
0
0
0
0
0
0
0
0
0
0
0
0
0
0
0
0
0
0
0
0
0
0
0
0
0
0
0
0
0
0
0
0
0
0
0
0
0
0
0
0
0
0
0
0
0
0
0
0
0
0
0
0
0
0
0
0
0
0
0
0
0
0
0
0
0
0
0
0
0
0
0
0
0
0
0
0
0
0
0
0
0
0
0
0
0
0
0
0
0
0
0
0
0
0
0
0
0
0
0
0
0
0
0
0
0
0
0
0
0
0
0
0
0
0
0
0
0
0
0
0
0
0
0
0
0
0
0
0
0
0
0
0
0
0
0
0
0
0
0
0
0
0
0
0
0
0
0
0
0
0
0
0
0
0
0
0
0
0
0
0
0
0
0
0
0
0
0
0
0
0
0
0
0
0
0
0
0
0
0
0
0
0
0
0
0
0
0
0
0
0
0
0
0
0
0
0
0
0
0
0
0
0
0
0
0
0
0
0
0
0
0
0
0
0
0
0
0
0
0
0
0
0
0
0
0
0
0
0
0
0
0
0
0
0
0
0
0
0
0
0
0
0
0
0
0
0
0
0
0
0
0
0
0
0
0
0
0
0
0
0
0
0
0
0
0
0
0
0
0
0
0
0
0
0
0
0
0
0
0
0
0
0
0
0
0
0
0
0
0
0
0
0
0
0
0
0
0
0
0
0
0
0
0
0
0
0
0
0
0
0
0
0
0
0
0
0
0
0
0
0
0
0
0
0
0
0
0
0
0
0
0
0
0
0
0
0
0
0
0
0
0
0
0
0
0
0
0
0
0
0
0
0
0
0
0
0
0
0
0
0
0
0
0
0
0
0
0
0
0
0
0
0
0
0
0
0
0
0
0
0
0
0
0
0
0
0
0
0
0
0
0
0
0
0
0
0
0
0
0
0
0
0
0
0
0
0
0
0
0
0
0
0
0
0
0
0
0
0
0
0
0
0
0
0
0
0
0
0
0
0
0
0
0
0
0
0
0
0
0
0
0
0
0
0
0
0
0
0
0
0
0
0
0
0
0
0
0
0
0
0
0
0
0
0
0
0
0
0
0
0
0
0
0
0
0
0
0
0
0
0
0
0
0
0
0
0
0
0
0
0
0
0
0
0
0
0
0
0
0
0
0
0
0
0
0
0
0
0
0
0
0
0
0
0
0
0
0
0
0
0
0
0
0
0
0
0
0
0
0
0
0
0
0
0
0
0
0
0
0
0
0
0
0
0
0
0
0
0
0
0
0
0
0
0
0
0
0
0
0
0
0
0
0
0
0
0
0
0
0
0
0
0
0
0
0
0
0
0
0
0
0
0
0
0
0
0
0
0
0
0
0
0
0
0
0
0
0
0
0
0
0
0
0
0
0
0
0
0
0
0
0
0
0
0
0
0
0
0
0
0
0
0
0
0
0
0
0
0
0
0
0
0
0
0
0
0
0
0
0
0
0
0
0
0
0
0
0
0
0
0
0
0
0
0
0
0
0
0
0
0
0
0
0
0
0
0
0
0
0
0
0
0
0
0
0
0
0
0
0
0
0
0
0
0
0
0
0
0
0
0
0
0
0
0
0
0
0
0
0
0
0
0
0
0
0
0
0
0
0
0
0
0
0
0
0
0
0
0
0
0
0
0
0
0
0
0
0
0
0
0
0
0
0
0
0
0
0
0
0
0
0
0
0
0
0
0
0
0
0
0
0
0
0
0
0
0
0
0
0
0
0
0
0
0
0
0
0
0
0
0
0
0
0
0
0
0
0
0
0
0
0
0
0
0
0
0
0
0
0
0
0
0
0
0
0
0
0
0
0
0
0
0
0
0
0
0
0
0
0
0
0
0
0
0
0
0
0
0
0
0
0
0
0
0
0
0
0
0
0
0
0
0
0
0
0
0
0
0
0
0
0
0
0
0
0
0
0
0
0
0
0
0
0
0
0
0
0
0
0
0
0
0
0
0
0
0
0
0
0
0
0
0
0
0
0
0
0
0
0
0
0
0
0
0
0
0
0
0
0
0
0
0
0
0
0
0
0
0
0
0
0
0
0
0
0
0
0
0
0
0
0
0
0
0
0
0
0
0
0
0
0
0
0
0
0
0
0
0
0
0
0
0
0
0
0
0
0
0
0
0
0
0
0
0
0
0
0
0
0
0
0
0
0
0
0
0
0
0
0
0
0
0
0
0
0
0
0
0
0
0
0
0
0
0
0
0
0
0
0
0
0
0
0
0
0
0
0
0
0
0
0
0
0
0
0
0
0
0
0
0
0
0
0
0
0
0
0
0
0
0
0
0
0
0
0
0
0
0
0
0
0
0
0
0
0
0
0
0
0
0
0
0
0
0
0
0
0
0
0
0
0
0
0
0
0
0
0
0
0
0
0
0
0
0
0
0
0
0
0
0
0
0
0
0
0
0
0
0
0
0
0
0
0
0
0
0
0
0
0
0
0
0
0
0
0
0
0
0
0
0
0
0
0
0
0
0
0
0
0
0
0
0
0
0
0
0
0
0
0
0
0
0
0
0
0
0
0
0
0
0
0
0
0
0
0
0
0
0
0
0
0
0
0
0
0
0
0
0
0
0
0
0
0
0
0
0
0
0
0
0
0
0
0
0
0
0
0
0
0
0
0
0
0
0
0
0
0
0
0
0
0
0
0
0
0
0
0
0
0
0
0
0
0
0
0
0
0
0
0
0
0
0
0
0
0
0
0
0
0
0
0
0
0
0
0
0
0
0
0
0
0
0
0
0
0
0
0
0
0
0
0
0
0
0
0
0
0
0
0
0
0
0
0
0
0
0
0
0
0
0
0
0
0
0
0
0
0
0
0
0
0
0
0
0
0
0
0
0
0
0
0
0
0
0
0
0
0
0
0
0
0
0
0
0
0
0
0
0
0
0
0
0
0
0
0
0
0
0
0
0
0
0
0
0
0
0
0
0
0
0
0
0
0
0
0
0
0
0
0
0
0
0
0
0
0
0
0
0
0
0
0
0
0
0
0
0
0
0
0
0
0
0
0
0
0
0
0
0
0
0
0
0
0
0
0
0
0
0
0
0
0
0
0
0
0
0
0
0
0
0
0
0
0
0
0
0
0
0
0
0
0
0
0
0
0
0
0
0
0
0
0
0
0
0
0
0
0
0
0
0
0
0
0
0
0
0
0
0
0
0
0
0
0
0
0
0
0
0
0
0
0
0
0
0
0
0
0
0
0
0
0
0
0
0
0
0
0
0
0
0
0
0
0
0
0
0
0
0
0
0
0
0
0
0
0
0
0
0
0
0
0
0
0
0
0
0
0
0
0
0
0
0
0
0
0
0
0
0
0
0
0
0
0
0
0
0
0
0
0
0
0
0
0
0
0
0
0
0
0
0
0
0
0
0
0
0
0
0
0
0
0
0
0
0
0
0
0
0
0
0
0
0
0
0
0
0
0
0
0
0
0
0
0
0
0
0
0
0
0
0
0
0
0
0
0
0
0
0
0
0
0
0
0
0
0
0
0
0
0
0
0
0
0
0
0
0
0
0
0
0
0
0
0
0
0
0
0
0
0
0
0
0
0
0
0
0
0
0
0
0
0
0
0
0
0
0
0
0
0
0
0
0
0
0
0
0
0
0
0
0
0
0
0
0
0
0
0
0
0
0
0
0
0
0
0
0
0
0
0
0
0
0
0
0
0
0
0
0
0
0
0
0
0
0
0
0
0
0
0
0
0
0
0
0
0
0
0
0
0
0
0
0
0
0
0
0
0
0
0
0
0
0
0
0
0
0
0
0
0
0
0
0
0
0
0
0
0
0
0
0
0
0
0
0
0
0
0
0
0
0
0
0
0
0
0
0
0
0
0
0
0
0
0
0
0
0
0
0
0
0
0
0
0
0
0
0
0
0
0
0
0
0
0
0
0
0
0
0
0
0
0
0
0
0
0
0
0
0
0
0
0
0
0
0
0
0
0
0
0
0
0
0
0
0
0
0
0
0
0
0
0
0
0
0
0
0
0
0
0
0
0
0
0
0
0
0
0
0
0
0
0
0
0
0
0
0
0
0
0
0
0
0
0
0
0
0
0
0
0
0
0
0
0
0
0
0
0
0
0
0
0
0
0
0
0
0
0
0
0
0
0
0
0
0
0
0
0
0
0
0
0
0
0
0
0
0
0
0
0
0
0
0
0
0
0
0
0
0
0
0
0
0
0
0
0
0
0
0
0
0
0
0
0
0
0
0
0
0
0
0
0
0
0
0
0
0
0
0
0
0
0
0
0
0
0
0
0
0
0
0
0
0
0
0
0
0
0
0
0
0
0
0
0
0
0
0
0
0
0
0
0
0
0
0
0
0
0
0
0
0
0
0
0
0
0
0
0
0
0
0
0
0
0
0
0
0
0
0
0
0
0
0
0
0
0
0
0
0
0
0
0
0
0
0
0
0
0
0
0
0
0
0
0
0
0
0
0
0
0
0
0
0
0
0
0
0
0
0
0
0
0
0
0
0
0
0
0
0
0
0
0
0
0
0
0
0
0
0
0
0
0
0
0
0
0
0
0
0
0
0
0
0
0
0
0
0
0
0
0
0
0
0
0
0
0
0
0
0
0
0
0
0
0
0
0
0
0
0
0
0
0
0
0
0
0
0
0
0
0
0
0
0
0
0
0
0
0
0
0
0
0
0
0
0
0
0
0
0
0
0
0
0
0
0
0
0
0
0
0
0
0
0
0
0
0
0
0
0
0
0
0
0
0
0
0
0
0
0
0
0
0
0
0
0
0
0
0
0
0
0
0
0
0
0
0
0
0
0
0
0
0
0
0
0
0
0
0
0
0
0
0
0
0
0
0
0
0
0
0
0
0
0
0
0
0
0
0
0
0
0
0
0
0
0
0
0
0
0
0
0
0
0
0
0
0
0
0
0
0
0
0
0
0
0
0
0
0
0
0
0
0
0
0
0
0
0
0
0
0
0
0
0
0
0
0
0
0
0
0
0
0
0
0
0
0
0
0
0
0
0
0
0
0
0
0
0
0
0
0
0
0
0
0
0
0
0
0
0
0
0
0
0
0
0
0
0
0
0
0
0
0
0
0
0
0
0
0
0
0
0
0
0
0
0
0
0
0
0
0
0
0
0
0
0
0
0
0
0
0
0
0
0
0
0
0
0
0
0
0
0
0
0
0
0
0
0
0
0
0
0
0
0
0
0
0
0
0
0
0
0
0
0
0
0
0
0
0
0
0
0
0
0
0
0
0
0
0
0
0
0
0
0
0
0
0
0
0
0
0
0
0
0
0
0
0
0
0
0
0
0
0
0
0
0
0
0
0
0
0
0
0
0
0
0
0
0
0
0
0
0
0
0
0
0
0
0
0
0
0
0
0
0
0
0
0
0
0
0
0
0
0
0
0
0
0
0
0
0
0
0
0
0
0
0
0
0
0
0
0
0
0
0
0
0
0
0
0
0
0
0
0
0
0
0
0
0
0
0
0
0
0
0
0
0
0
0
0
0
0
0
0
0
0
0
0
0
0
0
0
0
0
0
0
0
0
0
0
0
0
0
0
0
0
0
0
0
0
0
0
0
0
0
0
0
0
0
0
0
0
0
0
0
0
0
0
0
0
0
0
0
0
0
0
0
0
0
0
0
0
0
0
0
0
0
0
0
0
0
0
0
0
0
0
0
0
0
0
0
0
0
0
0
0
0
0
0
0
0
0
0
0
0
0
0
0
0
0
0
0
0
0
0
0
0
0
0
0
0
0
0
0
0
0
0
0
0
0
0
0
0
0
0
0
0
0
0
0
0
0
0
0
0
0
0
0
0
0
0
0
0
0
0
0
0
0
0
0
0
0
0
0
0
0
0
0
0
0
0
0
0
0
0
0
0
0
0
0
0
0
0
0
0
0
0
0
0
0
0
0
0
0
0
0
0
0
0
0
0
0
0
0
0
0
0
0
0
0
0
0
0
0
0
0
0
0
0
0
0
0
0
0
0
0
0
0
0
0
0
0
0
0
0
0
0
0
0
0
0
0
0
0
0
0
0
0
0
0
0
0
0
0
0
0
0
0
0
0
0
0
0
0
0
0
0
0
0
0
0
0
0
0
0
0
0
0
0
0
0
0
0
0
0
0
0
0
0
0
0
0
0
0
0
0
0
0
0
0
0
0
0
0
0
0
0
0
0
0
0
0
0
0
0
0
0
0
0
0
0
0
0
0
0
0
0
0
0
0
0
0
0
0
0
0
0
0
0
0
0
0
0
0
0
0
0
0
0
0
0
0
0
0
0
0
0
0
0
0
0
0
0
0
0
0
0
0
0
0
0
0
0
0
0
0
0
0
0
0
0
0
0
0
0
0
0
0
0
0
0
0
0
0
0
0
0
0
0
0
0
0
0
0
0
0
0
0
0
0
0
0
0
0
0
0
0
0
0
0
0
0
0
0
0
0
0
0
0
0
0
0
0
0
0
0
0
0
0
0
0
0
0
0
0
0
0
0
0
0
0
0
0
0
0
0
0
0
0
0
0
0
0
0
0
0
0
0
0
0
0
0
0
0
0
0
0
0
0
0
0
0
0
0
0
0
0
0
0
0
0
0
0
0
0
0
0
0
0
0
0
0
0
0
0
0
0
0
0
0
0
0
0
0
0
0
0
0
0
0
0
0
0
0
0
0
0
0
0
0
0
0
0
0
0
0
0
0
0
0
0
0
0
0
0
0
0
0
0
0
0
0
0
0
0
0
8.40276
7.75728
7.63908
8.11016
8.76587
9.707
10.2458
10.351
10.7262
11.0638
11.7502
12.4643
11.7995
11.4138
10.5173
11.1562
13.7651
13.7925
9.99847
10.7019
8.92917
6.69933
7.85598
9.64183
9.1623
10.8662
12.81
14.5148
13.0493
10.8715
11.4398
12.0723
14.0041
12.9253
10.8298
13.0997
11.7948
11.9649
13.9085
7.74867
7.45186
7.79971
10.7478
10.2346
10.2144
11.3561
12.192
10.9298
10.2433
10.5734
10.8012
10.6986
10.4165
7.29115
7.18634
8.71137
11.4156
10.9646
10.8684
11.3709
11.106
10.4465
9.75103
8.10524
8.05726
7.65662
7.6716
8.14818
8.76834
9.54339
10.1599
10.1441
10.5957
10.8029
10.6707
10.9303
10.8617
10.7758
10.4222
10.0775
11.2932
12.8554
10.368
10.8379
9.49292
7.21119
9.7642
8.84239
9.60988
7.91014
9.8327
9.16928
13.2854
11.6952
7.63093
11.7622
11.1625
15.4185
10.2658
7.88797
9.45031
10.9
9.84117
10.3009
9.98364
10.134
10.1076
9.20215
9.14917
10.5498
11.9457
11.4561
10.5727
9.8553
11.2926
8.99587
7.54536
4.57238
4.35532
6.87839
9.9843
11.028
11.0019
11.5235
11.0908
10.4889
9.9327
7.83769
5.60749
2.2319
7.40904
3.29759
7.58036
7.20638
6.17311
9.16955
8.69377
6.99005
3.26628
4.91266
8.3979
8.22012
7.05561
9.14482
9.59467
11.8335
9.03565
10.8373
10.4066
9.19144
9.30262
8.79025
9.83799
11.5234
9.85062
14.0294
10.2305
13.0885
11.7311
7.01178
8.37025
13.9949
13.1246
13.1076
9.9006
10.102
3.45889
7.75261
5.64003
8.42587
6.57153
8.25171
8.82892
9.80416
11.9085
10.4722
8.31393
3.0076
8.91648
4.88853
1.87408
0.564528
1.54598
4.90811
8.39299
10.8433
11.0031
12.0207
10.6871
10.3122
8.09027
4.00688
1.14704
0.340042
4.9869
0.20186
1.9525
1.00759
0.829634
2.27453
1.24018
1.04624
0.00666618
0.00773966
0.75514
0.674788
0.491973
0.736384
6.64315
5.48579
2.67921
9.14767
8.90064
6.05059
11.542
8.8443
7.71838
3.23242
5.48659
6.88185
0.747969
1.84771
0.162562
7.28807
1.21902
1.50517
0.136304
0.110754
0.568844
0.0306507
0.113991
4.15623
0.778863
0.966248
1.34157
5.42144
8.20097
4.15211
7.05595
5.95537
1.22838
0.0361453
2.24611
0.548909
0.0133385
0.000206715
0.251248
1.78627
6.35041
10.9812
11.7097
12.4315
10.0522
5.49541
4.85599
0.30062
0.000588059
0.0458299
0.0927263
0.0346889
0.00923112
0.00733494
0.0101002
0.00374094
0
0.00314811
0.000627999
0.000476427
0
9.72015e-06
0.000486326
0.00480655
0.374072
0.375319
0.284729
0.162189
0.0172222
0.0655089
0.102898
0.629958
1.14585
0.0123732
0.140009
0.00503838
0.000135901
1.25135e-06
0
9.73863e-06
3.67713e-06
0.144948
0
0
0
0
0
0.0396358
0
0
0.000553954
0.000572578
0.985279
0.362436
0.0937509
0.00645877
0.000586551
0.000133918
5.6363e-05
9.64707e-05
0.000106635
8.71554e-05
0.00427851
0.297533
3.08421
10.2802
10.6515
8.05593
5.46349
1.72198
1.09805
0.00680723
0
0.00042028
5.71e-05
0.000377157
0
0
5.46275e-06
0
0
0
1.22365e-06
0
0
0
0
6.38314e-06
0.000994662
0.00160554
0.00100769
0.000851877
1.39774e-06
1.52301e-06
1.06417e-06
1.18417e-05
2.41242e-05
6.33447e-05
1.92308e-05
8.13252e-05
0
0
0
0
0
0
0
0
0
0
0
0
0
0
0
0.000343903
0.00288293
0.00354754
4.11529e-05
1.43185e-06
4.40426e-06
2.62269e-05
6.51482e-05
9.29472e-05
6.67839e-05
5.33205e-05
0.000345628
0.146715
2.19564
6.83682
4.7609
1.95528
0.678127
0.131598
0.0228612
1.3237e-05
0
0
0
0
0
0
0
0
0
0
0
0
0
0
0
0
1.68987e-06
4.30735e-06
1.92391e-05
3.40953e-05
1.83356e-06
0
0
0
0
0
0
0
0
0
0
0
0
0
0
0
0
0
0
0
0
0
0
0
0
0
0
3.22498e-06
4.24645e-06
2.10062e-05
5.67816e-05
5.59429e-05
3.76571e-05
4.33086e-05
0.0007345
0.108373
0.96955
1.07801
0.619193
0.0586786
0.00642663
0.00169315
0.000132294
6.69741e-06
0
0
0
0
0
0
0
0
0
0
0
0
0
0
0
0
0
0
3.71857e-06
1.38305e-05
7.94561e-06
0
0
0
0
0
0
0
0
0
0
0
0
0
0
0
0
0
0
0
0
0
0
0
0
0
0
0
2.24384e-06
9.29014e-06
2.86704e-05
3.83277e-05
3.18684e-05
7.61321e-05
0.00151388
0.0378283
0.174301
0.0869333
0.0347104
0.0137914
0.00399452
0.000870277
5.08714e-05
3.28979e-06
0
0
0
0
0
0
0
0
0
0
0
0
0
0
0
0
0
0
1.45772e-06
4.03529e-06
6.37604e-06
0
0
0
0
0
0
0
0
0
0
0
0
0
0
0
0
0
0
0
0
0
0
0
0
0
0
0
2.34726e-06
5.57735e-06
1.74778e-05
1.83178e-05
3.62883e-05
4.69127e-05
0.00147806
0.0155854
0.0528205
0.0408311
0.0185122
0.00896001
0.00279267
0.000408656
2.09664e-05
2.82744e-06
0
0
0
0
0
0
0
0
0
0
0
0
0
0
0
0
0
0
0
2.7002e-06
4.10265e-06
0
0
0
0
0
0
0
0
0
0
0
0
0
0
0
0
0
0
0
0
0
0
0
0
0
0
0
2.29413e-06
6.65881e-06
1.13058e-05
2.11458e-05
2.16361e-05
8.40837e-05
0.00200405
0.010761
0.0287768
0.0218868
0.0124045
0.00554713
0.00159451
0.000133697
1.11568e-05
1.40125e-06
0
0
0
0
0
0
0
0
0
0
0
0
0
0
0
0
0
0
0
0
1.31099e-06
0
0
0
0
0
0
0
0
0
0
0
0
0
0
0
0
0
0
0
0
0
0
0
0
0
0
0
1.87681e-06
2.90246e-06
8.74979e-06
1.19439e-05
1.06904e-05
0.000124195
0.00287956
0.0112448
0.0158006
0.0115923
0.0062048
0.00227131
0.00046262
3.29202e-05
6.11099e-06
1.22045e-06
0
0
0
0
0
0
0
0
0
0
0
0
0
0
0
0
0
0
0
0
0
0
0
0
0
0
0
0
0
0
0
0
0
0
0
0
0
0
0
0
0
0
0
0
0
0
0
0
0
0
2.13539e-06
2.54551e-06
6.68397e-06
0.000405319
0.00382404
0.00713596
0.00702444
0.00396087
0.00178998
0.000575682
2.06122e-05
6.85256e-06
3.23603e-06
0
0
0
0
0
0
0
0
0
0
0
0
0
0
0
0
0
0
0
0
0
0
0
0
0
0
0
0
0
0
0
0
0
0
0
0
0
0
0
0
0
0
0
0
0
0
0
0
0
0
0
0
1.03166e-06
6.22633e-06
0.000164139
0.000712954
0.00116813
0.0024475
0.00144715
0.000293795
6.01337e-05
4.90128e-06
3.71865e-06
1.33645e-06
0
0
0
0
0
0
0
0
0
0
0
0
0
0
0
0
0
0
0
0
0
0
0
0
0
0
0
0
0
0
0
0
0
0
0
0
0
0
0
0
0
0
0
0
0
0
0
0
0
0
0
0
0
1.64819e-06
7.77256e-06
3.90119e-05
0.000356899
0.00151356
0.000340179
3.41908e-05
7.83106e-06
2.47659e-06
1.53847e-06
0
0
0
0
0
0
0
0
0
0
0
0
0
0
0
0
0
0
0
0
0
0
0
0
0
0
0
0
0
0
0
0
0
0
0
0
0
0
0
0
0
0
0
0
0
0
0
0
0
0
0
0
0
0
0
1.2682e-06
1.21241e-05
0.000256697
0.000714125
2.68297e-05
3.27522e-06
0
0
0
0
0
0
0
0
0
0
0
0
0
0
0
0
0
0
0
0
0
0
0
0
0
0
0
0
0
0
0
0
0
0
0
0
0
0
0
0
0
0
0
0
0
0
0
0
0
0
0
0
0
0
0
0
0
0
0
0
5.96408e-05
6.06785e-05
1.37096e-06
0
0
0
0
0
0
0
0
0
0
0
0
0
0
0
0
0
0
0
0
0
0
0
0
0
0
0
0
0
0
0
0
0
0
0
0
0
0
0
0
0
0
0
0
0
0
0
0
0
0
0
0
0
0
0
0
0
0
0
0
0
0
0
0
0
0
0
0
0
0
0
0
0
0
0
0
0
0
0
0
0
0
0
0
0
0
0
0
0
0
0
0
0
0
0
0
0
0
0
0
0
0
0
0
0
0
0
0
0
0
0
0
0
0
0
0
0
0
0
0
0
0
0
0
0
0
0
0
0
0
0
0
0
0
0
0
0
0
0
0
0
0
0
0
0
0
0
0
0
0
0
0
0
0
0
0
0
0
0
0
0
0
0
0
0
0
0
0
0
0
0
0
0
0
0
0
0
0
0
0
0
0
0
0
0
0
0
0
0
0
0
0
0
0
0
0
0
0
0
0
0
0
0
0
0
0
0
0
0
0
0
0
0
0
0
0
0
0
0
0
0
0
0
0
0
0
0
0
0
0
0
0
0
0
0
0
0
0
0
0
0
0
0
0
0
0
0
0
0
0
0
0
0
0
0
0
0
0
0
0
0
0
0
0
0
0
0
0
0
0
0
0
0
0
0
0
0
0
0
0
0
0
0
0
0
0
0
0
0
0
0
0
0
0
0
0
0
0
0
0
0
0
0
0
0
0
0
0
0
0
0
0
0
0
0
0
0
0
0
0
0
0
0
0
0
0
0
0
0
0
0
0
0
0
0
0
0
0
0
0
0
0
0
0
0
0
0
0
0
0
0
0
0
0
0
0
0
0
0
0
0
0
0
0
0
0
0
0
0
0
0
0
0
0
0
0
0
0
0
0
0
0
0
0
0
0
0
0
0
0
0
0
0
0
0
0
0
0
0
0
0
0
0
0
0
0
0
0
0
0
0
0
0
0
0
0
0
0
0
0
0
0
0
0
0
0
0
0
0
0
0
0
0
0
0
0
0
0
0
0
0
0
0
0
0
0
0
0
0
0
0
0
0
0
0
0
0
0
0
0
0
0
0
0
0
0
0
0
0
0
0
0
0
0
0
0
0
0
0
0
0
0
0
0
0
0
0
0
0
0
0
0
0
0
0
0
0
0
0
0
0
0
0
0
0
0
0
0
0
0
0
0
0
0
0
0
0
0
0
0
0
0
0
0
0
0
0
0
0
0
0
0
0
0
0
0
0
0
0
0
0
0
0
0
0
0
0
0
0
0
0
0
0
0
0
0
0
0
0
0
0
0
0
0
0
0
0
0
0
0
0
0
0
0
0
0
0
0
0
0
0
0
0
0
0
0
0
0
0
0
0
0
0
0
0
0
0
0
0
0
0
0
0
0
0
0
0
0
0
0
0
0
0
0
0
0
0
0
0
0
0
0
0
0
0
0
0
0
0
0
0
0
0
0
0
0
0
0
0
0
0
0
0
0
0
0
0
0
0
0
0
0
0
0
0
0
0
0
0
0
0
0
0
0
0
0
0
0
0
0
0
0
0
0
0
0
0
0
0
0
0
0
0
0
0
0
0
0
0
0
0
0
0
0
0
0
0
0
0
0
0
0
0
0
0
0
0
0
0
0
0
0
0
0
0
0
0
0
0
0
0
0
0
0
0
0
0
0
0
0
0
0
0
0
0
0
0
0
0
0
0
0
0
0
0
0
0
0
0
0
0
0
0
0
0
0
0
0
0
0
0
0
0
0
0
0
0
0
0
0
0
0
0
0
0
0
0
0
0
0
0
0
0
0
0
0
0
0
0
0
0
0
0
0
0
0
0
0
0
0
0
0
0
0
0
0
0
0
0
0
0
0
0
0
0
0
0
0
0
0
0
0
0
0
0
0
0
0
0
0
0
0
0
0
0
0
0
0
0
0
0
0
0
0
0
0
0
0
0
0
0
0
0
0
0
0
0
0
0
0
0
0
0
0
0
0
0
0
0
0
0
0
0
0
0
0
0
0
0
0
0
0
0
0
0
0
0
0
0
0
0
0
0
0
0
0
0
0
0
0
0
0
0
0
0
0
0
0
0
0
0
0
0
0
0
0
0
0
0
0
0
0
0
0
0
0
0
0
0
0
0
0
0
0
0
0
0
0
0
0
0
0
0
0
0
0
0
0
0
0
0
0
0
0
0
0
0
0
0
0
0
0
0
0
0
0
0
0
0
0
0
0
0
0
0
0
0
0
0
0
0
0
0
0
0
0
0
0
0
0
0
0
0
0
0
0
0
0
0
0
0
0
0
0
0
0
0
0
0
0
0
0
0
0
0
0
0
0
0
0
0
0
0
0
0
0
0
0
0
0
0
0
0
0
0
0
0
0
0
0
0
0
0
0
0
0
0
0
0
0
0
0
0
0
0
0
0
0
0
0
0
0
0
0
0
0
0
0
0
0
0
0
0
0
0
0
0
0
0
0
0
0
0
0
0
0
0
0
0
0
0
0
0
0
0
0
0
0
0
0
0
0
0
0
0
0
0
0
0
0
0
0
0
0
0
0
0
0
0
0
0
0
0
0
0
0
0
0
0
0
0
0
0
0
0
0
0
0
0
0
0
0
0
0
0
0
0
0
0
0
0
0
0
0
0
0
0
0
0
0
0
0
0
0
0
0
0
0
0
0
0
0
0
0
0
0
0
0
0
0
0
0
0
0
0
0
0
0
0
0
0
0
0
0
0
0
0
0
0
0
0
0
0
0
0
0
0
0
0
0
0
0
0
0
0
0
0
0
0
0
0
0
0
0
0
0
0
0
0
0
0
0
0
0
0
0
0
0
0
0
0
0
0
0
0
0
0
0
0
0
0
0
0
0
0
0
0
0
0
0
0
0
0
0
0
0
0
0
0
0
0
0
0
0
0
0
0
0
0
0
0
0
0
0
0
0
0
0
0
0
0
0
0
0
0
0
0
0
0
0
0
0
0
0
0
0
0
0
0
0
0
0
0
0
0
0
0
0
0
0
0
0
0
0
0
0
0
0
0
0
0
0
0
0
0
0
0
0
0
0
0
0
0
0
0
0
0
0
0
0
0
0
0
0
0
0
0
0
0
0
0
0
0
0
0
0
0
0
0
0
0
0
0
0
0
0
0
0
0
0
0
0
0
0
0
0
0
0
0
0
0
0
0
0
0
0
0
0
0
0
0
0
0
0
0
0
0
0
0
0
0
0
0
0
0
0
0
0
0
0
0
0
0
0
0
0
0
0
0
0
0
0
0
0
0
0
0
0
0
0
0
0
0
0
0
0
0
0
0
0
0
0
0
0
0
0
0
0
0
0
0
0
0
0
0
0
0
0
0
0
0
0
0
0
0
0
0
0
0
0
0
0
0
0
0
0
0
0
0
0
0
0
0
0
0
0
0
0
0
0
0
0
0
0
0
0
0
0
0
0
0
0
0
0
0
0
0
0
0
0
0
0
0
0
0
0
0
0
0
0
0
0
0
0
0
0
0
0
0
0
0
0
0
0
0
0
0
0
0
0
0
0
0
0
0
0
0
0
0
0
0
0
0
0
0
0
0
0
0
0
0
0
0
0
0
0
0
0
0
0
0
0
0
0
0
0
0
0
0
0
0
0
0
0
0
0
0
0
0
0
0
0
0
0
0
0
0
0
0
0
0
0
0
0
0
0
0
0
0
0
0
0
0
0
0
0
0
0
0
0
0
0
0
0
0
0
0
0
0
0
0
0
0
0
0
0
0
0
0
0
0
0
0
0
0
0
0
0
0
0
0
0
0
0
0
0
0
0
0
0
0
0
0
0
0
0
0
0
0
0
0
0
0
0
0
0
0
0
0
0
0
0
0
0
0
0
0
0
0
0
0
0
0
0
0
0
0
0
0
0
0
0
0
0
0
0
0
0
0
0
0
0
0
0
0
0
0
0
0
0
0
0
0
0
0
0
0
0
0
0
0
0
0
0
0
0
0
0
0
0
0
0
0
0
0
0
0
0
0
0
0
0
0
0
0
0
0
0
0
0
0
0
0
0
0
0
0
0
0
0
0
0
0
0
0
0
0
0
0
0
0
0
0
0
0
0
0
0
0
0
0
0
0
0
0
0
0
0
0
0
0
0
0
0
0
0
0
0
0
0
0
0
0
0
0
0
0
0
0
0
0
0
0
0
0
0
0
0
0
0
0
0
0
0
0
0
0
0
0
0
0
0
0
0
0
0
0
0
0
0
0
0
0
0
0
0
0
0
0
0
0
0
0
0
0
0
0
0
0
0
0
0
0
0
0
0
0
0
0
0
0
0
0
0
0
0
0
0
0
0
0
0
0
0
0
0
0
0
0
0
0
0
0
0
0
0
0
0
0
0
0
0
0
0
0
0
0
0
0
0
0
0
0
0
0
0
0
0
0
0
0
0
0
0
0
0
0
0
0
0
0
0
0
0
0
0
0
0
0
0
0
0
0
0
0
0
0
0
0
0
0
0
0
0
0
0
0
0
0
0
0
0
0
0
0
0
0
0
0
0
0
0
0
0
0
0
0
0
0
0
0
0
0
0
0
0
0
0
0
0
0
0
0
0
0
0
0
0
0
0
0
0
0
0
0
0
0
0
0
0
0
0
0
0
0
0
0
0
0
0
0
0
0
0
0
0
0
0
0
0
0
0
0
0
0
0
0
0
0
0
0
0
0
0
0
0
0
0
0
0
0
0
0
0
0
0
0
0
0
0
0
0
0
0
0
0
0
0
0
0
0
0
0
0
0
0
0
0
0
0
0
0
0
0
0
0
0
0
0
0
0
0
0
0
0
0
0
0
0
0
0
0
0
0
0
0
0
0
0
0
0
0
0
0
0
0
0
0
0
0
0
0
0
0
0
0
0
0
0
0
0
0
0
0
0
0
0
0
0
0
0
0
0
0
0
0
0
0
0
0
0
0
0
0
0
0
0
0
0
0
0
0
0
0
0
0
0
0
0
0
0
0
0
0
0
0
0
0
0
0
0
0
0
0
0
0
0
0
0
0
0
0
0
0
0
0
0
0
0
0
0
0
0
0
0
0
0
0
0
0
0
0
0
0
0
0
0
0
0
0
0
0
0
0
0
0
0
0
0
0
0
0
0
0
0
0
0
0
0
0
0
0
0
0
0
0
0
0
0
0
0
0
0
0
0
0
0
0
0
0
0
0
0
0
0
0
0
0
0
0
0
0
0
0
0
0
0
0
0
0
0
0
0
0
0
0
0
0
0
0
0
0
0
0
0
0
0
0
0
0
0
0
0
0
0
0
0
0
0
0
0
0
0
0
0
0
0
0
0
0
0
0
0
0
0
0
0
0
0
0
0
0
0
0
0
0
0
0
0
0
0
0
0
0
0
0
0
0
0
0
0
0
0
0
0
0
0
0
0
0
0
0
0
0
0
0
0
0
0
0
0
0
0
0
0
0
0
0
0
0
0
0
0
0
0
0
0
0
0
0
0
0
0
0
0
0
0
0
0
0
0
0
0
0
0
0
0
0
0
0
0
0
0
0
0
0
0
0
0
0
0
0
0
0
0
0
0
0
0
0
0
0
0
0
0
0
0
0
0
0
0
0
0
0
0
0
0
0
0
0
0
0
0
0
0
0
0
0
0
0
0
0
0
0
0
0
0
0
0
0
0
0
0
0
0
0
0
0
0
0
0
0
0
0
0
0
0
0
0
0
0
0
0
0
0
0
0
0
0
0
0
0
0
0
0
0
0
0
0
0
0
0
0
0
0
0
0
0
0
0
0
0
0
0
0
0
0
0
0
0
0
0
0
0
0
0
0
0
0
0
0
0
0
0
0
0
0
0
0
0
0
0
0
0
0
0
0
0
0
0
0
0
0
0
0
0
0
0
0
0
0
0
0
0
0
0
0
0
0
0
0
0
0
0
0
0
0
0
0
0
0
0
0
0
0
0
0
0
0
0
0
0
0
0
0
0
0
0
0
0
0
0
0
0
0
0
0
0
0
0
0
0
0
0
0
0
0
0
0
0
0
0
0
0
0
0
0
0
0
0
0
0
0
0
0
0
0
0
0
0
0
0
0
0
0
0
0
0
0
0
0
0
0
0
0
0
0
0
0
0
0
0
0
0
0
0
0
0
0
0
0
0
0
0
0
0
0
0
0
0
0
0
0
0
0
0
0
0
0
0
0
0
0
0
0
0
0
0
0
0
0
0
0
0
0
0
0
0
0
0
0
0
0
0
0
0
0
0
0
0
0
0
0
0
0
0
0
0
0
0
0
0
0
0
0
0
0
0
0
0
0
0
0
0
0
0
0
0
0
0
0
0
0
0
0
0
0
0
0
0
0
0
0
0
0
0
0
0
0
0
0
0
0
0
0
0
0
0
0
0
0
0
0
0
0
0
0
0
0
0
0
0
0
0
0
0
0
0
0
0
0
0
0
0
0
0
0
0
0
0
0
0
0
0
0
0
0
0
0
0
0
0
0
0
0
0
0
0
0
0
0
0
0
0
0
0
0
0
0
0
0
0
0
0
0
0
0
0
0
0
0
0
0
0
0
0
0
0
0
0
0
0
0
0
0
0
0
0
0
0
0
0
0
0
0
0
0
0
0
0
0
0
0
0
0
0
0
0
0
0
0
0
0
0
0
0
0
0
0
0
0
0
0
0
0
0
0
0
0
0
0
0
0
0
0
0
0
0
0
0
0
0
0
0
0
0
0
0
0
0
0
0
0
0
0
0
0
0
0
0
0
0
0
0
0
0
0
0
0
0
0
0
0
0
0
0
0
0
0
0
0
0
0
0
0
0
0
0
0
0
0
0
0
0
0
0
0
0
0
0
0
0
0
0
0
0
0
0
0
0
0
0
0
0
0
0
0
0
0
0
0
0
0
0
0
0
0
0
0
0
0
0
0
0
0
0
0
0
0
0
0
0
0
0
0
0
0
0
0
0
0
0
0
0
0
0
0
0
0
0
0
0
0
0
0
0
0
0
8.33381
7.80639
8.00565
8.59234
9.28948
9.94511
10.2395
10.1268
10.5274
11.331
12.1703
12.9963
11.5265
10.2716
10.2628
12.0527
11.2562
10.01
9.25587
7.76685
6.90489
9.3863
8.85768
8.51282
12.571
11.9052
11.8167
11.7724
15.2767
15.4111
12.7799
11.2201
16.3382
13.5368
13.9752
10.9372
13.651
11.4365
11.9872
12.1846
11.6621
17.6779
7.45874
9.95731
9.67552
9.57884
10.1413
12.2842
11.2425
11.3452
11.4161
12.6561
12.6659
11.8341
11.7398
11.7111
11.6864
9.1573
9.65539
10.8003
11.0598
10.4616
9.58674
8.13649
8.01593
7.74414
8.12653
8.86784
9.33673
9.81626
10.1882
9.8256
10.2823
10.7841
10.7614
11.4386
10.957
10.4332
10.7749
11.3189
11.1504
12.0617
10.0515
9.82405
9.50062
7.28468
9.47995
9.01126
11.6568
10.3163
13.1018
11.8966
13.8217
11.8033
12.0424
8.12345
8.41887
9.5021
12.7782
15.631
7.17825
14.1968
14.3877
17.5338
10.5744
3.51811
8.99132
8.80601
9.16591
9.33748
10.9532
12.1247
11.2305
11.3894
11.7319
12.4747
10.9675
9.69385
9.27109
11.5881
11.5924
9.64269
9.96741
11.0157
10.9521
10.5548
9.82006
8.00853
7.09729
2.0128
8.02124
4.84978
5.91595
6.10524
6.71869
9.02785
5.63552
8.58116
4.90012
5.06516
8.48843
7.75037
9.42488
10.1611
11.752
10.0876
12.9322
9.29812
10.4685
9.53717
10.279
12.4774
14.2991
10.2679
13.2339
11.1895
14.0514
11.7869
12.0527
9.06665
11.3408
8.00109
15.285
10.201
13.6125
14.7323
7.43967
6.99202
9.49688
2.56
10.3379
10.223
7.98331
8.93599
8.5564
11.6128
10.9271
8.13378
4.99916
9.96097
3.05684
1.57029
5.24661
7.60807
10.9971
10.1521
10.6971
11.1458
10.477
10.463
5.47298
6.47549
3.32611
0.290809
4.6629
0.755901
0.745058
0.771208
1.22134
3.65848
1.08276
1.09939
0.368499
0.00916545
1.24855
0.545454
2.21227
6.01019
7.23619
6.22486
8.52429
3.74917
7.99354
5.55567
6.84345
8.62408
2.20609
4.66238
2.12341
1.4983
0.0484395
5.73938
0.85861
8.18064
7.34316
0.0608796
0.999489
0.6213
0.000349102
13.6865
0.00221992
0.0136161
9.05604
0.911309
6.48135
7.01613
5.02218
8.01376
4.12758
8.95462
8.33264
0.720678
0.0795002
2.15759
6.33048e-05
0.000312852
0.63145
2.81891
8.22728
10.0095
11.966
12.1515
8.35868
8.9801
1.83177
4.63067
0.00011232
0.0724188
0.144603
0.120691
0.0446712
0.0316498
0.04831
0.0452462
0.0203102
0.0137054
0.00831302
4.53776e-05
0.00417315
0.000224805
0.00358534
0.161669
0.762881
0.805437
1.07509
0.126862
0.156561
0.358487
0.36405
0.175972
0.414261
0.210546
0.324429
6.42908e-05
4.49208e-05
0.000486972
1.53907e-06
7.27397e-05
3.24804e-06
2.20564e-06
8.21722e-05
0
0
0
0
0
0
0
0.145745
0.144479
0.121345
1.51002
0.290484
0.0683474
0.00689843
2.1566e-06
1.24845e-05
3.88111e-05
2.8772e-05
0.00124274
0.0650935
1.23102
6.13779
10.0253
9.4422
6.83317
3.79977
1.69912
0.636392
0.00916991
0
0.000712962
0.00020477
0.000879312
0
0.000304715
0.000492362
0
0
0
8.24485e-05
1.28664e-06
0
0
4.32933e-06
2.90825e-05
0.00436299
0.00523215
0.00881324
0.00408152
0.0004902
0.000670941
0.000880404
0.000575843
0.000160826
3.71322e-05
0.00685128
0
0
0
0
0
0
0
0
0
0
0
0
0
0
0
0
1.38055e-05
0.0140873
0.0034786
0.00146158
5.49169e-06
1.6949e-06
5.5643e-06
1.47284e-05
2.62245e-05
6.2123e-06
0.00056815
0.0119156
0.727756
4.16844
7.44601
4.45454
1.0547
0.398919
0.0344578
0.0289075
9.37907e-06
0
0
0
0
0
0
0
0
0
0
0
0
0
0
0
0
1.09164e-05
3.29077e-05
9.03819e-05
7.80464e-05
9.90663e-06
0
3.20892e-06
2.74544e-06
0
0
3.07947e-06
0
0
0
0
0
0
0
0
0
0
0
0
0
0
0
0
0
0
0
0
0
1.03284e-06
5.95766e-06
7.60172e-06
7.33749e-06
5.19733e-06
0.000151838
0.00588959
0.471626
1.79253
1.5052
0.694585
0.0820177
0.00479702
0.000879701
0.000115525
8.42712e-06
0
0
0
0
0
0
0
0
0
0
0
0
0
0
0
0
0
2.46075e-06
1.36363e-05
2.69958e-05
1.87817e-05
0
0
0
0
0
0
0
0
0
0
0
0
0
0
0
0
0
0
0
0
0
0
0
0
0
0
0
0
1.57808e-06
4.6824e-06
6.02434e-06
5.80344e-06
3.25565e-05
0.00666184
0.108057
0.339868
0.121986
0.0306976
0.0106343
0.00332035
0.000607154
3.67546e-05
3.55581e-06
0
0
0
0
0
0
0
0
0
0
0
0
0
0
0
0
0
1.0913e-06
5.33928e-06
1.8996e-05
2.11194e-05
0
0
0
0
0
0
0
0
0
0
0
0
0
0
0
0
0
0
0
0
0
0
0
0
0
0
0
1.04879e-06
0
2.04391e-06
4.15518e-06
1.00582e-05
3.4675e-05
0.00208994
0.0276253
0.0775689
0.051196
0.0165003
0.00780154
0.00259423
0.000266476
1.5975e-05
3.05377e-06
0
0
0
0
0
0
0
0
0
0
0
0
0
0
0
0
0
0
2.09614e-06
1.21883e-05
1.29087e-05
1.13794e-06
0
0
0
0
0
0
0
0
0
0
0
0
0
0
0
0
0
0
0
0
0
0
0
0
0
0
1.00807e-06
1.40353e-06
2.34772e-06
4.9276e-06
8.34778e-06
5.99162e-05
0.00178631
0.0189121
0.0315433
0.0300721
0.0115234
0.00545289
0.00150181
8.79511e-05
8.82959e-06
1.46485e-06
0
0
0
0
0
0
0
0
0
0
0
0
0
0
0
0
0
0
0
3.47229e-06
3.55068e-06
0
0
0
0
0
0
0
0
0
0
0
0
0
0
0
0
0
0
0
0
0
0
0
0
0
0
0
1.10246e-06
0
1.86319e-06
3.86639e-06
6.48077e-06
0.000114996
0.00284475
0.0165989
0.0199652
0.01407
0.00863887
0.00309629
0.000613819
2.39307e-05
5.79027e-06
1.48063e-06
0
0
0
0
0
0
0
0
0
0
0
0
0
0
0
0
0
0
0
0
0
0
0
0
0
0
0
0
0
0
0
0
0
0
0
0
0
0
0
0
0
0
0
0
0
0
0
0
0
0
0
1.99149e-06
1.09453e-05
0.00052836
0.00406754
0.00935302
0.00926253
0.00634618
0.00408891
0.00107258
0.000120596
4.62932e-06
3.7602e-06
0
0
0
0
0
1.21411e-06
1.3728e-06
1.43497e-06
0
0
0
0
0
0
0
0
0
0
0
0
0
0
0
0
0
0
0
0
0
0
0
0
0
0
0
0
0
0
0
0
0
0
0
0
0
0
0
0
0
0
0
0
1.04126e-06
2.98084e-05
0.00059031
0.0019525
0.00303564
0.00386618
0.00336564
0.00129566
0.000128988
1.2737e-05
2.53414e-06
1.84865e-06
0
0
0
0
0
1.12334e-06
0
1.1172e-06
0
0
0
0
0
0
0
0
0
0
0
0
0
0
0
0
0
0
0
0
0
0
0
0
0
0
0
0
0
0
0
0
0
0
0
0
0
0
0
0
0
0
0
0
0
2.31355e-06
4.99498e-05
0.000263932
0.000995604
0.00247526
0.00130846
0.000311117
2.78098e-05
2.84737e-06
1.3977e-06
0
0
0
0
0
0
0
0
0
0
0
0
0
0
0
0
0
0
0
0
0
0
0
0
0
0
0
0
0
0
0
0
0
0
0
0
0
0
0
0
0
0
0
0
0
0
0
0
0
0
0
0
0
0
0
3.18598e-06
3.92699e-05
0.0004816
0.00154354
0.000187712
3.02373e-05
4.22009e-06
0
0
0
0
0
0
0
0
0
0
0
0
0
0
0
0
0
0
0
0
0
0
0
0
0
0
0
0
0
0
0
0
0
0
0
0
0
0
0
0
0
0
0
0
0
0
0
0
0
0
0
0
0
0
0
0
0
0
5.75488e-06
0.000138851
0.000183069
6.8907e-06
0
0
0
0
0
0
0
0
0
0
0
0
0
0
0
0
0
0
0
0
0
0
0
0
0
0
0
0
0
0
0
0
0
0
0
0
0
0
0
0
0
0
0
0
0
0
0
0
0
0
0
0
0
0
0
0
0
0
0
0
0
4.01913e-06
6.1047e-06
1.33538e-06
0
0
0
0
0
0
0
0
0
0
0
0
0
0
0
0
0
0
0
0
0
0
0
0
0
0
0
0
0
0
0
0
0
0
0
0
0
0
0
0
0
0
0
0
0
0
0
0
0
0
0
0
0
0
0
0
0
0
0
0
0
0
0
0
0
0
0
0
0
0
0
0
0
0
0
0
0
0
0
0
0
0
0
0
0
0
0
0
0
0
0
0
0
0
0
0
0
0
0
0
0
0
0
0
0
0
0
0
0
0
0
0
0
0
0
0
0
0
0
0
0
0
0
0
0
0
0
0
0
0
0
0
0
0
0
0
0
0
0
0
0
0
0
0
0
0
0
0
0
0
0
0
0
0
0
0
0
0
0
0
0
0
0
0
0
0
0
0
0
0
0
0
0
0
0
0
0
0
0
0
0
0
0
0
0
0
0
0
0
0
0
0
0
0
0
0
0
0
0
0
0
0
0
0
0
0
0
0
0
0
0
0
0
0
0
0
0
0
0
0
0
0
0
0
0
0
0
0
0
0
0
0
0
0
0
0
0
0
0
0
0
0
0
0
0
0
0
0
0
0
0
0
0
0
0
0
0
0
0
0
0
0
0
0
0
0
0
0
0
0
0
0
0
0
0
0
0
0
0
0
0
0
0
0
0
0
0
0
0
0
0
0
0
0
0
0
0
0
0
0
0
0
0
0
0
0
0
0
0
0
0
0
0
0
0
0
0
0
0
0
0
0
0
0
0
0
0
0
0
0
0
0
0
0
0
0
0
0
0
0
0
0
0
0
0
0
0
0
0
0
0
0
0
0
0
0
0
0
0
0
0
0
0
0
0
0
0
0
0
0
0
0
0
0
0
0
0
0
0
0
0
0
0
0
0
0
0
0
0
0
0
0
0
0
0
0
0
0
0
0
0
0
0
0
0
0
0
0
0
0
0
0
0
0
0
0
0
0
0
0
0
0
0
0
0
0
0
0
0
0
0
0
0
0
0
0
0
0
0
0
0
0
0
0
0
0
0
0
0
0
0
0
0
0
0
0
0
0
0
0
0
0
0
0
0
0
0
0
0
0
0
0
0
0
0
0
0
0
0
0
0
0
0
0
0
0
0
0
0
0
0
0
0
0
0
0
0
0
0
0
0
0
0
0
0
0
0
0
0
0
0
0
0
0
0
0
0
0
0
0
0
0
0
0
0
0
0
0
0
0
0
0
0
0
0
0
0
0
0
0
0
0
0
0
0
0
0
0
0
0
0
0
0
0
0
0
0
0
0
0
0
0
0
0
0
0
0
0
0
0
0
0
0
0
0
0
0
0
0
0
0
0
0
0
0
0
0
0
0
0
0
0
0
0
0
0
0
0
0
0
0
0
0
0
0
0
0
0
0
0
0
0
0
0
0
0
0
0
0
0
0
0
0
0
0
0
0
0
0
0
0
0
0
0
0
0
0
0
0
0
0
0
0
0
0
0
0
0
0
0
0
0
0
0
0
0
0
0
0
0
0
0
0
0
0
0
0
0
0
0
0
0
0
0
0
0
0
0
0
0
0
0
0
0
0
0
0
0
0
0
0
0
0
0
0
0
0
0
0
0
0
0
0
0
0
0
0
0
0
0
0
0
0
0
0
0
0
0
0
0
0
0
0
0
0
0
0
0
0
0
0
0
0
0
0
0
0
0
0
0
0
0
0
0
0
0
0
0
0
0
0
0
0
0
0
0
0
0
0
0
0
0
0
0
0
0
0
0
0
0
0
0
0
0
0
0
0
0
0
0
0
0
0
0
0
0
0
0
0
0
0
0
0
0
0
0
0
0
0
0
0
0
0
0
0
0
0
0
0
0
0
0
0
0
0
0
0
0
0
0
0
0
0
0
0
0
0
0
0
0
0
0
0
0
0
0
0
0
0
0
0
0
0
0
0
0
0
0
0
0
0
0
0
0
0
0
0
0
0
0
0
0
0
0
0
0
0
0
0
0
0
0
0
0
0
0
0
0
0
0
0
0
0
0
0
0
0
0
0
0
0
0
0
0
0
0
0
0
0
0
0
0
0
0
0
0
0
0
0
0
0
0
0
0
0
0
0
0
0
0
0
0
0
0
0
0
0
0
0
0
0
0
0
0
0
0
0
0
0
0
0
0
0
0
0
0
0
0
0
0
0
0
0
0
0
0
0
0
0
0
0
0
0
0
0
0
0
0
0
0
0
0
0
0
0
0
0
0
0
0
0
0
0
0
0
0
0
0
0
0
0
0
0
0
0
0
0
0
0
0
0
0
0
0
0
0
0
0
0
0
0
0
0
0
0
0
0
0
0
0
0
0
0
0
0
0
0
0
0
0
0
0
0
0
0
0
0
0
0
0
0
0
0
0
0
0
0
0
0
0
0
0
0
0
0
0
0
0
0
0
0
0
0
0
0
0
0
0
0
0
0
0
0
0
0
0
0
0
0
0
0
0
0
0
0
0
0
0
0
0
0
0
0
0
0
0
0
0
0
0
0
0
0
0
0
0
0
0
0
0
0
0
0
0
0
0
0
0
0
0
0
0
0
0
0
0
0
0
0
0
0
0
0
0
0
0
0
0
0
0
0
0
0
0
0
0
0
0
0
0
0
0
0
0
0
0
0
0
0
0
0
0
0
0
0
0
0
0
0
0
0
0
0
0
0
0
0
0
0
0
0
0
0
0
0
0
0
0
0
0
0
0
0
0
0
0
0
0
0
0
0
0
0
0
0
0
0
0
0
0
0
0
0
0
0
0
0
0
0
0
0
0
0
0
0
0
0
0
0
0
0
0
0
0
0
0
0
0
0
0
0
0
0
0
0
0
0
0
0
0
0
0
0
0
0
0
0
0
0
0
0
0
0
0
0
0
0
0
0
0
0
0
0
0
0
0
0
0
0
0
0
0
0
0
0
0
0
0
0
0
0
0
0
0
0
0
0
0
0
0
0
0
0
0
0
0
0
0
0
0
0
0
0
0
0
0
0
0
0
0
0
0
0
0
0
0
0
0
0
0
0
0
0
0
0
0
0
0
0
0
0
0
0
0
0
0
0
0
0
0
0
0
0
0
0
0
0
0
0
0
0
0
0
0
0
0
0
0
0
0
0
0
0
0
0
0
0
0
0
0
0
0
0
0
0
0
0
0
0
0
0
0
0
0
0
0
0
0
0
0
0
0
0
0
0
0
0
0
0
0
0
0
0
0
0
0
0
0
0
0
0
0
0
0
0
0
0
0
0
0
0
0
0
0
0
0
0
0
0
0
0
0
0
0
0
0
0
0
0
0
0
0
0
0
0
0
0
0
0
0
0
0
0
0
0
0
0
0
0
0
0
0
0
0
0
0
0
0
0
0
0
0
0
0
0
0
0
0
0
0
0
0
0
0
0
0
0
0
0
0
0
0
0
0
0
0
0
0
0
0
0
0
0
0
0
0
0
0
0
0
0
0
0
0
0
0
0
0
0
0
0
0
0
0
0
0
0
0
0
0
0
0
0
0
0
0
0
0
0
0
0
0
0
0
0
0
0
0
0
0
0
0
0
0
0
0
0
0
0
0
0
0
0
0
0
0
0
0
0
0
0
0
0
0
0
0
0
0
0
0
0
0
0
0
0
0
0
0
0
0
0
0
0
0
0
0
0
0
0
0
0
0
0
0
0
0
0
0
0
0
0
0
0
0
0
0
0
0
0
0
0
0
0
0
0
0
0
0
0
0
0
0
0
0
0
0
0
0
0
0
0
0
0
0
0
0
0
0
0
0
0
0
0
0
0
0
0
0
0
0
0
0
0
0
0
0
0
0
0
0
0
0
0
0
0
0
0
0
0
0
0
0
0
0
0
0
0
0
0
0
0
0
0
0
0
0
0
0
0
0
0
0
0
0
0
0
0
0
0
0
0
0
0
0
0
0
0
0
0
0
0
0
0
0
0
0
0
0
0
0
0
0
0
0
0
0
0
0
0
0
0
0
0
0
0
0
0
0
0
0
0
0
0
0
0
0
0
0
0
0
0
0
0
0
0
0
0
0
0
0
0
0
0
0
0
0
0
0
0
0
0
0
0
0
0
0
0
0
0
0
0
0
0
0
0
0
0
0
0
0
0
0
0
0
0
0
0
0
0
0
0
0
0
0
0
0
0
0
0
0
0
0
0
0
0
0
0
0
0
0
0
0
0
0
0
0
0
0
0
0
0
0
0
0
0
0
0
0
0
0
0
0
0
0
0
0
0
0
0
0
0
0
0
0
0
0
0
0
0
0
0
0
0
0
0
0
0
0
0
0
0
0
0
0
0
0
0
0
0
0
0
0
0
0
0
0
0
0
0
0
0
0
0
0
0
0
0
0
0
0
0
0
0
0
0
0
0
0
0
0
0
0
0
0
0
0
0
0
0
0
0
0
0
0
0
0
0
0
0
0
0
0
0
0
0
0
0
0
0
0
0
0
0
0
0
0
0
0
0
0
0
0
0
0
0
0
0
0
0
0
0
0
0
0
0
0
0
0
0
0
0
0
0
0
0
0
0
0
0
0
0
0
0
0
0
0
0
0
0
0
0
0
0
0
0
0
0
0
0
0
0
0
0
0
0
0
0
0
0
0
0
0
0
0
0
0
0
0
0
0
0
0
0
0
0
0
0
0
0
0
0
0
0
0
0
0
0
0
0
0
0
0
0
0
0
0
0
0
0
0
0
0
0
0
0
0
0
0
0
0
0
0
0
0
0
0
0
0
0
0
0
0
0
0
0
0
0
0
0
0
0
0
0
0
0
0
0
0
0
0
0
0
0
0
0
0
0
0
0
0
0
0
0
0
0
0
0
0
0
0
0
0
0
0
0
0
0
0
0
0
0
0
0
0
0
0
0
0
0
0
0
0
0
0
0
0
0
0
0
0
0
0
0
0
0
0
0
0
0
0
0
0
0
0
0
0
0
0
0
0
0
0
0
0
0
0
0
0
0
0
0
0
0
0
0
0
0
0
0
0
0
0
0
0
0
0
0
0
0
0
0
0
0
0
0
0
0
0
0
0
0
0
0
0
0
0
0
0
0
0
0
0
0
0
0
0
0
0
0
0
0
0
0
0
0
0
0
0
0
0
0
0
0
0
0
0
0
0
0
0
0
0
0
0
0
0
0
0
0
0
0
0
0
0
0
0
0
0
0
0
0
0
0
0
0
0
0
0
0
0
0
0
0
0
0
0
0
0
0
0
0
0
0
0
0
0
0
0
0
0
0
0
0
0
0
0
0
0
0
0
0
0
0
0
0
0
0
0
0
0
0
0
0
0
0
0
0
0
0
0
0
0
0
0
0
0
0
0
0
0
0
0
0
0
0
0
0
0
0
0
0
0
0
0
0
0
0
0
0
0
0
0
0
0
0
0
0
0
0
0
0
0
0
0
0
0
0
0
0
0
0
0
0
0
0
0
0
0
0
0
0
0
0
0
0
0
0
0
0
0
0
0
0
0
0
0
0
0
0
0
0
0
0
0
0
0
0
0
0
0
0
0
0
0
0
0
0
0
0
0
0
0
0
0
0
0
0
0
0
0
0
0
0
0
0
0
0
0
0
0
0
0
0
0
0
0
0
0
0
0
0
0
0
0
0
0
0
0
0
0
0
0
0
0
0
0
0
0
0
0
0
0
0
0
0
0
0
0
0
0
0
0
0
0
0
0
0
0
0
0
0
0
0
0
0
0
0
0
0
0
0
0
0
0
0
0
0
0
0
0
0
0
0
0
0
0
0
0
0
0
0
0
0
0
0
0
0
0
0
0
0
0
0
0
0
0
0
0
0
0
0
0
0
0
0
0
0
0
0
0
0
0
0
0
0
0
0
0
0
0
0
0
0
0
0
0
0
0
0
0
0
0
0
0
0
0
0
0
0
0
0
0
0
0
0
0
0
0
0
0
0
0
0
0
0
0
0
0
0
0
0
0
0
0
0
0
0
0
0
0
0
0
0
0
0
0
0
0
0
0
0
0
0
0
0
0
0
0
0
0
0
0
0
0
0
0
0
0
0
0
0
0
0
0
0
0
0
0
0
0
0
0
0
0
0
0
0
0
0
0
0
0
0
0
0
0
0
0
0
0
0
0
0
0
0
0
0
0
0
0
0
0
0
0
0
0
0
0
0
0
0
0
0
0
0
0
0
0
0
0
0
0
0
0
0
0
0
0
0
0
0
0
0
0
0
0
0
0
0
0
0
0
0
0
0
0
0
0
0
0
0
0
0
0
0
0
0
0
0
0
0
0
0
0
0
0
0
0
0
0
0
0
0
0
0
0
0
0
0
0
0
0
0
0
0
0
0
0
0
0
0
0
0
0
0
0
0
0
0
0
0
0
0
0
0
0
0
0
0
0
0
0
0
0
0
0
0
0
0
0
0
0
0
0
0
0
0
0
0
0
0
0
0
0
0
0
0
0
0
0
0
0
0
0
0
0
0
0
0
0
0
0
0
0
0
0
0
0
0
0
0
0
0
0
0
0
0
0
0
0
0
0
0
0
0
0
0
0
0
0
0
0
0
0
0
0
0
0
0
0
0
0
0
0
0
0
0
0
0
0
0
0
0
0
0
0
0
0
0
0
0
0
0
0
0
0
0
0
0
0
0
0
0
0
0
0
0
0
0
0
0
0
0
0
0
0
0
0
0
0
0
0
0
0
0
0
0
0
0
0
0
0
0
0
0
0
0
0
0
0
0
0
0
0
0
0
0
0
0
0
0
0
0
0
0
0
0
0
0
0
0
0
0
0
0
0
0
0
0
0
0
0
0
0
0
0
0
0
0
0
0
0
0
0
0
0
0
0
0
0
0
0
0
0
8.3022
8.03147
8.62811
9.35498
9.85677
10.3714
10.1139
8.86608
10.4255
11.4078
11.6486
12.5979
11.5433
10.6799
13.2533
9.61207
9.2746
9.59608
10.2476
8.45894
12.0753
9.56602
10.1887
9.04052
11.7683
11.4072
12.5552
10.1496
9.93847
11.0581
14.4677
8.55624
11.1703
18.3497
12.2643
10.5919
12.1701
8.09172
9.19878
12.5557
11.5088
12.3696
7.34458
8.41233
11.115
9.12737
10.6174
11.4022
11.0375
11.4323
11.7881
12.3143
12.63
12.0424
11.8127
11.2341
9.66125
8.20098
9.92963
12.136
10.6408
10.132
9.39626
8.17399
7.98754
7.94894
8.93446
9.82468
10.1897
10.0972
10.2958
9.36551
9.98215
10.6018
10.923
11.9619
11.47
10.7263
12.7585
11.3329
11.3125
10.8083
10.4113
9.28094
12.5232
16.0365
10.5925
14.4482
10.6683
15.4071
13.4191
13.7409
9.96493
7.20819
4.94959
9.19671
5.97715
3.73985
6.20466
13.353
8.31629
7.34695
7.741
20.0168
10.7016
16.8348
8.99428
11.0162
8.52272
9.70751
10.7557
11.6897
11.3276
11.7033
11.5795
12.2069
11.8342
11.7514
11.983
11.0962
9.5548
8.53229
9.94051
11.8253
10.6713
10.3503
9.56181
7.96829
6.16024
3.38784
6.76971
7.95387
7.73541
8.4406
5.58705
6.68559
9.31713
4.44748
8.42914
8.96164
9.70397
8.38041
10.2417
9.97371
10.9586
10.9312
14.5339
12.375
16.2215
18.9597
12.699
14.8052
10.3537
11.8847
9.42915
10.705
9.48314
9.61878
14.8782
19.2296
8.30814
15.0355
3.41501
13.9778
7.09702
15.1858
0.731765
0.585383
15.1495
8.89934
4.63879
10.086
9.76361
9.71884
10.2812
10.1192
11.4623
8.74741
6.97753
5.24702
7.15752
5.30618
5.06211
10.6759
9.84004
9.64952
10.7604
11.7936
10.2743
8.38896
5.87577
6.66654
1.91779
0.586999
1.74056
3.17728
2.31879
3.24863
1.24252
1.84353
4.56297
0.253894
1.14885
2.5583
1.67947
1.064
3.94424
4.53604
7.21851
5.44542
9.57186
2.24743
5.23334
7.48459
8.11672
2.45538
2.48808
3.47533
4.4136
0.980355
3.55259
0.174096
7.50623
15.2245
12.8985
0.026617
2.1462
4.99225
0.106252
0.559549
0.0522355
0
1.79386
9.55931
3.86113
7.29126
7.91716
6.03258
6.48105
4.10316
9.58234
1.73831
0.78406
0.220554
0.682806
0.145944
1.5212
10.0594
10.215
9.77553
10.8508
10.557
8.70517
3.42661
1.00069
4.59272
0.000292043
0.104481
0.147939
0.441492
0.167688
0.229343
0.190787
0.212791
0.222002
0.043638
0.0472633
0.0306554
0.000282339
0.00221265
0.170339
0.407219
0.659486
0.947245
1.4186
0.476541
0.53637
0.488442
1.07887
0.184158
0.0179375
0.0535035
0.000155255
0.000112926
1.05864e-05
0
0
0
0.000310542
0.000107523
0
0
0
0
0
0
0.043501
0.665531
0.309233
1.05928
1.03574
0.542876
0.548016
0.0839715
0.0227102
0.00177797
0.0024825
2.84722e-06
1.03319e-05
0.107315
0.845785
5.19105
7.43964
8.85125
11.0736
6.66481
3.20755
0.666068
0.341811
0.00638126
0
0.000871025
0.00110648
0.00135356
0
0
0.00497056
0.0036125
2.20185e-05
0.00238906
0.00163757
8.84481e-06
2.59297e-06
5.13944e-06
2.73305e-05
0.00286052
0.00835578
0.0128179
0.0243744
0.0322961
0.0197366
0.028651
0.0174054
0.00626128
6.61832e-05
3.77838e-05
5.8434e-06
0
0
0
0
0
0
0
0
0
0
0
0
0
0
0
0.0131008
0.00118097
0.00521844
0.00697093
0.00636992
0.00019025
3.21422e-06
0
1.00204e-06
2.38806e-06
1.14174e-06
0.034066
0.24405
2.56706
4.44755
5.94655
4.13641
1.18418
0.152504
0.0235749
0.0188052
8.58867e-06
0
0
0
0
0
0
0
0
0
0
1.02542e-06
1.79276e-06
2.04759e-06
0
1.34943e-06
1.17404e-05
3.48358e-05
0.000104033
0.000219491
0.000232568
0.000139653
0.000153675
8.47085e-05
7.51483e-05
1.85794e-05
4.08598e-06
1.77842e-06
0
0
0
0
0
0
0
0
0
0
0
0
0
0
0
0
0
0
0
0
0
0
0
0
0
1.51457e-06
0.00581612
0.0555877
0.920107
2.04997
0.762768
0.499214
0.0401041
0.00222877
0.000404143
7.14033e-05
7.54798e-06
0
0
0
0
0
0
0
0
0
0
0
0
0
0
0
0
2.56304e-06
7.18896e-06
2.89926e-05
8.64672e-05
6.33749e-05
2.426e-06
1.25242e-06
3.52221e-06
4.15687e-06
0
0
0
0
0
0
0
0
0
0
0
0
0
0
0
0
0
0
0
0
0
0
0
0
0
0
0
1.55014e-06
0.0011125
0.0209987
0.326731
0.33165
0.065567
0.021307
0.00751555
0.00182527
0.000260155
2.06588e-05
3.89678e-06
0
0
0
0
0
0
0
0
0
0
0
0
0
0
0
0
0
4.61642e-06
1.28698e-05
5.92151e-05
0.00010038
1.0982e-05
0
0
0
0
0
0
0
0
0
0
0
0
0
0
0
0
0
0
0
0
0
0
0
0
0
0
0
0
0
0
2.15957e-06
0.000235429
0.00563358
0.0355532
0.0531542
0.0393371
0.0152582
0.00583734
0.00143314
0.000123423
1.06676e-05
3.1183e-06
0
0
0
0
0
0
0
0
0
0
0
0
0
0
0
0
0
1.42075e-06
7.46611e-06
2.92672e-05
5.35423e-05
7.11453e-06
0
0
0
0
0
0
0
0
0
0
0
0
0
0
0
0
0
0
0
0
0
0
0
0
0
0
0
0
0
1.52618e-06
3.11909e-06
0.000111316
0.00207049
0.00753926
0.0205116
0.0269238
0.0108755
0.00426525
0.000909492
4.12603e-05
6.70401e-06
1.59169e-06
0
0
0
0
0
0
1.09388e-06
1.23293e-06
0
0
0
0
0
0
0
0
0
0
2.49718e-06
8.99532e-06
8.16773e-06
2.80683e-06
0
0
0
0
0
0
0
0
0
0
0
0
0
0
0
0
0
0
0
0
0
0
0
0
0
0
0
0
0
2.07138e-06
3.37745e-06
0.000142361
0.00301737
0.0108271
0.0214559
0.0150249
0.00849341
0.00236669
0.000392857
6.05046e-06
5.09838e-06
1.51564e-06
0
0
0
0
1.29057e-06
1.92901e-06
2.50485e-06
3.40435e-06
2.89639e-06
0
0
0
0
0
0
0
0
0
0
0
1.92884e-06
0
0
0
0
0
0
0
0
0
0
0
0
0
0
0
0
0
0
0
0
0
0
0
0
0
0
0
0
0
0
1.15611e-06
6.6256e-06
0.000485311
0.00461047
0.0129032
0.0117629
0.00743527
0.00430092
0.0011814
5.91721e-05
3.04158e-06
3.57667e-06
0
0
0
0
1.93434e-06
3.40041e-06
5.59586e-06
4.92502e-06
5.6659e-06
5.49745e-06
0
0
0
0
0
0
0
0
0
0
0
0
0
0
0
0
0
0
0
0
0
0
0
0
0
0
0
0
0
0
0
0
0
0
0
0
0
0
0
0
0
0
0
2.13859e-05
0.000802089
0.00382461
0.00568456
0.00559959
0.00412011
0.00131318
0.000288538
1.06422e-05
2.04895e-06
1.83078e-06
0
0
0
0
2.30917e-06
4.43014e-06
5.59761e-06
7.08998e-06
7.48189e-06
6.72086e-06
0
0
0
0
0
0
0
0
0
0
0
0
0
0
0
0
0
0
0
0
0
0
0
0
0
0
0
0
0
0
0
0
0
0
0
0
0
0
0
0
0
0
0
1.66866e-05
0.000419008
0.00143963
0.00241999
0.00348353
0.00191684
0.000342737
5.60163e-05
3.37874e-06
1.19299e-06
0
0
0
0
0
0
1.52317e-06
2.55323e-06
2.62692e-06
3.76135e-06
3.53621e-06
0
0
0
0
0
0
0
0
0
0
0
0
0
0
0
0
0
0
0
0
0
0
0
0
0
0
0
0
0
0
0
0
0
0
0
0
0
0
0
0
0
0
0
0
2.46048e-05
0.000286662
0.00149652
0.00219606
0.000360694
6.67673e-05
7.84976e-06
0
0
0
0
0
0
0
0
0
0
0
0
0
0
0
0
0
0
0
0
0
0
0
0
0
0
0
0
0
0
0
0
0
0
0
0
0
0
0
0
0
0
0
0
0
0
0
0
0
0
0
0
0
0
0
0
0
2.55678e-06
5.24577e-05
0.000436211
0.000391468
2.40163e-05
2.44417e-06
0
0
0
0
0
0
0
0
0
0
0
0
0
0
0
0
0
0
0
0
0
0
0
0
0
0
0
0
0
0
0
0
0
0
0
0
0
0
0
0
0
0
0
0
0
0
0
0
0
0
0
0
0
0
0
0
0
0
0
5.06651e-06
3.58204e-05
3.47335e-05
5.84093e-06
0
0
0
0
0
0
0
0
0
0
0
0
0
0
0
0
0
0
0
0
0
0
0
0
0
0
0
0
0
0
0
0
0
0
0
0
0
0
0
0
0
0
0
0
0
0
0
0
0
0
0
0
0
0
0
0
0
0
0
0
1.30611e-06
3.34029e-06
5.08826e-06
0
0
0
0
0
0
0
0
0
0
0
0
0
0
0
0
0
0
0
0
0
0
0
0
0
0
0
0
0
0
0
0
0
0
0
0
0
0
0
0
0
0
0
0
0
0
0
0
0
0
0
0
0
0
0
0
0
0
0
0
0
0
1.80357e-06
0
0
0
0
0
0
0
0
0
0
0
0
0
0
0
0
0
0
0
0
0
0
0
0
0
0
0
0
0
0
0
0
0
0
0
0
0
0
0
0
0
0
0
0
0
0
0
0
0
0
0
0
0
0
0
0
0
0
0
0
0
0
0
0
0
0
0
0
0
0
0
0
0
0
0
0
0
0
0
0
0
0
0
0
0
0
0
0
0
0
0
0
0
0
0
0
0
0
0
0
0
0
0
0
0
0
0
0
0
0
0
0
0
0
0
0
0
0
0
0
0
0
0
0
0
0
0
0
0
0
0
0
0
0
0
0
0
0
0
0
0
0
0
0
0
0
0
0
0
0
0
0
0
0
0
0
0
0
0
0
0
0
0
0
0
0
0
0
0
0
0
0
0
0
0
0
0
0
0
0
0
0
0
0
0
0
0
0
0
0
0
0
0
0
0
0
0
0
0
0
0
0
0
0
0
0
0
0
0
0
0
0
0
0
0
0
0
0
0
0
0
0
0
0
0
0
0
0
0
0
0
0
0
0
0
0
0
0
0
0
0
0
0
0
0
0
0
0
0
0
0
0
0
0
0
0
0
0
0
0
0
0
0
0
0
0
0
0
0
0
0
0
0
0
0
0
0
0
0
0
0
0
0
0
0
0
0
0
0
0
0
0
0
0
0
0
0
0
0
0
0
0
0
0
0
0
0
0
0
0
0
0
0
0
0
0
0
0
0
0
0
0
0
0
0
0
0
0
0
0
0
0
0
0
0
0
0
0
0
0
0
0
0
0
0
0
0
0
0
0
0
0
0
0
0
0
0
0
0
0
0
0
0
0
0
0
0
0
0
0
0
0
0
0
0
0
0
0
0
0
0
0
0
0
0
0
0
0
0
0
0
0
0
0
0
0
0
0
0
0
0
0
0
0
0
0
0
0
0
0
0
0
0
0
0
0
0
0
0
0
0
0
0
0
0
0
0
0
0
0
0
0
0
0
0
0
0
0
0
0
0
0
0
0
0
0
0
0
0
0
0
0
0
0
0
0
0
0
0
0
0
0
0
0
0
0
0
0
0
0
0
0
0
0
0
0
0
0
0
0
0
0
0
0
0
0
0
0
0
0
0
0
0
0
0
0
0
0
0
0
0
0
0
0
0
0
0
0
0
0
0
0
0
0
0
0
0
0
0
0
0
0
0
0
0
0
0
0
0
0
0
0
0
0
0
0
0
0
0
0
0
0
0
0
0
0
0
0
0
0
0
0
0
0
0
0
0
0
0
0
0
0
0
0
0
0
0
0
0
0
0
0
0
0
0
0
0
0
0
0
0
0
0
0
0
0
0
0
0
0
0
0
0
0
0
0
0
0
0
0
0
0
0
0
0
0
0
0
0
0
0
0
0
0
0
0
0
0
0
0
0
0
0
0
0
0
0
0
0
0
0
0
0
0
0
0
0
0
0
0
0
0
0
0
0
0
0
0
0
0
0
0
0
0
0
0
0
0
0
0
0
0
0
0
0
0
0
0
0
0
0
0
0
0
0
0
0
0
0
0
0
0
0
0
0
0
0
0
0
0
0
0
0
0
0
0
0
0
0
0
0
0
0
0
0
0
0
0
0
0
0
0
0
0
0
0
0
0
0
0
0
0
0
0
0
0
0
0
0
0
0
0
0
0
0
0
0
0
0
0
0
0
0
0
0
0
0
0
0
0
0
0
0
0
0
0
0
0
0
0
0
0
0
0
0
0
0
0
0
0
0
0
0
0
0
0
0
0
0
0
0
0
0
0
0
0
0
0
0
0
0
0
0
0
0
0
0
0
0
0
0
0
0
0
0
0
0
0
0
0
0
0
0
0
0
0
0
0
0
0
0
0
0
0
0
0
0
0
0
0
0
0
0
0
0
0
0
0
0
0
0
0
0
0
0
0
0
0
0
0
0
0
0
0
0
0
0
0
0
0
0
0
0
0
0
0
0
0
0
0
0
0
0
0
0
0
0
0
0
0
0
0
0
0
0
0
0
0
0
0
0
0
0
0
0
0
0
0
0
0
0
0
0
0
0
0
0
0
0
0
0
0
0
0
0
0
0
0
0
0
0
0
0
0
0
0
0
0
0
0
0
0
0
0
0
0
0
0
0
0
0
0
0
0
0
0
0
0
0
0
0
0
0
0
0
0
0
0
0
0
0
0
0
0
0
0
0
0
0
0
0
0
0
0
0
0
0
0
0
0
0
0
0
0
0
0
0
0
0
0
0
0
0
0
0
0
0
0
0
0
0
0
0
0
0
0
0
0
0
0
0
0
0
0
0
0
0
0
0
0
0
0
0
0
0
0
0
0
0
0
0
0
0
0
0
0
0
0
0
0
0
0
0
0
0
0
0
0
0
0
0
0
0
0
0
0
0
0
0
0
0
0
0
0
0
0
0
0
0
0
0
0
0
0
0
0
0
0
0
0
0
0
0
0
0
0
0
0
0
0
0
0
0
0
0
0
0
0
0
0
0
0
0
0
0
0
0
0
0
0
0
0
0
0
0
0
0
0
0
0
0
0
0
0
0
0
0
0
0
0
0
0
0
0
0
0
0
0
0
0
0
0
0
0
0
0
0
0
0
0
0
0
0
0
0
0
0
0
0
0
0
0
0
0
0
0
0
0
0
0
0
0
0
0
0
0
0
0
0
0
0
0
0
0
0
0
0
0
0
0
0
0
0
0
0
0
0
0
0
0
0
0
0
0
0
0
0
0
0
0
0
0
0
0
0
0
0
0
0
0
0
0
0
0
0
0
0
0
0
0
0
0
0
0
0
0
0
0
0
0
0
0
0
0
0
0
0
0
0
0
0
0
0
0
0
0
0
0
0
0
0
0
0
0
0
0
0
0
0
0
0
0
0
0
0
0
0
0
0
0
0
0
0
0
0
0
0
0
0
0
0
0
0
0
0
0
0
0
0
0
0
0
0
0
0
0
0
0
0
0
0
0
0
0
0
0
0
0
0
0
0
0
0
0
0
0
0
0
0
0
0
0
0
0
0
0
0
0
0
0
0
0
0
0
0
0
0
0
0
0
0
0
0
0
0
0
0
0
0
0
0
0
0
0
0
0
0
0
0
0
0
0
0
0
0
0
0
0
0
0
0
0
0
0
0
0
0
0
0
0
0
0
0
0
0
0
0
0
0
0
0
0
0
0
0
0
0
0
0
0
0
0
0
0
0
0
0
0
0
0
0
0
0
0
0
0
0
0
0
0
0
0
0
0
0
0
0
0
0
0
0
0
0
0
0
0
0
0
0
0
0
0
0
0
0
0
0
0
0
0
0
0
0
0
0
0
0
0
0
0
0
0
0
0
0
0
0
0
0
0
0
0
0
0
0
0
0
0
0
0
0
0
0
0
0
0
0
0
0
0
0
0
0
0
0
0
0
0
0
0
0
0
0
0
0
0
0
0
0
0
0
0
0
0
0
0
0
0
0
0
0
0
0
0
0
0
0
0
0
0
0
0
0
0
0
0
0
0
0
0
0
0
0
0
0
0
0
0
0
0
0
0
0
0
0
0
0
0
0
0
0
0
0
0
0
0
0
0
0
0
0
0
0
0
0
0
0
0
0
0
0
0
0
0
0
0
0
0
0
0
0
0
0
0
0
0
0
0
0
0
0
0
0
0
0
0
0
0
0
0
0
0
0
0
0
0
0
0
0
0
0
0
0
0
0
0
0
0
0
0
0
0
0
0
0
0
0
0
0
0
0
0
0
0
0
0
0
0
0
0
0
0
0
0
0
0
0
0
0
0
0
0
0
0
0
0
0
0
0
0
0
0
0
0
0
0
0
0
0
0
0
0
0
0
0
0
0
0
0
0
0
0
0
0
0
0
0
0
0
0
0
0
0
0
0
0
0
0
0
0
0
0
0
0
0
0
0
0
0
0
0
0
0
0
0
0
0
0
0
0
0
0
0
0
0
0
0
0
0
0
0
0
0
0
0
0
0
0
0
0
0
0
0
0
0
0
0
0
0
0
0
0
0
0
0
0
0
0
0
0
0
0
0
0
0
0
0
0
0
0
0
0
0
0
0
0
0
0
0
0
0
0
0
0
0
0
0
0
0
0
0
0
0
0
0
0
0
0
0
0
0
0
0
0
0
0
0
0
0
0
0
0
0
0
0
0
0
0
0
0
0
0
0
0
0
0
0
0
0
0
0
0
0
0
0
0
0
0
0
0
0
0
0
0
0
0
0
0
0
0
0
0
0
0
0
0
0
0
0
0
0
0
0
0
0
0
0
0
0
0
0
0
0
0
0
0
0
0
0
0
0
0
0
0
0
0
0
0
0
0
0
0
0
0
0
0
0
0
0
0
0
0
0
0
0
0
0
0
0
0
0
0
0
0
0
0
0
0
0
0
0
0
0
0
0
0
0
0
0
0
0
0
0
0
0
0
0
0
0
0
0
0
0
0
0
0
0
0
0
0
0
0
0
0
0
0
0
0
0
0
0
0
0
0
0
0
0
0
0
0
0
0
0
0
0
0
0
0
0
0
0
0
0
0
0
0
0
0
0
0
0
0
0
0
0
0
0
0
0
0
0
0
0
0
0
0
0
0
0
0
0
0
0
0
0
0
0
0
0
0
0
0
0
0
0
0
0
0
0
0
0
0
0
0
0
0
0
0
0
0
0
0
0
0
0
0
0
0
0
0
0
0
0
0
0
0
0
0
0
0
0
0
0
0
0
0
0
0
0
0
0
0
0
0
0
0
0
0
0
0
0
0
0
0
0
0
0
0
0
0
0
0
0
0
0
0
0
0
0
0
0
0
0
0
0
0
0
0
0
0
0
0
0
0
0
0
0
0
0
0
0
0
0
0
0
0
0
0
0
0
0
0
0
0
0
0
0
0
0
0
0
0
0
0
0
0
0
0
0
0
0
0
0
0
0
0
0
0
0
0
0
0
0
0
0
0
0
0
0
0
0
0
0
0
0
0
0
0
0
0
0
0
0
0
0
0
0
0
0
0
0
0
0
0
0
0
0
0
0
0
0
0
0
0
0
0
0
0
0
0
0
0
0
0
0
0
0
0
0
0
0
0
0
0
0
0
0
0
0
0
0
0
0
0
0
0
0
0
0
0
0
0
0
0
0
0
0
0
0
0
0
0
0
0
0
0
0
0
0
0
0
0
0
0
0
0
0
0
0
0
0
0
0
0
0
0
0
0
0
0
0
0
0
0
0
0
0
0
0
0
0
0
0
0
0
0
0
0
0
0
0
0
0
0
0
0
0
0
0
0
0
0
0
0
0
0
0
0
0
0
0
0
0
0
0
0
0
0
0
0
0
0
0
0
0
0
0
0
0
0
0
0
0
0
0
0
0
0
0
0
0
0
0
0
0
0
0
0
0
0
0
0
0
0
0
0
0
0
0
0
0
0
0
0
0
0
0
0
0
0
0
0
0
0
0
0
0
0
0
0
0
0
0
0
0
0
0
0
0
0
0
0
0
0
0
0
0
0
0
0
0
0
0
0
0
0
0
0
0
0
0
0
0
0
0
0
0
0
0
0
0
0
0
0
0
0
0
0
0
0
0
0
0
0
0
0
0
0
0
0
0
0
0
0
0
0
0
0
0
0
0
0
0
0
0
0
0
0
0
0
0
0
0
0
0
0
0
0
0
0
0
0
0
0
0
0
0
0
0
0
0
0
0
0
0
0
0
0
0
0
0
0
0
0
0
0
0
0
0
0
0
0
0
0
0
0
0
0
0
0
0
0
0
0
0
0
0
0
0
0
0
0
0
0
0
0
0
0
0
0
0
0
0
0
0
0
0
0
0
0
0
0
0
0
0
0
0
0
0
0
0
0
0
0
0
0
0
0
0
0
0
0
0
0
0
0
0
0
0
0
0
0
0
0
0
0
0
0
0
0
0
0
0
0
0
0
0
0
0
0
0
0
0
0
0
0
0
0
0
0
0
0
0
0
0
0
0
0
0
0
0
0
0
0
0
0
0
0
0
0
0
0
0
0
0
0
0
0
0
0
0
0
0
0
0
0
0
0
0
0
0
0
0
0
0
0
0
0
0
0
0
0
0
0
0
0
0
0
0
0
0
0
0
0
0
0
0
0
0
0
0
0
0
0
0
0
0
0
0
0
0
0
0
0
0
0
0
0
0
0
0
0
0
0
0
0
0
0
0
0
0
0
0
0
0
0
0
0
0
0
0
0
0
0
0
0
0
0
0
0
0
0
0
0
0
0
0
0
0
0
0
0
0
0
0
0
0
0
0
0
0
0
0
0
0
0
0
0
0
0
0
0
0
0
0
0
0
0
0
0
0
0
0
0
0
0
0
0
0
0
0
0
0
0
0
0
0
0
0
0
0
0
0
0
0
0
0
0
0
0
0
0
0
0
0
0
0
0
0
0
0
0
0
0
0
0
0
0
0
0
0
0
0
0
0
0
0
0
0
0
0
0
0
0
0
0
0
0
0
0
0
0
0
0
0
0
0
0
0
0
0
0
0
0
0
0
0
0
0
0
0
0
0
0
0
0
0
0
8.31324
8.3388
9.47205
10.3079
10.7124
10.3199
10.1841
9.16314
10.9337
11.574
11.4696
11.7261
10.126
12.4757
12.717
8.33462
9.42929
9.00199
8.95342
8.92464
10.8693
13.1346
10.1328
10.5196
12.9357
10.6854
15.2719
21.5451
23.5905
11.0714
18.1669
13.4097
8.61596
14.6621
13.7823
9.62238
10.5494
14.1772
7.59112
14.0574
7.79619
12.1862
7.04867
10.387
14.2405
8.6845
8.94652
10.415
10.8472
11.0655
10.9641
11.6958
12.0559
12.0581
11.8683
10.2296
10.0979
9.4294
10.8234
12.8213
10.5459
9.81079
9.12359
8.04113
7.90576
8.15592
9.74378
10.7196
10.6398
10.3109
9.92488
9.41933
10.4166
10.77
10.9395
11.5927
10.4937
11.9588
12.6147
8.98904
9.39671
10.0617
9.77142
10.019
12.2387
12.1858
16.9629
15.3104
11.4967
12.7255
8.67241
2.73518
8.08905
7.10057
11.355
7.82834
12.6712
10.2461
13.1147
8.96452
7.55206
12.4181
11.5855
13.8125
11.0064
10.6745
7.62917
9.82193
11.5068
9.49306
9.18666
10.051
10.7874
11.0867
11.5789
12.1436
12.3296
12.2074
11.7952
10.4113
10.6942
9.07004
11.0202
12.961
10.606
10.0195
9.19454
7.92777
4.74349
4.77837
6.51513
9.73446
8.66166
9.72441
9.15966
9.12917
7.24532
9.44461
6.71586
8.50916
10.4465
9.97338
11.9315
10.5475
10.6694
12.8979
12.335
9.50885
15.3615
9.6483
14.4881
17.3563
14.3534
3.13249
20.3965
10.7492
10.7847
13.2617
12.218
12.7466
6.62809
1.53348
14.0786
8.66735
2.18699
8.96078
8.55609
14.4537
9.29054
5.33354
7.80245
10.9159
10.5732
9.59858
10.5553
9.98397
10.0448
10.7364
9.95724
11.6996
10.5333
11.256
10.7542
10.1965
10.9694
9.67872
11.414
11.755
9.91449
8.04657
5.87147
6.94685
0.825356
1.32836
1.38656
5.35236
3.27817
6.31122
5.83458
7.48987
2.50832
6.64013
0.883322
0.988142
6.30626
2.94874
7.17723
4.61537
8.098
7.15396
5.70483
4.59871
10.691
13.7228
3.49914
3.28691
7.36488
9.42907
0.712027
0.00182447
0.421829
0.388603
2.36722
0.672157
0.557033
0.0650512
1.78427
0.000307571
0
0
0.993685
7.7204
0.365419
7.84353
13.6755
11.7326
11.4979
10.8032
4.16434
8.31407
2.41252
2.50643
1.85657
6.39607
2.3711
4.98619
6.94249
8.7379
10.2326
9.91229
11.516
10.4322
6.46039
1.67891
1.00187
4.68546
0.00237094
0.16384
0.33255
0.522418
0.704092
0.731421
1.05589
1.1512
0.648943
0.791855
0.206323
0.0265486
0.113264
0.0195911
0.758829
0.524384
0.87794
0.92876
1.26108
1.06938
1.17306
2.16049
0.153824
0.875914
0.0188577
0.000263239
0.019697
0.00546519
0.00336281
0
0
0
0
9.88562e-05
0
0
0
0
0
0
0
0
2.3195
3.14382
7.77012
0.816421
0.609666
0.459405
0.150523
0.149766
0.259789
0.324477
0.13991
1.17368
3.80183
7.08261
8.18282
8.60992
8.75965
5.33496
1.68283
0.210352
0.18096
0.00217413
4.59139e-05
0.00048036
0.00344216
0.000291225
3.33921e-06
8.62336e-06
0.0344836
0.0174175
0.035339
0.0601024
0.0502647
4.76785e-05
2.11578e-05
2.52397e-05
0.000756633
0.0118349
0.0143068
0.0734879
0.113222
0.0405498
0.0486965
0.0802242
0.0788335
0.0319408
6.67603e-05
3.43853e-05
0.000253761
1.68757e-06
0.00135503
0.000260114
0.00026922
0
0
0
0
0
0
0
0
0
0
0
0.362005
0.0513696
0.125118
0.00542457
0.00690527
0.00215732
0.000582418
0.00731896
0.00342818
0
1.47219e-06
0.294913
1.42936
5.72782
4.32458
4.82188
2.92816
0.726696
0.0769051
0.00547473
0.00541887
7.35527e-06
0
0
0
0
0
1.86442e-06
2.30388e-06
6.14932e-05
8.85431e-06
1.84487e-05
2.98945e-05
2.58924e-05
1.97844e-05
6.27724e-06
1.53614e-05
4.49052e-05
0.000191559
0.000334986
0.000401823
0.000574746
0.00137305
0.000865633
0.000792643
0.000198091
5.49514e-05
2.44195e-05
1.20195e-05
2.15275e-06
0
0
0
0
0
0
0
0
0
0
0
0
0
0
0
0
0
0
0
0
0
0
0
1.72547e-06
6.09067e-06
0.0625893
0.307765
2.55558
1.62918
0.347796
0.311404
0.00716677
0.000742196
0.000176243
2.73569e-05
5.72605e-06
0
0
0
0
0
0
0
1.56234e-06
2.18737e-06
2.47774e-06
7.51223e-06
3.76913e-06
1.08356e-05
4.99338e-06
1.5485e-06
1.26543e-05
2.48139e-05
3.29707e-05
0.000101901
0.000261579
0.000293277
0.000114856
8.9216e-05
6.92909e-05
3.17048e-05
1.58183e-05
8.30948e-06
3.04876e-06
0
0
0
0
0
0
0
0
0
0
0
0
0
0
0
0
0
0
0
0
0
1.40617e-05
1.05923e-05
2.00254e-06
3.99935e-06
0.0107101
0.150482
0.466485
0.253534
0.0372123
0.0143888
0.00293844
0.000635632
6.97091e-05
1.04679e-05
3.09105e-06
0
0
0
0
0
0
0
0
0
0
1.62257e-06
1.16867e-06
1.17519e-06
2.27864e-06
4.283e-06
2.88905e-06
1.02599e-05
3.81919e-05
5.45926e-05
0.000188023
0.000238745
9.84664e-05
1.71317e-05
4.64098e-06
2.16633e-05
0
0
0
0
0
0
0
0
0
0
0
0
0
0
0
0
0
0
0
0
0
0
0
0
0
0
0
1.42661e-06
0.00459748
0.0309351
0.0772886
0.0636661
0.0230086
0.00989652
0.00232311
0.000411078
3.3643e-05
7.33571e-06
2.27177e-06
0
0
0
0
0
0
0
0
0
0
0
0
0
0
0
0
5.19447e-06
3.30978e-05
4.42928e-05
8.63626e-05
0.000135695
5.35495e-05
1.14131e-05
4.21033e-06
1.35975e-05
9.77043e-06
0
0
0
0
0
0
0
0
0
0
0
0
0
0
0
0
0
0
0
0
0
0
0
0
0
0
1.30457e-06
0.00101254
0.00330818
0.0248514
0.0411585
0.0211703
0.0068069
0.00188587
0.000312595
1.15426e-05
5.4276e-06
1.37983e-06
0
0
0
0
0
0
1.4873e-06
1.14725e-06
1.0194e-06
0
0
0
0
0
0
0
1.01139e-06
1.10925e-05
1.94239e-05
3.3963e-05
2.31217e-05
8.87815e-06
5.7703e-06
0
0
8.45828e-06
2.2178e-06
0
0
0
0
0
0
0
0
0
0
0
0
0
0
0
0
0
0
0
0
0
0
0
0
0
1.48485e-06
0.000217839
0.00318339
0.0197452
0.02215
0.0151673
0.00589334
0.00124219
0.000157922
2.77232e-06
4.33099e-06
1.3061e-06
0
0
0
1.51572e-06
1.90522e-06
2.89092e-06
3.93702e-06
5.47984e-06
5.55821e-06
1.41883e-06
1.29059e-06
2.27076e-06
0
0
0
0
0
0
1.13093e-06
4.41677e-06
6.35037e-06
2.96553e-06
1.4891e-06
0
0
0
0
0
0
0
0
0
0
0
0
0
0
0
0
0
0
0
0
0
0
0
0
0
0
0
0
0
5.24328e-06
0.000354933
0.00661494
0.0169776
0.0137948
0.0100399
0.00401506
0.000619996
2.24016e-05
1.94865e-06
3.23945e-06
0
0
0
1.11745e-06
3.8955e-06
6.35316e-06
1.29665e-05
1.0736e-05
1.61324e-05
1.40724e-05
2.84971e-06
1.03058e-06
3.2286e-06
0
0
0
0
0
0
0
1.736e-06
3.3006e-06
4.639e-06
1.51474e-06
0
0
0
0
0
0
0
0
0
0
0
0
0
0
0
0
0
0
0
0
0
0
0
0
0
0
0
0
0
2.62885e-05
0.000802079
0.00610152
0.0104159
0.00705285
0.00558018
0.00141159
0.000229329
5.99969e-06
1.54029e-06
1.61404e-06
0
0
0
1.04271e-06
5.02324e-06
1.18697e-05
1.92931e-05
2.21079e-05
2.63707e-05
2.31222e-05
3.96636e-06
1.26013e-06
3.54911e-06
0
0
0
0
0
0
0
0
3.16801e-06
5.6422e-06
1.24929e-06
0
0
0
0
0
0
0
0
0
0
0
0
0
0
0
0
0
0
0
0
0
0
0
0
0
0
0
0
0
4.71167e-05
0.00116424
0.00326964
0.00410475
0.00456144
0.00290379
0.000321696
6.45039e-05
2.00277e-06
0
0
0
0
0
0
2.46329e-06
7.42197e-06
1.78939e-05
2.39873e-05
3.34583e-05
2.02119e-05
1.33173e-06
0
1.08637e-06
0
0
0
0
0
0
0
0
9.51306e-06
3.60164e-06
0
0
0
0
0
0
0
0
0
0
0
0
0
0
0
0
0
0
0
0
0
0
0
0
0
0
0
0
0
0
0
0.000139998
0.00111076
0.00241128
0.0030408
0.000585076
6.63487e-05
8.62435e-06
0
0
0
0
0
0
0
0
0
2.49479e-06
3.83253e-06
6.46198e-06
4.64118e-06
0
0
0
0
0
0
0
0
0
0
0
6.81194e-06
1.78912e-06
0
0
0
0
0
0
0
0
0
0
0
0
0
0
0
0
0
0
0
0
0
0
0
0
0
0
0
0
0
0
0
1.84967e-05
0.000362538
0.00105942
0.000730741
6.05689e-05
5.55842e-06
0
0
0
0
0
0
0
0
0
0
0
0
0
0
0
0
0
0
0
0
0
0
0
0
0
0
0
0
0
0
0
0
0
0
0
0
0
0
0
0
0
0
0
0
0
0
0
0
0
0
0
0
0
0
0
0
0
0
3.98052e-06
9.06015e-05
0.000181236
0.000122317
1.63416e-05
0
0
0
0
0
0
0
0
0
0
0
0
0
0
0
0
0
0
0
0
0
0
0
0
0
0
0
0
0
0
0
0
0
0
0
0
0
0
0
0
0
0
0
0
0
0
0
0
0
0
0
0
0
0
0
0
0
0
0
0
8.51211e-06
2.86667e-05
2.17755e-05
3.04235e-06
0
0
0
0
0
0
0
0
0
0
0
0
0
0
0
0
0
0
0
0
0
0
0
0
0
0
0
0
0
0
0
0
0
0
0
0
0
0
0
0
0
0
0
0
0
0
0
0
0
0
0
0
0
0
0
0
0
0
0
0
7.68761e-06
1.1483e-05
5.41071e-06
0
0
0
0
0
0
0
0
0
0
0
0
0
0
0
0
0
0
0
0
0
0
0
0
0
0
0
0
0
0
0
0
0
0
0
0
0
0
0
0
0
0
0
0
0
0
0
0
0
0
0
0
0
0
0
0
0
0
0
0
0
1.4235e-06
1.27377e-06
0
0
0
0
0
0
0
0
0
0
0
0
0
0
0
0
0
0
0
0
0
0
0
0
0
0
0
0
0
0
0
0
0
0
0
0
0
0
0
0
0
0
0
0
0
0
0
0
0
0
0
0
0
0
0
0
0
0
0
0
0
0
0
0
0
0
0
0
0
0
0
0
0
0
0
0
0
0
0
0
0
0
0
0
0
0
0
0
0
0
0
0
0
0
0
0
0
0
0
0
0
0
0
0
0
0
0
0
0
0
0
0
0
0
0
0
0
0
0
0
0
0
0
0
0
0
0
0
0
0
0
0
0
0
0
0
0
0
0
0
0
0
0
0
0
0
0
0
0
0
0
0
0
0
0
0
0
0
0
0
0
0
0
0
0
0
0
0
0
0
0
0
0
0
0
0
0
0
0
0
0
0
0
0
0
0
0
0
0
0
0
0
0
0
0
0
0
0
0
0
0
0
0
0
0
0
0
0
0
0
0
0
0
0
0
0
0
0
0
0
0
0
0
0
0
0
0
0
0
0
0
0
0
0
0
0
0
0
0
0
0
0
0
0
0
0
0
0
0
0
0
0
0
0
0
0
0
0
0
0
0
0
0
0
0
0
0
0
0
0
0
0
0
0
0
0
0
0
0
0
0
0
0
0
0
0
0
0
0
0
0
0
0
0
0
0
0
0
0
0
0
0
0
0
0
0
0
0
0
0
0
0
0
0
0
0
0
0
0
0
0
0
0
0
0
0
0
0
0
0
0
0
0
0
0
0
0
0
0
0
0
0
0
0
0
0
0
0
0
0
0
0
0
0
0
0
0
0
0
0
0
0
0
0
0
0
0
0
0
0
0
0
0
0
0
0
0
0
0
0
0
0
0
0
0
0
0
0
0
0
0
0
0
0
0
0
0
0
0
0
0
0
0
0
0
0
0
0
0
0
0
0
0
0
0
0
0
0
0
0
0
0
0
0
0
0
0
0
0
0
0
0
0
0
0
0
0
0
0
0
0
0
0
0
0
0
0
0
0
0
0
0
0
0
0
0
0
0
0
0
0
0
0
0
0
0
0
0
0
0
0
0
0
0
0
0
0
0
0
0
0
0
0
0
0
0
0
0
0
0
0
0
0
0
0
0
0
0
0
0
0
0
0
0
0
0
0
0
0
0
0
0
0
0
0
0
0
0
0
0
0
0
0
0
0
0
0
0
0
0
0
0
0
0
0
0
0
0
0
0
0
0
0
0
0
0
0
0
0
0
0
0
0
0
0
0
0
0
0
0
0
0
0
0
0
0
0
0
0
0
0
0
0
0
0
0
0
0
0
0
0
0
0
0
0
0
0
0
0
0
0
0
0
0
0
0
0
0
0
0
0
0
0
0
0
0
0
0
0
0
0
0
0
0
0
0
0
0
0
0
0
0
0
0
0
0
0
0
0
0
0
0
0
0
0
0
0
0
0
0
0
0
0
0
0
0
0
0
0
0
0
0
0
0
0
0
0
0
0
0
0
0
0
0
0
0
0
0
0
0
0
0
0
0
0
0
0
0
0
0
0
0
0
0
0
0
0
0
0
0
0
0
0
0
0
0
0
0
0
0
0
0
0
0
0
0
0
0
0
0
0
0
0
0
0
0
0
0
0
0
0
0
0
0
0
0
0
0
0
0
0
0
0
0
0
0
0
0
0
0
0
0
0
0
0
0
0
0
0
0
0
0
0
0
0
0
0
0
0
0
0
0
0
0
0
0
0
0
0
0
0
0
0
0
0
0
0
0
0
0
0
0
0
0
0
0
0
0
0
0
0
0
0
0
0
0
0
0
0
0
0
0
0
0
0
0
0
0
0
0
0
0
0
0
0
0
0
0
0
0
0
0
0
0
0
0
0
0
0
0
0
0
0
0
0
0
0
0
0
0
0
0
0
0
0
0
0
0
0
0
0
0
0
0
0
0
0
0
0
0
0
0
0
0
0
0
0
0
0
0
0
0
0
0
0
0
0
0
0
0
0
0
0
0
0
0
0
0
0
0
0
0
0
0
0
0
0
0
0
0
0
0
0
0
0
0
0
0
0
0
0
0
0
0
0
0
0
0
0
0
0
0
0
0
0
0
0
0
0
0
0
0
0
0
0
0
0
0
0
0
0
0
0
0
0
0
0
0
0
0
0
0
0
0
0
0
0
0
0
0
0
0
0
0
0
0
0
0
0
0
0
0
0
0
0
0
0
0
0
0
0
0
0
0
0
0
0
0
0
0
0
0
0
0
0
0
0
0
0
0
0
0
0
0
0
0
0
0
0
0
0
0
0
0
0
0
0
0
0
0
0
0
0
0
0
0
0
0
0
0
0
0
0
0
0
0
0
0
0
0
0
0
0
0
0
0
0
0
0
0
0
0
0
0
0
0
0
0
0
0
0
0
0
0
0
0
0
0
0
0
0
0
0
0
0
0
0
0
0
0
0
0
0
0
0
0
0
0
0
0
0
0
0
0
0
0
0
0
0
0
0
0
0
0
0
0
0
0
0
0
0
0
0
0
0
0
0
0
0
0
0
0
0
0
0
0
0
0
0
0
0
0
0
0
0
0
0
0
0
0
0
0
0
0
0
0
0
0
0
0
0
0
0
0
0
0
0
0
0
0
0
0
0
0
0
0
0
0
0
0
0
0
0
0
0
0
0
0
0
0
0
0
0
0
0
0
0
0
0
0
0
0
0
0
0
0
0
0
0
0
0
0
0
0
0
0
0
0
0
0
0
0
0
0
0
0
0
0
0
0
0
0
0
0
0
0
0
0
0
0
0
0
0
0
0
0
0
0
0
0
0
0
0
0
0
0
0
0
0
0
0
0
0
0
0
0
0
0
0
0
0
0
0
0
0
0
0
0
0
0
0
0
0
0
0
0
0
0
0
0
0
0
0
0
0
0
0
0
0
0
0
0
0
0
0
0
0
0
0
0
0
0
0
0
0
0
0
0
0
0
0
0
0
0
0
0
0
0
0
0
0
0
0
0
0
0
0
0
0
0
0
0
0
0
0
0
0
0
0
0
0
0
0
0
0
0
0
0
0
0
0
0
0
0
0
0
0
0
0
0
0
0
0
0
0
0
0
0
0
0
0
0
0
0
0
0
0
0
0
0
0
0
0
0
0
0
0
0
0
0
0
0
0
0
0
0
0
0
0
0
0
0
0
0
0
0
0
0
0
0
0
0
0
0
0
0
0
0
0
0
0
0
0
0
0
0
0
0
0
0
0
0
0
0
0
0
0
0
0
0
0
0
0
0
0
0
0
0
0
0
0
0
0
0
0
0
0
0
0
0
0
0
0
0
0
0
0
0
0
0
0
0
0
0
0
0
0
0
0
0
0
0
0
0
0
0
0
0
0
0
0
0
0
0
0
0
0
0
0
0
0
0
0
0
0
0
0
0
0
0
0
0
0
0
0
0
0
0
0
0
0
0
0
0
0
0
0
0
0
0
0
0
0
0
0
0
0
0
0
0
0
0
0
0
0
0
0
0
0
0
0
0
0
0
0
0
0
0
0
0
0
0
0
0
0
0
0
0
0
0
0
0
0
0
0
0
0
0
0
0
0
0
0
0
0
0
0
0
0
0
0
0
0
0
0
0
0
0
0
0
0
0
0
0
0
0
0
0
0
0
0
0
0
0
0
0
0
0
0
0
0
0
0
0
0
0
0
0
0
0
0
0
0
0
0
0
0
0
0
0
0
0
0
0
0
0
0
0
0
0
0
0
0
0
0
0
0
0
0
0
0
0
0
0
0
0
0
0
0
0
0
0
0
0
0
0
0
0
0
0
0
0
0
0
0
0
0
0
0
0
0
0
0
0
0
0
0
0
0
0
0
0
0
0
0
0
0
0
0
0
0
0
0
0
0
0
0
0
0
0
0
0
0
0
0
0
0
0
0
0
0
0
0
0
0
0
0
0
0
0
0
0
0
0
0
0
0
0
0
0
0
0
0
0
0
0
0
0
0
0
0
0
0
0
0
0
0
0
0
0
0
0
0
0
0
0
0
0
0
0
0
0
0
0
0
0
0
0
0
0
0
0
0
0
0
0
0
0
0
0
0
0
0
0
0
0
0
0
0
0
0
0
0
0
0
0
0
0
0
0
0
0
0
0
0
0
0
0
0
0
0
0
0
0
0
0
0
0
0
0
0
0
0
0
0
0
0
0
0
0
0
0
0
0
0
0
0
0
0
0
0
0
0
0
0
0
0
0
0
0
0
0
0
0
0
0
0
0
0
0
0
0
0
0
0
0
0
0
0
0
0
0
0
0
0
0
0
0
0
0
0
0
0
0
0
0
0
0
0
0
0
0
0
0
0
0
0
0
0
0
0
0
0
0
0
0
0
0
0
0
0
0
0
0
0
0
0
0
0
0
0
0
0
0
0
0
0
0
0
0
0
0
0
0
0
0
0
0
0
0
0
0
0
0
0
0
0
0
0
0
0
0
0
0
0
0
0
0
0
0
0
0
0
0
0
0
0
0
0
0
0
0
0
0
0
0
0
0
0
0
0
0
0
0
0
0
0
0
0
0
0
0
0
0
0
0
0
0
0
0
0
0
0
0
0
0
0
0
0
0
0
0
0
0
0
0
0
0
0
0
0
0
0
0
0
0
0
0
0
0
0
0
0
0
0
0
0
0
0
0
0
0
0
0
0
0
0
0
0
0
0
0
0
0
0
0
0
0
0
0
0
0
0
0
0
0
0
0
0
0
0
0
0
0
0
0
0
0
0
0
0
0
0
0
0
0
0
0
0
0
0
0
0
0
0
0
0
0
0
0
0
0
0
0
0
0
0
0
0
0
0
0
0
0
0
0
0
0
0
0
0
0
0
0
0
0
0
0
0
0
0
0
0
0
0
0
0
0
0
0
0
0
0
0
0
0
0
0
0
0
0
0
0
0
0
0
0
0
0
0
0
0
0
0
0
0
0
0
0
0
0
0
0
0
0
0
0
0
0
0
0
0
0
0
0
0
0
0
0
0
0
0
0
0
0
0
0
0
0
0
0
0
0
0
0
0
0
0
0
0
0
0
0
0
0
0
0
0
0
0
0
0
0
0
0
0
0
0
0
0
0
0
0
0
0
0
0
0
0
0
0
0
0
0
0
0
0
0
0
0
0
0
0
0
0
0
0
0
0
0
0
0
0
0
0
0
0
0
0
0
0
0
0
0
0
0
0
0
0
0
0
0
0
0
0
0
0
0
0
0
0
0
0
0
0
0
0
0
0
0
0
0
0
0
0
0
0
0
0
0
0
0
0
0
0
0
0
0
0
0
0
0
0
0
0
0
0
0
0
0
0
0
0
0
0
0
0
0
0
0
0
0
0
0
0
0
0
0
0
0
0
0
0
0
0
0
0
0
0
0
0
0
0
0
0
0
0
0
0
0
0
0
0
0
0
0
0
0
0
0
0
0
0
0
0
0
0
0
0
0
0
0
0
0
0
0
0
0
0
0
0
0
0
0
0
0
0
0
0
0
0
0
0
0
0
0
0
0
0
0
0
0
0
0
0
0
0
0
0
0
0
0
0
0
0
0
0
0
0
0
0
0
0
0
0
0
0
0
0
0
0
0
0
0
0
0
0
0
0
0
0
0
0
0
0
0
0
0
0
0
0
0
0
0
0
0
0
0
0
0
0
0
0
0
0
0
0
0
0
0
0
0
0
0
0
0
0
0
0
0
0
0
0
0
0
0
0
0
0
0
0
0
0
0
0
0
0
0
0
0
0
0
0
0
0
0
0
0
0
0
0
0
0
0
0
0
0
0
0
0
0
0
0
0
0
0
0
0
0
0
0
0
0
0
0
0
0
0
0
0
0
0
0
0
0
0
0
0
0
0
0
0
0
0
0
0
0
0
0
0
0
0
0
0
0
0
0
0
0
0
0
0
0
0
0
0
0
0
0
0
0
0
0
0
0
0
0
0
0
0
0
0
0
0
0
0
0
0
0
0
0
0
0
0
0
0
0
0
0
0
0
0
0
0
0
0
0
0
0
0
0
0
0
0
0
0
0
0
0
0
0
0
0
0
0
0
0
0
0
0
0
0
0
0
0
0
0
0
0
0
0
0
0
0
0
0
0
0
0
0
0
0
0
0
0
0
0
0
0
0
0
0
0
0
0
0
0
0
0
0
0
0
0
0
0
0
0
0
0
0
0
0
0
0
0
0
0
0
0
0
0
0
0
0
0
0
0
0
0
0
0
0
0
0
0
0
0
0
0
0
0
0
0
0
0
0
0
0
0
0
0
0
0
0
0
0
0
0
0
0
0
0
0
0
0
0
0
0
0
0
0
0
0
0
0
0
0
0
0
0
0
0
0
0
0
0
0
0
0
0
0
0
0
0
0
0
0
0
0
0
0
0
0
0
8.30735
8.64015
10.2468
10.9288
10.6679
10.2497
11.3602
9.72494
10.6892
10.0692
9.62309
9.84424
10.1173
12.7989
10.519
8.61744
10.3549
9.89195
9.56489
14.4283
10.2229
7.95312
10.8704
8.59979
11.4863
12.8614
12.3241
10.1307
10.2862
13.7382
11.8794
8.14279
11.3917
13.3889
13.7541
12.552
14.1723
10.3615
12.8921
8.28819
11.7852
11.3454
7.60292
9.22829
9.59219
10.6633
8.67443
9.8532
9.67396
9.91775
10.3154
10.8225
10.8036
11.3332
10.371
10.2708
10.754
11.288
10.5234
13.2687
10.2842
9.3414
8.84678
7.82457
7.85393
8.41823
10.4508
10.8134
10.2937
10.0826
10.8362
9.94851
10.1323
10.7754
9.86263
10.7007
10.2097
12.8668
11.5959
8.84816
10.0388
9.41768
10.3806
12.5021
9.15295
11.8631
16.7353
9.69055
14.6979
12.9271
10.4011
5.78342
10.5752
6.80674
11.1838
12.6823
9.96894
13.0043
11.3248
13.8333
16.0383
18.568
15.1916
3.46492
16.5545
14.8442
8.37173
11.7066
11.2465
10.8804
8.79375
9.67981
9.55522
10.3044
10.6185
10.5054
11.1347
11.5159
10.4464
9.93608
11.5564
10.3714
10.7662
12.8621
10.2512
9.58741
8.90344
7.63743
5.57515
2.65025
10.1201
9.41123
9.71679
8.4596
9.13909
8.90014
9.78928
9.05055
9.998
9.60663
10.523
11.3881
12.7225
10.4765
10.1522
10.4071
8.74479
15.4549
8.33518
12.6629
17.4457
15.2569
14.9233
12.3644
6.56031
13.7736
10.8485
5.4017
13.0668
12.0099
12.4992
15.3325
13.5052
11.7786
0.911515
4.41988
5.36595
2.82436
5.90337
12.4406
11.4259
11.1929
10.2157
11.253
9.49367
10.0903
9.91265
10.4089
10.5292
10.4213
11.4774
11.185
10.6903
10.079
11.6319
10.0235
11.2126
11.2147
8.72119
9.28154
5.47146
4.22282
1.93815
0.566729
7.15212
3.27198
7.60448
4.92854
6.15155
5.4
8.95068
6.36875
8.44435
5.46195
8.49792
6.4747
6.09175
10.9751
10.5061
5.50404
8.74025
8.43231
14.362
8.25893
11.6308
7.2051
0.504186
2.94697
15.6179
1.80861
4.29447
4.41105
14.9858
0.640139
13.4432
4.90039
1.27372
5.26692
1.84729e-05
3.83492
0.000762801
11.6775
2.30295
13.0853
13.3595
12.5596
12.1405
10.8001
9.58947
4.44943
8.86995
9.14367
9.71839
7.36767
7.32853
8.84689
10.4912
11.4338
9.50749
9.90743
10.9417
8.50723
2.42789
5.46964
1.87101
1.09018
0.00190177
0.150603
0.47586
0.572042
1.18826
1.73393
2.95005
2.27031
2.83748
3.13612
3.66294
0.695867
0.758798
0.983468
1.10736
1.67776
2.78685
2.15333
1.25445
2.40605
1.41492
1.30363
1.89909
2.27627
0.361152
0.124648
1.58956
0.892192
0
1.90153e-06
0.00108325
3.70264e-06
0.0492408
0
0
0
0
0
0
0
0
0.781696
12.5872
12.6948
10.1708
6.32302
4.59095
0.354905
0.412898
0.438537
3.48493
3.91876
3.00462
4.68186
7.76701
5.87077
6.39577
9.22961
6.62288
3.07868
0.482641
0.100921
0.0900075
0.000753783
0
0.0025315
0
0.00118697
0.00135621
0.148087
0.258795
0.266596
0.205274
0.462493
0.480472
0.0457196
0.00697285
0.0117967
0.0254469
0.0163553
0.0695588
0.0722711
0.115669
0.105911
0.0718033
0.145156
0.0602084
0.348878
0.0060193
0.0474297
0.264467
0.138504
0.0118809
0.00301963
1.10573e-06
0
0
0
0
0
0
0
0
0
0
0
0.224655
1.73267
1.21025
0.551168
0.299099
0.0163356
0.048174
0.450147
0.719867
0.139366
0.201831
1.69946
4.01065
3.70365
4.53536
4.6475
1.73236
0.337503
0.00678242
3.25878e-05
8.04335e-05
6.49239e-06
0
0
0
0
2.42229e-06
6.48197e-06
1.25633e-05
2.60461e-05
0.00129176
7.4654e-05
0.000144867
0.000155258
0.00010468
6.00802e-05
0.000102644
0.000243035
0.000662809
0.000651225
0.000700775
0.000672921
0.00118041
0.00682093
0.00190436
0.000339738
8.96301e-05
0.000120568
0.000242239
5.09725e-05
0
0
0
0
0
0
0
0
0
0
0
0
0
0
0
0
0
0
1.79092e-05
0.00322769
0.015172
0.0113596
0.00875947
0.0021558
0.0544377
0.0600878
0.721219
2.04711
1.36753
0.492249
0.171597
0.00248377
0.000102847
3.18967e-05
1.02644e-05
4.60424e-06
0
0
0
0
0
2.77168e-06
4.78556e-06
9.69663e-06
1.56132e-05
2.87842e-05
6.10037e-05
5.81244e-05
0.000106492
7.40306e-05
2.80327e-05
8.42588e-05
0.000118206
0.000144504
0.000243912
0.000416313
0.000491582
0.000770249
0.000397673
0.000275708
0.00012691
8.53312e-05
1.21458e-05
3.18159e-06
0
0
0
0
0
0
0
0
0
0
0
0
0
0
0
0
0
0
0
0
0.000664507
8.97546e-05
0.000218896
3.73939e-05
5.88591e-06
0.0101658
0.222797
0.372571
0.13003
0.0315388
0.0086734
0.000549872
7.46468e-05
1.71953e-05
7.09845e-06
2.65645e-06
0
0
0
0
0
0
2.33279e-06
5.48735e-06
6.37139e-06
1.61433e-05
2.59095e-05
2.42556e-05
2.47038e-05
4.7703e-05
6.32681e-05
3.42153e-05
8.84572e-05
0.00016713
0.000152668
0.000349894
0.000288188
0.000281454
0.000172128
0.000134142
0.000172085
6.04039e-05
5.52696e-06
0
0
0
0
0
0
0
0
0
0
0
0
0
0
0
0
0
0
0
0
0
0
1.42084e-05
2.29644e-05
4.71967e-06
3.27049e-06
0.00984618
0.0256154
0.0551862
0.0383243
0.0231075
0.0050374
0.000578633
6.58547e-05
5.43786e-06
5.97913e-06
2.00447e-06
0
0
0
0
0
0
1.15273e-06
2.66914e-06
2.32155e-06
6.26463e-06
9.941e-06
7.41774e-06
4.77908e-06
6.15818e-06
2.22857e-05
1.59749e-05
7.12041e-05
0.000168675
0.000128259
0.000192689
0.000207664
0.000147771
7.23222e-05
7.33539e-05
0.000127059
8.21451e-05
3.75804e-06
2.26909e-06
0
0
0
0
0
0
0
0
0
0
0
0
0
0
0
0
0
0
0
0
0
3.29094e-06
6.03949e-06
2.45049e-06
1.9887e-06
0.00306424
0.00410238
0.0109165
0.0319622
0.021544
0.00457898
0.000544505
5.70582e-05
2.73403e-06
4.81321e-06
1.04621e-06
0
0
0
0
0
0
0
0
0
0
1.58737e-06
2.00316e-06
0
0
0
4.85197e-06
3.34181e-05
0.000102569
6.68938e-05
9.79467e-05
7.45505e-05
1.86045e-05
3.14856e-05
3.90808e-05
8.48253e-05
7.46391e-05
8.332e-06
0
0
0
0
0
0
0
0
0
0
0
0
0
0
0
0
0
0
0
0
0
0
0
0
0
0
0.000418238
0.00392935
0.0164135
0.029765
0.0139771
0.00301089
0.000392182
3.21051e-05
1.90787e-06
3.81471e-06
1.10484e-06
0
0
0
1.70246e-06
2.40439e-06
2.31599e-06
2.6092e-06
2.69279e-06
2.78307e-06
2.27812e-06
2.81274e-06
3.54496e-06
2.28517e-06
0
0
0
3.33264e-06
4.29818e-05
3.97144e-06
2.44213e-05
1.11314e-05
1.49867e-05
2.38192e-05
3.52016e-05
5.61672e-05
5.76829e-05
6.03636e-06
0
0
0
0
0
0
0
0
0
0
0
0
0
0
0
0
0
0
0
0
0
0
0
0
0
0
0.000348239
0.00865756
0.021633
0.0190602
0.0114179
0.002612
0.000238677
6.06322e-06
1.65695e-06
2.68113e-06
0
0
0
1.92428e-06
5.51725e-06
1.27123e-05
1.20198e-05
1.31242e-05
1.02028e-05
1.90214e-05
9.81005e-06
7.82483e-06
7.34664e-06
5.35895e-06
1.21786e-06
0
0
0
1.31436e-06
2.17508e-06
9.62525e-06
1.12771e-05
1.77618e-05
2.39511e-05
4.13478e-05
5.93821e-05
4.95761e-05
3.23073e-06
0
0
0
0
0
0
0
0
0
0
0
0
0
0
0
0
0
0
0
0
0
0
0
0
0
0
0.00123912
0.00796758
0.0147459
0.012537
0.00727396
0.0012387
0.000103796
2.20026e-06
1.14242e-06
1.29114e-06
0
0
0
1.53431e-06
9.14171e-06
2.28428e-05
3.2839e-05
4.10717e-05
2.85602e-05
4.75147e-05
2.45393e-05
1.33014e-05
1.11889e-05
6.50353e-06
3.67231e-06
1.62667e-06
0
0
1.28891e-06
3.15235e-06
7.09663e-06
1.58439e-05
2.25337e-05
2.84352e-05
4.9851e-05
6.93622e-05
5.46785e-05
2.29839e-06
0
0
0
0
0
0
0
0
0
0
0
0
0
0
0
0
0
0
0
0
0
0
0
0
0
0
0.00124509
0.0044624
0.00584425
0.00753503
0.00409221
0.000490448
3.78783e-05
0
0
0
0
0
0
0
5.6542e-06
2.59755e-05
5.56551e-05
7.8628e-05
9.76043e-05
6.36895e-05
3.34942e-05
1.24919e-05
9.4538e-06
7.74044e-06
8.24958e-06
2.58122e-06
0
0
1.20611e-06
2.26869e-06
6.95055e-06
2.95294e-05
3.0682e-05
3.56926e-05
5.68568e-05
7.03054e-05
1.42874e-05
0
0
0
0
0
0
0
0
0
0
0
0
0
0
0
0
0
0
0
0
0
0
0
0
0
0
3.23489e-06
0.000409277
0.00222992
0.00422966
0.00441936
0.00116012
7.96044e-05
5.80208e-06
0
0
0
0
0
0
0
0
5.44172e-06
1.85838e-05
3.66109e-05
5.95098e-05
3.68244e-05
3.15848e-06
9.05486e-06
7.90527e-06
4.47648e-06
3.69836e-06
1.31517e-06
0
1.1677e-06
2.4526e-06
4.82145e-06
6.82895e-06
5.05499e-05
2.7732e-05
4.38002e-05
5.93173e-05
1.93763e-05
0
0
0
0
0
0
0
0
0
0
0
0
0
0
0
0
0
0
0
0
0
0
0
0
0
0
0
6.3833e-06
0.000107114
0.00102641
0.00213673
0.00157989
0.000143558
7.75949e-06
0
0
0
0
0
0
0
0
0
0
1.47e-06
4.16905e-06
7.07559e-06
5.1775e-06
0
1.39617e-06
1.49979e-06
3.36678e-06
1.92671e-06
1.68887e-06
1.03758e-06
1.01177e-06
2.24334e-06
8.76024e-06
4.57063e-06
1.98548e-05
1.29999e-05
1.47782e-05
1.4614e-05
1.00007e-06
0
0
0
0
0
0
0
0
0
0
0
0
0
0
0
0
0
0
0
0
0
0
0
0
0
0
0
2.431e-06
5.17762e-05
0.000520519
0.000685219
0.0004376
4.38487e-05
1.03894e-06
0
0
0
0
0
0
0
0
0
0
0
0
0
0
0
0
0
2.36981e-06
0
2.00798e-06
1.292e-06
0
1.41177e-06
2.50386e-06
4.11608e-06
3.95985e-06
3.34975e-06
1.63923e-06
1.74652e-06
0
0
0
0
0
0
0
0
0
0
0
0
0
0
0
0
0
0
0
0
0
0
0
0
0
0
0
0
0
2.63217e-06
4.57384e-05
0.00014571
0.000118633
8.544e-06
0
0
0
0
0
0
0
0
0
0
0
0
0
0
0
0
0
0
1.14279e-06
0
1.80693e-06
0
0
0
1.11282e-06
2.61541e-06
0
0
0
0
0
0
0
0
0
0
0
0
0
0
0
0
0
0
0
0
0
0
0
0
0
0
0
0
0
0
0
0
0
3.59946e-06
2.31565e-05
4.59561e-05
1.89798e-05
1.33566e-06
0
0
0
0
0
0
0
0
0
0
0
0
0
0
0
0
0
0
0
0
0
0
0
0
0
0
0
0
0
0
0
0
0
0
0
0
0
0
0
0
0
0
0
0
0
0
0
0
0
0
0
0
0
0
0
0
0
0
1.76648e-06
6.47341e-06
3.13286e-05
7.88751e-06
1.43447e-06
0
0
0
0
0
0
0
0
0
0
0
0
0
0
0
0
0
0
0
0
0
0
0
0
0
0
0
0
0
0
0
0
0
0
0
0
0
0
0
0
0
0
0
0
0
0
0
0
0
0
0
0
0
0
0
0
0
0
0
0
1.43906e-06
4.40743e-06
0
0
0
0
0
0
0
0
0
0
0
0
0
0
0
0
0
0
0
0
0
0
0
0
0
0
0
0
0
0
0
0
0
0
0
0
0
0
0
0
0
0
0
0
0
0
0
0
0
0
0
0
0
0
0
0
0
0
0
0
0
0
0
0
0
0
0
0
0
0
0
0
0
0
0
0
0
0
0
0
0
0
0
0
0
0
0
0
0
0
0
0
0
0
0
0
0
0
0
0
0
0
0
0
0
0
0
0
0
0
0
0
0
0
0
0
0
0
0
0
0
0
0
0
0
0
0
0
0
0
0
0
0
0
0
0
0
0
0
0
0
0
0
0
0
0
0
0
0
0
0
0
0
0
0
0
0
0
0
0
0
0
0
0
0
0
0
0
0
0
0
0
0
0
0
0
0
0
0
0
0
0
0
0
0
0
0
0
0
0
0
0
0
0
0
0
0
0
0
0
0
0
0
0
0
0
0
0
0
0
0
0
0
0
0
0
0
0
0
0
0
0
0
0
0
0
0
0
0
0
0
0
0
0
0
0
0
0
0
0
0
0
0
0
0
0
0
0
0
0
0
0
0
0
0
0
0
0
0
0
0
0
0
0
0
0
0
0
0
0
0
0
0
0
0
0
0
0
0
0
0
0
0
0
0
0
0
0
0
0
0
0
0
0
0
0
0
0
0
0
0
0
0
0
0
0
0
0
0
0
0
0
0
0
0
0
0
0
0
0
0
0
0
0
0
0
0
0
0
0
0
0
0
0
0
0
0
0
0
0
0
0
0
0
0
0
0
0
0
0
0
0
0
0
0
0
0
0
0
0
0
0
0
0
0
0
0
0
0
0
0
0
0
0
0
0
0
0
0
0
0
0
0
0
0
0
0
0
0
0
0
0
0
0
0
0
0
0
0
0
0
0
0
0
0
0
0
0
0
0
0
0
0
0
0
0
0
0
0
0
0
0
0
0
0
0
0
0
0
0
0
0
0
0
0
0
0
0
0
0
0
0
0
0
0
0
0
0
0
0
0
0
0
0
0
0
0
0
0
0
0
0
0
0
0
0
0
0
0
0
0
0
0
0
0
0
0
0
0
0
0
0
0
0
0
0
0
0
0
0
0
0
0
0
0
0
0
0
0
0
0
0
0
0
0
0
0
0
0
0
0
0
0
0
0
0
0
0
0
0
0
0
0
0
0
0
0
0
0
0
0
0
0
0
0
0
0
0
0
0
0
0
0
0
0
0
0
0
0
0
0
0
0
0
0
0
0
0
0
0
0
0
0
0
0
0
0
0
0
0
0
0
0
0
0
0
0
0
0
0
0
0
0
0
0
0
0
0
0
0
0
0
0
0
0
0
0
0
0
0
0
0
0
0
0
0
0
0
0
0
0
0
0
0
0
0
0
0
0
0
0
0
0
0
0
0
0
0
0
0
0
0
0
0
0
0
0
0
0
0
0
0
0
0
0
0
0
0
0
0
0
0
0
0
0
0
0
0
0
0
0
0
0
0
0
0
0
0
0
0
0
0
0
0
0
0
0
0
0
0
0
0
0
0
0
0
0
0
0
0
0
0
0
0
0
0
0
0
0
0
0
0
0
0
0
0
0
0
0
0
0
0
0
0
0
0
0
0
0
0
0
0
0
0
0
0
0
0
0
0
0
0
0
0
0
0
0
0
0
0
0
0
0
0
0
0
0
0
0
0
0
0
0
0
0
0
0
0
0
0
0
0
0
0
0
0
0
0
0
0
0
0
0
0
0
0
0
0
0
0
0
0
0
0
0
0
0
0
0
0
0
0
0
0
0
0
0
0
0
0
0
0
0
0
0
0
0
0
0
0
0
0
0
0
0
0
0
0
0
0
0
0
0
0
0
0
0
0
0
0
0
0
0
0
0
0
0
0
0
0
0
0
0
0
0
0
0
0
0
0
0
0
0
0
0
0
0
0
0
0
0
0
0
0
0
0
0
0
0
0
0
0
0
0
0
0
0
0
0
0
0
0
0
0
0
0
0
0
0
0
0
0
0
0
0
0
0
0
0
0
0
0
0
0
0
0
0
0
0
0
0
0
0
0
0
0
0
0
0
0
0
0
0
0
0
0
0
0
0
0
0
0
0
0
0
0
0
0
0
0
0
0
0
0
0
0
0
0
0
0
0
0
0
0
0
0
0
0
0
0
0
0
0
0
0
0
0
0
0
0
0
0
0
0
0
0
0
0
0
0
0
0
0
0
0
0
0
0
0
0
0
0
0
0
0
0
0
0
0
0
0
0
0
0
0
0
0
0
0
0
0
0
0
0
0
0
0
0
0
0
0
0
0
0
0
0
0
0
0
0
0
0
0
0
0
0
0
0
0
0
0
0
0
0
0
0
0
0
0
0
0
0
0
0
0
0
0
0
0
0
0
0
0
0
0
0
0
0
0
0
0
0
0
0
0
0
0
0
0
0
0
0
0
0
0
0
0
0
0
0
0
0
0
0
0
0
0
0
0
0
0
0
0
0
0
0
0
0
0
0
0
0
0
0
0
0
0
0
0
0
0
0
0
0
0
0
0
0
0
0
0
0
0
0
0
0
0
0
0
0
0
0
0
0
0
0
0
0
0
0
0
0
0
0
0
0
0
0
0
0
0
0
0
0
0
0
0
0
0
0
0
0
0
0
0
0
0
0
0
0
0
0
0
0
0
0
0
0
0
0
0
0
0
0
0
0
0
0
0
0
0
0
0
0
0
0
0
0
0
0
0
0
0
0
0
0
0
0
0
0
0
0
0
0
0
0
0
0
0
0
0
0
0
0
0
0
0
0
0
0
0
0
0
0
0
0
0
0
0
0
0
0
0
0
0
0
0
0
0
0
0
0
0
0
0
0
0
0
0
0
0
0
0
0
0
0
0
0
0
0
0
0
0
0
0
0
0
0
0
0
0
0
0
0
0
0
0
0
0
0
0
0
0
0
0
0
0
0
0
0
0
0
0
0
0
0
0
0
0
0
0
0
0
0
0
0
0
0
0
0
0
0
0
0
0
0
0
0
0
0
0
0
0
0
0
0
0
0
0
0
0
0
0
0
0
0
0
0
0
0
0
0
0
0
0
0
0
0
0
0
0
0
0
0
0
0
0
0
0
0
0
0
0
0
0
0
0
0
0
0
0
0
0
0
0
0
0
0
0
0
0
0
0
0
0
0
0
0
0
0
0
0
0
0
0
0
0
0
0
0
0
0
0
0
0
0
0
0
0
0
0
0
0
0
0
0
0
0
0
0
0
0
0
0
0
0
0
0
0
0
0
0
0
0
0
0
0
0
0
0
0
0
0
0
0
0
0
0
0
0
0
0
0
0
0
0
0
0
0
0
0
0
0
0
0
0
0
0
0
0
0
0
0
0
0
0
0
0
0
0
0
0
0
0
0
0
0
0
0
0
0
0
0
0
0
0
0
0
0
0
0
0
0
0
0
0
0
0
0
0
0
0
0
0
0
0
0
0
0
0
0
0
0
0
0
0
0
0
0
0
0
0
0
0
0
0
0
0
0
0
0
0
0
0
0
0
0
0
0
0
0
0
0
0
0
0
0
0
0
0
0
0
0
0
0
0
0
0
0
0
0
0
0
0
0
0
0
0
0
0
0
0
0
0
0
0
0
0
0
0
0
0
0
0
0
0
0
0
0
0
0
0
0
0
0
0
0
0
0
0
0
0
0
0
0
0
0
0
0
0
0
0
0
0
0
0
0
0
0
0
0
0
0
0
0
0
0
0
0
0
0
0
0
0
0
0
0
0
0
0
0
0
0
0
0
0
0
0
0
0
0
0
0
0
0
0
0
0
0
0
0
0
0
0
0
0
0
0
0
0
0
0
0
0
0
0
0
0
0
0
0
0
0
0
0
0
0
0
0
0
0
0
0
0
0
0
0
0
0
0
0
0
0
0
0
0
0
0
0
0
0
0
0
0
0
0
0
0
0
0
0
0
0
0
0
0
0
0
0
0
0
0
0
0
0
0
0
0
0
0
0
0
0
0
0
0
0
0
0
0
0
0
0
0
0
0
0
0
0
0
0
0
0
0
0
0
0
0
0
0
0
0
0
0
0
0
0
0
0
0
0
0
0
0
0
0
0
0
0
0
0
0
0
0
0
0
0
0
0
0
0
0
0
0
0
0
0
0
0
0
0
0
0
0
0
0
0
0
0
0
0
0
0
0
0
0
0
0
0
0
0
0
0
0
0
0
0
0
0
0
0
0
0
0
0
0
0
0
0
0
0
0
0
0
0
0
0
0
0
0
0
0
0
0
0
0
0
0
0
0
0
0
0
0
0
0
0
0
0
0
0
0
0
0
0
0
0
0
0
0
0
0
0
0
0
0
0
0
0
0
0
0
0
0
0
0
0
0
0
0
0
0
0
0
0
0
0
0
0
0
0
0
0
0
0
0
0
0
0
0
0
0
0
0
0
0
0
0
0
0
0
0
0
0
0
0
0
0
0
0
0
0
0
0
0
0
0
0
0
0
0
0
0
0
0
0
0
0
0
0
0
0
0
0
0
0
0
0
0
0
0
0
0
0
0
0
0
0
0
0
0
0
0
0
0
0
0
0
0
0
0
0
0
0
0
0
0
0
0
0
0
0
0
0
0
0
0
0
0
0
0
0
0
0
0
0
0
0
0
0
0
0
0
0
0
0
0
0
0
0
0
0
0
0
0
0
0
0
0
0
0
0
0
0
0
0
0
0
0
0
0
0
0
0
0
0
0
0
0
0
0
0
0
0
0
0
0
0
0
0
0
0
0
0
0
0
0
0
0
0
0
0
0
0
0
0
0
0
0
0
0
0
0
0
0
0
0
0
0
0
0
0
0
0
0
0
0
0
0
0
0
0
0
0
0
0
0
0
0
0
0
0
0
0
0
0
0
0
0
0
0
0
0
0
0
0
0
0
0
0
0
0
0
0
0
0
0
0
0
0
0
0
0
0
0
0
0
0
0
0
0
0
0
0
0
0
0
0
0
0
0
0
0
0
0
0
0
0
0
0
0
0
0
0
0
0
0
0
0
0
0
0
0
0
0
0
0
0
0
0
0
0
0
0
0
0
0
0
0
0
0
0
0
0
0
0
0
0
0
0
0
0
0
0
0
0
0
0
0
0
0
0
0
0
0
0
0
0
0
0
0
0
0
0
0
0
0
0
0
0
0
0
0
0
0
0
0
0
0
0
0
0
0
0
0
0
0
0
0
0
0
0
0
0
0
0
0
0
0
0
0
0
0
0
0
0
0
0
0
0
0
0
0
0
0
0
0
0
0
0
0
0
0
0
0
0
0
0
0
0
0
0
0
0
0
0
0
0
0
0
0
0
0
0
0
0
0
0
0
0
0
0
0
0
0
0
0
0
0
0
0
0
0
0
0
0
0
0
0
0
0
0
0
0
0
0
0
0
0
0
0
0
0
0
0
0
0
0
0
0
0
0
0
0
0
0
0
0
0
0
0
0
0
0
0
0
0
0
0
0
0
0
0
0
0
0
0
0
0
0
0
0
0
0
0
0
0
0
0
0
0
0
0
0
0
0
0
0
0
0
0
0
0
0
0
0
0
0
0
0
0
0
0
0
0
0
0
0
0
0
0
0
0
0
0
0
0
0
0
0
0
0
0
0
0
0
0
0
0
0
0
0
0
0
0
0
0
0
0
0
0
0
0
0
0
0
0
0
0
0
0
0
0
0
0
0
0
0
0
0
0
0
0
0
0
0
0
0
0
0
0
0
0
0
0
0
0
0
0
0
0
0
0
0
0
0
0
0
0
0
0
0
0
0
0
0
0
0
0
0
0
0
0
0
0
0
0
0
0
0
0
0
0
0
0
0
0
0
0
0
0
0
0
0
0
0
0
0
0
0
0
0
0
0
0
0
0
0
0
0
0
0
0
0
0
0
0
0
0
0
0
0
0
0
0
0
0
0
0
0
0
0
0
0
0
0
0
0
0
0
0
0
0
0
0
0
0
0
0
0
0
0
0
0
0
0
0
0
0
0
0
0
0
0
0
0
0
0
0
0
0
0
0
0
0
0
0
0
0
0
0
0
0
0
0
0
0
0
0
0
0
0
0
0
0
0
0
0
0
0
0
0
0
0
0
0
0
0
0
0
0
0
0
0
0
0
0
0
0
0
0
0
0
0
0
0
0
0
0
0
0
0
0
0
0
0
0
0
0
0
0
0
0
0
0
0
0
0
0
0
0
0
0
0
0
0
0
0
0
0
0
8.30354
8.87712
10.6417
10.645
10.4497
11.9013
10.5856
10.6945
9.4154
7.84803
6.15651
9.56425
11.1069
9.95673
7.99473
10.2167
10.5509
10.2914
12.339
7.36488
8.91831
12.5246
9.49293
9.27705
12.4802
12.7219
7.54837
10.9012
10.4453
8.06627
15.9626
13.6823
9.45023
14.2442
10.4803
9.97209
17.9948
5.91873
12.1345
9.66332
10.7592
11.2766
11.8326
14.0493
13.1295
11.4922
12.0889
8.38912
9.70864
9.8125
10.7776
10.6671
9.14522
9.60481
10.5149
10.7073
10.3771
11.9599
10.2666
12.7513
9.86052
8.56067
8.64375
7.4485
7.73075
8.72334
10.8138
10.2404
10.1442
11.5514
10.5373
10.4869
9.75206
8.07043
7.53963
8.82259
10.4485
10.7136
8.88668
9.89599
10.4052
10.5161
11.5205
10.5104
12.111
9.79463
13.7908
12.4103
14.1784
13.422
6.74114
6.91568
12.2867
1.61965
11.7887
11.6202
20.0831
9.04327
14.6601
10.9396
23.4736
12.5235
8.41421
7.44148
9.5724
7.99623
11.9348
12.6386
15.7682
11.7813
9.24456
8.56647
9.63208
9.44817
10.3532
9.98142
10.2473
9.99059
10.3238
10.649
11.2725
11.2644
10.9782
12.2582
9.75774
9.05279
8.76332
7.21944
4.04897
3.51769
7.33508
10.3211
9.50311
11.1693
9.88537
10.267
9.98875
8.08935
8.72936
9.70198
10.3077
11.9898
11.7908
10.0454
12.0006
10.8005
11.1175
18.0828
10.7327
12.1267
12.4586
12.3299
9.60128
5.85014
9.29959
12.1823
13.8525
6.95982
12.7129
23.1995
10.2214
3.66163
17.8636
18.4991
4.29623
7.0882
8.03917
3.91513
11.0315
13.1175
9.64815
11.5854
15.6815
10.5618
11.5187
9.58815
9.7395
10.0466
9.41469
10.6388
10.7867
10.4596
10.6608
10.7099
11.6965
11.3781
11.5533
10.9417
8.83962
6.22154
4.41953
5.53176
1.23156
0.792651
2.00615
5.68427
5.85877
9.60361
7.4114
9.41722
7.26762
9.45872
9.27217
8.40005
10.5165
8.91024
7.44302
11.5292
9.53807
9.79215
10.3281
6.71827
19.3917
9.3506
8.21302
11.5794
20.066
2.79617
16.6528
10.0724
8.42868
14.7692
12.0051
11.4099
17.4107
3.0721
4.14722
6.22672
0.0946287
0.0185413
0.00737863
0
7.71019
9.17197
14.9897
15.8923
11.2185
11.8176
10.9594
9.64128
8.47735
9.4936
10.1018
10.6916
6.74728
8.73202
9.81688
9.79656
12.4456
9.98607
10.2051
7.19795
2.87661
1.00891
0.29036
2.0844
0.00312158
0.159768
0.473195
1.04477
2.00937
3.03817
3.76467
3.04513
3.75767
6.92949
6.40249
3.94393
3.74056
5.37699
2.03528
2.6658
3.00607
3.13897
3.03191
4.16074
0.61517
1.19656
1.89482
0.855635
1.63316
3.4614
3.30475
0.0923312
0.00168482
0.000114118
0.0311876
0.0407479
0.0219801
0.000110141
0
0
0
0
0
0
0
16.4879
11.4713
7.14189
6.33
12.6641
9.29046
6.7684
1.82406
5.80311
6.29691
4.89117
3.23412
2.84366
6.83986
5.20116
6.16817
7.03456
5.07769
2.09513
0.226038
0.0427064
0.0611759
0.000330466
0
0.00165593
0.0116777
0.000689445
0.057764
0.239383
0.515913
0.286291
0.714831
1.39229
1.35175
0.468727
0.224873
0.522359
0.481041
0.326313
0.184048
0.0969669
0.102687
0.669155
0.144664
0.192304
0.142414
0.0849147
1.36166
3.1822
1.50006
0.555388
0.0261897
0.000133947
2.74332e-05
0
1.0486e-06
0
0
0
0
0
0
0
0
0
0
0.674583
2.1984
3.8147
2.8649
2.32662
1.24507
2.12154
2.28592
1.29206
1.23318
1.9384
5.38246
2.00103
3.43296
3.47085
1.05571
0.175053
3.34705e-05
9.91901e-06
0.000228952
4.66924e-06
0
0
0
0
2.99502e-06
0.00127609
1.92463e-05
0.00192899
0.00158877
0.00756097
0.00307441
0.000398997
0.000637716
0.00040542
0.000538709
0.000688196
0.000735025
0.000826494
0.00106443
0.00251603
0.000125731
0.00616051
0.0176696
0.0449004
0.00370779
0.002376
0.00103644
0.00235628
0.00265674
0.000225584
0
0
0
0
0
0
0
0
0
0
0
0
0
0
0.0543503
0.188267
0.55777
0.904031
0.710621
0.530415
0.260642
0.177026
0.0131998
0.317596
1.78977
0.358054
1.51677
0.231461
0.0648545
0.00020262
5.40896e-06
3.0758e-06
7.1092e-06
3.60819e-06
0
0
0
0
1.70642e-06
6.23662e-06
1.13519e-05
2.01019e-05
2.66666e-05
3.50696e-05
8.61051e-05
0.000165329
0.000317726
0.000363037
0.000192022
0.000254535
0.000421017
0.00045448
0.000518449
0.000455798
0.000208465
0.000546936
0.00433255
0.000541073
0.000254499
0.000235125
0.00424222
0.00377263
0.00315554
0.000196003
0
0
0
0
0
0
0
0
0
0
0
0
0
0
0
0
2.17888e-06
0.0225043
0.0166729
0.0017406
0.000180002
7.28913e-05
5.28514e-06
0.00151071
0.0262566
0.120183
0.239322
0.0157891
0.00244869
9.44764e-05
3.71505e-06
3.81366e-06
5.99628e-06
2.1006e-06
0
0
0
0
0
2.37006e-06
8.00746e-06
1.40112e-05
2.44267e-05
3.69351e-05
6.48215e-05
0.000107673
0.000181004
0.000288012
0.000324902
0.000193468
0.000291683
0.000386665
0.000426956
0.000372756
0.000202466
0.000195989
0.000292947
0.000351877
0.000287512
0.000190031
0.00193629
0.000789203
3.39906e-05
0
0
0
0
0
0
0
0
0
0
0
0
0
0
0
0
0
0
0
0.000215777
4.28507e-06
2.32438e-06
0
0
0.00101448
0.0136039
0.0703011
0.0339584
0.0141974
0.00185477
0.000102253
6.42054e-06
2.21379e-06
5.05656e-06
1.59873e-06
0
0
0
0
0
0
4.58671e-06
9.27343e-06
1.6077e-05
3.65158e-05
6.14454e-05
7.7769e-05
9.20235e-05
0.000181631
0.000217007
0.000208386
0.000284308
0.000287274
0.000313682
0.000351967
0.000247606
0.000194057
0.000182839
0.000251292
0.000343035
0.000110895
0.000153943
7.09894e-05
0
0
0
0
0
0
0
0
0
0
0
0
0
0
0
0
0
0
0
0
0
1.37483e-06
1.32209e-05
2.40495e-06
2.50684e-06
4.35861e-05
0.00909202
0.0450859
0.02702
0.0164132
0.00140668
0.000114057
5.46344e-06
1.55496e-06
4.09056e-06
0
0
0
0
0
0
0
0
3.52251e-06
6.09986e-06
1.05218e-05
2.52699e-05
3.10376e-05
1.80734e-05
8.78217e-06
1.72518e-05
0.000122669
0.000212092
0.000224921
0.00015971
0.000220484
0.000175816
5.89255e-05
9.59012e-05
0.000194134
0.000349791
0.000110188
2.44192e-05
0
0
0
0
0
0
0
0
0
0
0
0
0
0
0
0
0
0
0
0
0
0
4.1986e-06
4.63984e-06
3.13708e-06
2.56103e-06
5.49014e-05
0.00809247
0.0301947
0.0249456
0.00837743
0.00109287
6.36363e-05
2.09389e-06
1.61834e-06
3.2281e-06
0
0
0
1.12631e-06
2.64221e-06
2.87819e-06
1.9456e-06
1.03265e-06
1.13565e-06
1.51199e-06
2.01941e-06
3.63601e-06
7.52995e-06
7.98133e-06
1.80215e-06
4.18771e-06
2.1945e-05
0.00013306
0.000185813
1.35021e-05
9.34622e-05
4.14355e-05
1.60303e-05
4.12201e-05
0.000160503
0.000337805
0.000133826
5.45352e-06
0
1.4637e-06
3.60899e-06
0
0
0
0
0
0
0
0
0
0
0
0
0
0
0
0
0
0
0
0
0
0
1.01529e-06
0.000514034
0.0112627
0.0212738
0.022569
0.00669867
0.00116241
3.77792e-05
0
1.54141e-06
2.13292e-06
0
0
0
2.30334e-06
8.76951e-06
1.14441e-05
1.76473e-05
6.36773e-06
8.15123e-06
5.97263e-06
6.47146e-06
5.53037e-06
1.05302e-05
1.18212e-05
2.80152e-06
6.93499e-06
6.37331e-06
4.69636e-05
5.50985e-05
5.06572e-06
3.87622e-05
7.54016e-06
1.77964e-05
3.8946e-05
0.000182192
0.000336492
0.000106511
5.23981e-06
1.18531e-06
1.24854e-06
0
0
0
0
0
0
0
0
0
0
0
0
0
0
0
0
0
0
0
0
0
0
0
0
0.00123656
0.00776094
0.0159352
0.0172045
0.00665902
0.000766316
3.21746e-05
0
1.04101e-06
0
0
0
0
2.0202e-06
1.18477e-05
2.92638e-05
5.33519e-05
3.29369e-05
3.55029e-05
3.08135e-05
3.18904e-05
1.7591e-05
2.17466e-05
2.5355e-05
8.76768e-06
5.73893e-06
1.2615e-06
5.01766e-06
1.03716e-05
6.99799e-06
1.49798e-05
1.57402e-05
1.5497e-05
5.47498e-05
0.000201693
0.000318286
8.87726e-05
2.14607e-06
0
0
0
0
0
0
0
0
0
0
0
0
0
0
0
0
0
0
0
0
0
0
0
0
0
0
0.00119233
0.00454674
0.0104511
0.0104309
0.00456528
0.00042526
5.5899e-06
0
0
0
0
0
0
0
8.99546e-06
4.53787e-05
0.00010199
0.000119074
0.000112663
0.000124321
0.000107974
5.94315e-05
2.95241e-05
4.74322e-05
3.25979e-05
9.92708e-06
4.12644e-06
2.12856e-06
1.89627e-06
2.70179e-06
5.27247e-06
8.30194e-06
2.40859e-05
0.000102754
0.000261385
0.000302142
4.30166e-05
1.2222e-06
0
0
0
0
0
0
0
0
0
0
0
0
0
0
0
0
0
0
0
0
0
0
0
0
0
2.42088e-06
0.000611969
0.00333317
0.00623242
0.00681754
0.00197385
0.00011383
1.27164e-06
0
0
0
0
0
0
0
0
1.45877e-05
8.23828e-05
0.000130198
0.000168598
0.000124644
9.89522e-05
8.30054e-05
3.05115e-05
2.07897e-05
6.74222e-05
2.17095e-05
1.73008e-05
2.39261e-05
3.07264e-05
3.79696e-05
6.08088e-05
8.21193e-05
0.000142971
0.000227951
0.000286989
0.00014426
5.99039e-06
0
0
0
0
0
0
0
0
0
0
0
0
0
0
0
0
0
0
0
0
0
0
0
0
0
1.96589e-06
1.36966e-05
0.00023436
0.00187481
0.00381946
0.00343063
0.000247399
6.0432e-06
0
0
0
0
0
0
0
0
0
0
1.1529e-05
4.61638e-05
5.71134e-05
6.37259e-05
3.36697e-05
3.39606e-05
2.2543e-05
1.67529e-05
3.60787e-05
3.79299e-05
2.88028e-05
4.20862e-05
9.70845e-05
0.000100944
0.000102896
0.000151972
0.000186032
0.000186818
0.000109207
2.15985e-05
0
0
0
0
0
0
0
0
0
0
0
0
0
0
0
0
0
0
0
0
0
0
0
0
0
0
1.66174e-06
3.11409e-05
0.000162502
0.00118166
0.00162461
0.00101633
5.38959e-05
0
0
0
0
0
0
0
0
0
0
0
1.11641e-06
9.29827e-06
1.49021e-05
2.18315e-05
2.62247e-05
3.27898e-05
1.33002e-05
1.47917e-05
1.62809e-05
3.7375e-05
2.66133e-05
3.21848e-05
6.04466e-05
7.90872e-05
6.76458e-05
6.42557e-05
6.87654e-05
4.13791e-05
1.96224e-05
3.29714e-06
0
0
0
0
0
0
0
0
0
0
0
0
0
0
0
0
0
0
0
0
0
0
0
0
0
0
2.89495e-06
6.86108e-06
3.32843e-05
0.000270043
0.000657037
0.000289483
1.31101e-05
0
0
0
0
0
0
0
0
0
0
0
0
1.46274e-06
2.58432e-06
2.90417e-06
2.27111e-06
4.9809e-06
9.60324e-06
1.05773e-05
9.24747e-06
3.30266e-05
1.48144e-05
1.80944e-05
2.64575e-05
4.01356e-05
2.54082e-05
2.12045e-05
1.58991e-05
6.04959e-06
1.90676e-06
0
0
0
0
0
0
0
0
0
0
0
0
0
0
0
0
0
0
0
0
0
0
0
0
0
0
3.04047e-06
1.09701e-05
8.5547e-06
2.32367e-05
0.000118971
0.000156165
4.55886e-05
2.01904e-06
0
0
0
0
0
0
0
0
0
0
0
0
1.39568e-06
1.24652e-06
1.36784e-06
0
0
4.65313e-06
7.80781e-06
7.94207e-06
1.0013e-05
7.26084e-06
9.33811e-06
1.33007e-05
1.63672e-05
9.41088e-06
5.67028e-06
2.53161e-06
0
0
0
0
0
0
0
0
0
0
0
0
0
0
0
0
0
0
0
0
0
0
0
0
0
0
0
0
5.02759e-06
1.69589e-05
2.75991e-05
5.79279e-05
7.58889e-05
2.59903e-05
5.2287e-06
0
0
0
0
0
0
0
0
0
0
0
0
0
1.28035e-06
0
0
0
0
0
4.6966e-06
5.59573e-06
3.38397e-06
3.41874e-06
4.09643e-06
7.11865e-06
6.59318e-06
3.43081e-06
1.07384e-06
0
0
0
0
0
0
0
0
0
0
0
0
0
0
0
0
0
0
0
0
0
0
0
0
0
0
0
0
0
0
2.46146e-06
4.80256e-06
1.22915e-05
1.33819e-05
2.61134e-06
0
0
0
0
0
0
0
0
0
0
0
0
0
0
1.00888e-06
1.2119e-06
0
0
0
0
1.24408e-06
2.94199e-06
2.96666e-06
1.43347e-06
1.68347e-06
3.00193e-06
2.72154e-06
1.28026e-06
0
0
0
0
0
0
0
0
0
0
0
0
0
0
0
0
0
0
0
0
0
0
0
0
0
0
0
0
0
0
0
0
0
1.00828e-06
0
0
0
0
0
0
0
0
0
0
0
0
0
0
0
0
0
1.02219e-06
1.11804e-06
0
0
0
0
0
1.15663e-06
0
0
0
0
0
0
0
0
0
0
0
0
0
0
0
0
0
0
0
0
0
0
0
0
0
0
0
0
0
0
0
0
0
0
0
0
0
0
0
0
0
0
0
0
0
0
0
0
0
0
0
0
0
0
0
0
0
1.19647e-06
0
0
0
0
0
0
0
0
0
0
0
0
0
0
0
0
0
0
0
0
0
0
0
0
0
0
0
0
0
0
0
0
0
0
0
0
0
0
0
0
0
0
0
0
0
0
0
0
0
0
0
0
0
0
0
0
0
0
0
0
0
0
0
1.20257e-06
0
0
0
0
0
0
0
0
0
0
0
0
0
0
0
0
0
0
0
0
1.82261e-06
0
0
0
0
0
0
0
0
0
0
0
0
0
0
0
0
0
0
0
0
0
0
0
0
0
0
0
0
0
0
0
0
0
0
0
0
0
0
0
0
0
0
0
0
0
0
0
0
0
0
0
0
0
0
0
0
0
0
0
0
0
0
0
0
0
0
0
0
0
0
0
0
0
0
0
0
0
0
0
0
0
0
0
0
0
0
0
0
0
0
0
0
0
0
0
0
0
0
0
0
0
0
0
0
0
0
0
1.05546e-06
0
0
0
0
0
0
0
0
0
0
0
0
0
0
0
0
0
0
0
0
0
0
0
0
0
0
0
0
0
0
0
0
0
0
0
0
0
0
0
0
0
0
0
0
0
0
0
0
0
0
0
0
0
0
0
0
0
0
0
0
0
0
0
0
0
0
0
0
0
0
0
0
0
0
0
0
0
0
0
0
0
0
0
0
0
0
0
0
0
0
0
0
0
0
0
0
0
0
0
0
0
0
0
0
0
0
0
0
0
0
0
0
0
0
0
0
0
0
0
0
0
0
0
0
0
0
0
0
0
0
0
0
0
0
0
0
0
0
0
0
0
0
0
0
0
0
0
0
0
0
0
0
0
0
0
0
0
0
0
0
0
0
0
0
0
0
0
0
0
0
0
0
0
0
0
0
0
0
0
0
0
0
0
0
0
0
0
0
0
0
0
0
0
0
0
0
0
0
0
0
0
0
0
0
0
0
0
0
0
0
0
0
0
0
0
0
0
0
0
0
0
0
0
0
0
0
0
0
0
0
0
0
0
0
0
0
0
0
0
0
0
0
0
0
0
0
0
0
0
0
0
0
0
0
0
0
0
0
0
0
0
0
0
0
0
0
0
0
0
0
0
0
0
0
0
0
0
5.79055e-05
1.25444e-05
0
0
0
0
0
0
0
0
0
0
0
0
0
0
0
0
0
0
0
0
0
0
0
0
0
0
0
0
0
0
0
0
0
0
0
0
0
0
0
0
0
0
0
0
0
0
0
0
0
0
0
0
0
0
0
0
0
0
0
0
0
0
0.0194126
7.84641e-06
0
0
0
0
0
0
0
0
0
0
0
0
0
0
0
0
0
0
0
0
0
0
0
0
0
0
0
0
0
0
0
0
0
0
0
0
0
0
0
0
0
0
0
1.01016e-06
0
0
0
0
0
0
0
0
0
0
0
0
0
0
0
0
0
0
0
0
0
0
0
0
0
0
0
0
0
0
0
0
0
0
0
0
0
0
0
0
0
0
0
0
0
0
0
0
0
0
0
0
0
0
0
0
0
0
0
0
0
0
0
1.07161e-06
1.18756e-06
0
0
0
0
0
0
0
0
0
0
0
0
0
0
0
0
0
0
0
0
0
0
0
0
0
0
0
0
0
0
0
0
0
0
0
0
0
0
0
0
0
0
0
0
0
0
0
0
0
0
0
0
0
0
0
0
0
0
0
0
0
0
0
0
0
0
0
0
0
0
0
0
0
0
0
0
0
0
0
0
0
0
0
0
0
0
0
0
0
0
0
0
0
0
0
0
0
0
0
0
0
0
0
0
0
0
0
0
0
0
0
0
0
0
0
0
0
0
0
0
0
0
0
0
0
0
0
0
0
0
0
0
0
0
0
0
0
0
0
0
0
0
0
0
0
0
0
0
0
0
0
0
0
0
0
0
0
0
0
0
0
0
0
0
0
0
0
0
0
0
0
0
0
0
0
0
0
0
0
0
0
0
0
0
0
0
0
0
0
0
0
0
0
0
0
0
0
0
0
0
0
0
0
0
0
0
0
0
0
0
0
0
0
0
0
0
0
0
0
0
0
0
0
0
0
0
0
0
0
0
0
0
0
0
0
0
0
0
0
0
0
0
0
0
0
0
0
0
0
0
0
0
0
0
0
0
0
0
0
0
0
0
0
0
0
0
0
0
0
0
0
0
0
0
0
0
0
0
0
0
0
0
0
0
0
0
0
0
0
0
0
0
0
0
0
0
0
0
0
0
0
0
0
0
0
0
0
0
0
0
0
0
0
0
0
0
0
0
0
0
0
0
0
0
0
0
0
0
0
0
0
0
0
0
0
0
0
0
0
0
0
0
0
0
0
0
0
0
0
0
0
0
0
0
0
0
0
0
0
0
0
0
0
0
0
0
0
0
0
0
0
0
0
0
0
0
0
0
0
0
0
0
0
0
0
0
0
0
0
0
0
0
0
0
0
0
0
0
0
0
0
0
0
0
0
0
0
0
0
0
0
0
0
0
0
0
0
0
0
0
0
0
0
0
0
0
0
0
0
0
0
0
0
0
0
0
0
0
0
0
0
0
0
0
0
0
0
0
0
0
0
0
0
0
0
0
0
0
0
0
0
0
0
0
0
0
0
0
0
0
0
0
0
0
0
0
0
0
0
0
0
0
0
0
0
0
0
0
0
0
0
0
0
0
0
0
0
0
0
0
0
0
0
0
0
0
0
0
0
0
0
0
0
0
0
0
0
0
0
0
0
0
0
0
0
0
0
0
0
0
0
0
0
0
0
0
0
0
0
0
0
0
0
0
0
0
0
0
0
0
0
0
0
0
0
0
0
0
0
0
0
0
0
0
0
0
0
0
0
0
0
0
0
0
0
0
0
0
0
0
0
0
0
0
0
0
0
0
0
0
0
0
0
0
0
0
0
0
0
0
0
0
0
0
0
0
0
0
0
0
0
0
0
0
0
0
0
0
0
0
0
0
0
0
0
0
0
0
0
0
0
0
0
0
0
0
0
0
0
0
0
0
0
0
0
0
0
0
0
0
0
0
0
0
0
0
0
0
0
0
0
0
0
0
0
0
0
0
0
0
0
0
0
0
0
0
0
0
0
0
0
0
0
0
0
0
0
0
0
0
0
0
0
0
0
0
0
0
0
0
0
0
0
0
0
0
0
0
0
0
0
0
0
0
0
0
0
0
0
0
0
0
0
0
0
0
0
0
0
0
0
0
0
0
0
0
0
0
0
0
0
0
0
0
0
0
0
0
0
0
0
0
0
0
0
0
0
0
0
0
0
0
0
0
0
0
0
0
0
0
0
0
0
0
0
0
0
0
0
0
0
0
0
0
0
0
0
0
0
0
0
0
0
0
0
0
0
0
0
0
0
0
0
0
0
0
0
0
0
0
0
0
0
0
0
0
0
0
0
0
0
0
0
0
0
0
0
0
0
0
0
0
0
0
0
0
0
0
0
0
0
0
0
0
0
0
0
0
0
0
0
0
0
0
0
0
0
0
0
0
0
0
0
0
0
0
0
0
0
0
0
0
0
0
0
0
0
0
0
0
0
0
0
0
0
0
0
0
0
0
0
0
0
0
0
0
0
0
0
0
0
0
0
0
0
0
0
0
0
0
0
0
0
0
0
0
0
0
0
0
0
0
0
0
0
0
0
0
0
0
0
0
0
0
0
0
0
0
0
0
0
0
0
0
0
0
0
0
0
0
0
0
0
0
0
0
0
0
0
0
0
0
0
0
0
0
0
0
0
0
0
0
0
0
0
0
0
0
0
0
0
0
0
0
0
0
0
0
0
0
0
0
0
0
0
0
0
0
0
0
0
0
0
0
0
0
0
0
0
0
0
0
0
0
0
0
0
0
0
0
0
0
0
0
0
0
0
0
0
0
0
0
0
0
0
0
0
0
0
0
0
0
0
0
0
0
0
0
0
0
0
0
0
0
0
0
0
0
0
0
0
0
0
0
0
0
0
0
0
0
0
0
0
0
0
0
0
0
0
0
0
0
0
0
0
0
0
0
0
0
0
0
0
0
0
0
0
0
0
0
0
0
0
0
0
0
0
0
0
0
0
0
0
0
0
0
0
0
0
0
0
0
0
0
0
0
0
0
0
0
0
0
0
0
0
0
0
0
0
0
0
0
0
0
0
0
0
0
0
0
0
0
0
0
0
0
0
0
0
0
0
0
0
0
0
0
0
0
0
0
0
0
0
0
0
0
0
0
0
0
0
0
0
0
0
0
0
0
0
0
0
0
0
0
0
0
0
0
0
0
0
0
0
0
0
0
0
0
0
0
0
0
0
0
0
0
0
0
0
0
0
0
0
0
0
0
0
0
0
0
0
0
0
0
0
0
0
0
0
0
0
0
0
0
0
0
0
0
0
0
0
0
0
0
0
0
0
0
0
0
0
0
0
0
0
0
0
0
0
0
0
0
0
0
0
0
0
0
0
0
0
0
0
0
0
0
0
0
0
0
0
0
0
0
0
0
0
0
0
0
0
0
0
0
0
0
0
0
0
0
0
0
0
0
0
0
0
0
0
0
0
0
0
0
0
0
0
0
0
0
0
0
0
0
0
0
0
0
0
0
0
0
0
0
0
0
0
0
0
0
0
0
0
0
0
0
0
0
0
0
0
0
0
0
0
0
0
0
0
0
0
0
0
0
0
0
0
0
0
0
0
0
0
0
0
0
0
0
0
0
0
0
0
0
0
0
0
0
0
0
0
0
0
0
0
0
0
0
0
0
0
0
0
0
0
0
0
0
0
0
0
0
0
0
0
0
0
0
0
0
0
0
0
0
0
0
0
0
0
0
0
0
0
0
0
0
0
0
0
0
0
0
0
0
0
0
0
0
0
0
0
0
0
0
0
0
0
0
0
0
0
0
0
0
0
0
0
0
0
0
0
0
0
0
0
0
0
0
0
0
0
0
0
0
0
0
0
0
0
0
0
0
0
0
0
0
0
0
0
0
0
0
0
0
0
0
0
0
0
0
0
0
0
0
0
0
0
0
0
0
0
0
0
0
0
0
0
0
0
0
0
0
0
0
0
0
0
0
0
0
0
0
0
0
0
0
0
0
0
0
0
0
0
0
0
0
0
0
0
0
0
0
0
0
0
0
0
0
0
0
0
0
0
0
0
0
0
0
0
0
0
0
0
0
0
0
0
0
0
0
0
0
0
0
0
0
0
0
0
0
0
0
0
0
0
0
0
0
0
0
0
0
0
0
0
0
0
0
0
0
0
0
0
0
0
0
0
0
0
0
0
0
0
0
0
0
0
0
0
0
0
0
0
0
0
0
0
0
0
0
0
0
0
0
0
0
0
0
0
0
0
0
0
0
0
0
0
0
0
0
0
0
0
0
0
0
0
0
0
0
0
0
0
0
0
0
0
0
0
0
0
0
0
0
0
0
0
0
0
0
0
0
0
0
0
0
0
0
0
0
0
0
0
0
0
0
0
0
0
0
0
0
0
0
0
0
0
0
0
0
0
0
0
0
0
0
0
0
0
0
0
0
0
0
0
0
0
0
0
0
0
0
0
0
0
0
0
0
0
0
0
0
0
0
0
0
0
0
0
0
0
0
0
0
0
0
0
0
0
0
0
0
0
0
0
0
0
0
0
0
0
0
0
0
0
0
0
0
0
0
0
0
0
0
0
0
0
0
0
0
0
0
0
0
0
0
0
0
0
0
0
0
0
0
0
0
0
0
0
0
0
0
0
0
0
0
0
0
0
0
0
0
0
0
0
0
0
0
0
0
0
0
0
0
0
0
0
0
0
0
0
0
0
0
0
0
0
0
0
0
0
0
0
0
0
0
0
0
0
0
0
0
0
0
0
0
0
0
0
0
0
0
0
0
0
0
0
0
0
0
0
0
0
0
0
0
0
0
0
0
0
0
0
0
0
0
0
0
0
0
0
0
0
0
0
0
0
0
0
0
0
0
0
0
0
0
0
0
0
0
0
0
0
0
0
0
0
0
0
0
0
0
0
0
0
0
0
0
0
0
8.31308
9.07805
10.8304
9.81889
11.0581
11.2534
11.7689
10.9273
8.69384
10.5818
8.72272
6.9659
9.82581
12.3412
7.28188
9.95561
10.0481
10.2714
14.3449
10.2416
8.50768
14.3763
11.3125
8.32682
8.78241
7.35741
8.38788
8.81061
10.8197
8.35648
11.62
14.8824
11.6898
8.76409
10.2377
8.6939
15.7396
10.2108
10.335
11.3071
12.2193
12.6322
10.0867
11.4202
14.9518
11.2667
11.2197
10.4098
9.73804
8.64077
8.99143
9.44596
9.94792
10.8528
11.668
9.19032
9.56609
11.6881
11.5415
12.1392
9.52218
7.29711
7.90192
6.62262
7.63818
8.72988
10.9545
9.8713
10.7111
11.3448
11.0347
11.3927
8.80956
10.4034
8.92875
8.92878
8.10037
7.4977
7.54161
10.1972
9.76968
11.2979
14.6658
14.384
9.38905
17.0237
6.23051
15.7748
21.2912
14.6046
11.3403
13.1073
3.91772
13.6485
16.3745
13.663
2.62183
16.2841
15.9559
3.12822
22.5647
14.4875
7.55969
9.49988
7.92958
11.216
8.57094
9.97492
12.1753
11.3385
12.5583
10.6599
9.22324
9.12733
10.1533
10.8673
10.7193
11.0375
11.1527
9.13865
11.3834
11.4715
11.9406
11.5588
9.35944
8.33167
8.14228
6.14637
3.78998
2.55639
10.5215
9.21698
9.73645
11.2009
9.49545
11.4236
8.71378
9.29918
10.4237
10.0961
6.94012
10.0844
9.49531
11.2971
10.1063
11.0059
15.2185
19.3568
10.7768
13.7132
13.5811
0.768747
7.71061
13.1211
11.5261
9.10135
8.679
6.62898
0.0844996
22.4017
3.98545
6.04478
1.42312
0.172445
0.227242
5.61249
10.1038
1.36714
5.02189
11.9053
13.925
11.8479
11.2913
12.0949
10.4198
10.5272
9.75483
9.94222
10.7677
10.2736
11.1331
11.9518
10.7022
10.8989
11.9233
11.3329
11.7518
10.3292
7.83605
6.47068
6.4236
3.23481
1.13552
1.06317
6.72666
3.33954
5.77107
9.62796
6.33605
8.7868
8.81347
8.08048
11.0648
11.1559
10.3612
9.8336
13.1887
9.04364
11.9959
6.8549
9.98084
4.824
14.0059
7.26323
8.50021
18.3675
16.2904
6.33346
7.11962
11.0958
23.6058
13.1247
13.6784
22.2032
28.9921
22.9216
12.4938
8.1016
0.650557
0.0279285
0.00872938
0.969732
5.32809
5.66652
5.34967
8.15764
11.3269
14.6151
10.4446
9.28609
9.67676
9.68663
9.05809
7.66953
11.4769
11.7603
8.90782
10.1725
12.515
8.60343
8.93694
5.84746
1.88348
1.70206
3.08212
0.559292
0.000516492
0.123879
0.430031
1.01327
1.77157
2.96912
3.24428
2.96472
4.1697
5.42076
9.4436
7.38371
8.70466
6.36917
6.06225
6.50831
4.85751
1.51386
3.09273
1.70078
1.27833
1.96116
5.07643
5.54744
4.01054
4.60113
6.32127
5.12962
10.9536
1.13987
0.69393
0.0817535
0.0183301
2.67861e-06
0.000249403
0
0
0
0
0
0
0
3.24933
14.3639
8.85461
10.4925
5.96413
7.62402
9.0872
7.6644
3.96309
1.21076
7.15484
4.10488
5.5066
5.29532
7.40084
5.74487
3.32226
1.21802
0.109572
0.0126053
0.418145
0.000116808
0
0.000343475
0
0.0454248
0.0976134
0.310045
0.536062
0.505696
0.887456
1.46748
2.16656
1.34143
1.6262
1.78615
0.701827
0.934563
0.402615
0.114034
0.106479
0.117541
0.296883
0.170748
0.183446
0.977864
0.786372
0.337671
0.380813
1.70574
2.33498
1.95689
0.184255
0
0
0
0
0
0
0
0
0
0
0
0
1.24326
4.24238
4.64982
2.97381
2.99289
2.70764
2.82942
0.0203692
1.3314
1.32851
0.878836
3.33261
2.42744
3.35649
1.94022
0.601137
0.0894942
8.12808e-06
1.17998e-05
0.000169199
3.89057e-06
0
0
0
0
2.97438e-06
0.0123001
1.09895e-05
0.0135641
0.0283457
0.00627592
0.0122775
0.00418042
0.00367095
0.00273057
0.00119911
0.000567418
0.000427259
0.00052296
0.000493732
0.00312202
0.00023702
0.000401373
0.0603558
0.0379629
0.0351987
0.114927
0.159221
1.80556
0.860071
0.434986
1.46615e-05
0
0
0
0
0
0
0
0
0
0
0
0
0
0.0191218
0.0800972
0.208124
0.0319466
0.0351175
0.0250134
0.0131169
0.00345677
0.0113723
0.0517336
0.248612
0.477838
1.40255
0.0862594
0.0332552
4.43975e-05
1.16138e-06
1.87076e-06
6.08304e-06
2.89399e-06
0
0
0
0
1.87836e-06
6.57975e-06
1.20773e-05
1.31118e-05
1.16765e-05
7.22213e-06
1.62329e-05
0.00010537
0.000322728
0.00035637
0.000466534
0.000483103
0.00051803
0.000577471
0.00055636
0.000444433
0.000163078
3.99247e-05
0.00642126
0.00119145
0.00174771
0.00978409
0.0825118
0.169717
0.0103838
0.0246513
1.01967e-06
0
0
0
0
0
0
0
0
0
0
0
0
0
0
0
0
1.85383e-05
0.000169918
0.000133777
2.49211e-05
0
0
1.13999e-05
0.0159097
0.0550267
0.0687566
0.00525544
0.00071758
1.43586e-05
0
1.67976e-06
5.29466e-06
1.4885e-06
0
0
0
0
0
3.22305e-06
1.02187e-05
1.96364e-05
2.40636e-05
1.62332e-05
1.47603e-05
7.44222e-05
0.000150246
0.000384975
0.00048091
0.000471796
0.000469066
0.000526845
0.000480904
0.000299202
8.457e-05
4.08926e-05
0.000197801
0.00016192
8.57664e-05
0.0104117
0.0265397
0.00553299
0.0126841
0.061322
0
1.4432e-06
0
0
0
0
0
0
0
0
0
0
0
0
0
0
0
0
1.68161e-06
9.34607e-06
0
0
0
6.62815e-06
0.0131963
0.0328967
0.0153623
0.00229079
0.000371277
1.89375e-05
0
1.58937e-06
4.43187e-06
1.10921e-06
0
0
0
0
0
1.08904e-06
6.69849e-06
1.6836e-05
3.13699e-05
4.394e-05
3.6159e-05
5.95375e-05
0.00019252
0.000266241
0.000438426
0.000485124
0.000466613
0.000412498
0.000383605
0.000314078
0.000178283
0.000105935
0.000123209
0.000219802
0.000183898
0.00329825
0.00211829
0.0129564
0.0438745
0.000963507
8.37041e-06
1.00562e-05
0
0
0
0
0
0
0
0
0
0
0
0
0
0
0
0
0
1.89604e-06
0
5.6553e-06
5.6165e-06
5.60606e-05
0.00958896
0.0379776
0.0170906
0.00328555
0.000361496
1.80629e-05
0
1.39394e-06
3.47258e-06
0
0
0
0
0
0
0
1.04454e-06
7.4074e-06
1.70148e-05
3.88113e-05
8.10645e-05
0.000127048
0.000141036
0.000221091
0.000294656
0.000420919
0.000441717
0.000329351
0.000291633
0.000261353
0.000187763
0.000148164
0.0001131
0.000169045
0.000270456
0.000159776
0.000368211
0.016358
0.0740273
0.00884876
2.08839e-05
5.74599e-06
2.95998e-06
0
0
0
0
0
0
0
0
0
0
0
0
0
0
0
0
0
0
2.68151e-06
2.6555e-06
0.00038931
0.0163879
0.0356539
0.0192892
0.00331458
0.000386954
6.90054e-06
0
1.49006e-06
2.4791e-06
0
0
0
1.53987e-06
2.44341e-06
2.33205e-06
1.24305e-06
0
1.30105e-06
2.89256e-06
7.31194e-06
1.59809e-05
4.84819e-05
5.82927e-05
6.72801e-05
0.000195379
0.000338049
0.000472284
0.000330272
0.000135826
0.000142899
8.04561e-05
7.45818e-05
8.47813e-05
0.000173299
0.000315569
5.47748e-05
0.000743845
0.0278582
0.303192
0.049626
4.727e-06
0
0
0
0
0
0
0
0
0
0
0
0
0
0
0
0
0
0
0
1.21295e-06
1.45187e-06
1.38008e-06
0.000819253
0.0190032
0.0234147
0.0141178
0.00297471
0.000333142
3.00006e-06
0
1.25223e-06
1.35533e-06
0
0
0
3.29436e-06
9.358e-06
1.08101e-05
1.08985e-05
3.47925e-06
2.96174e-06
4.94083e-06
3.9592e-06
6.28671e-06
1.57471e-05
2.6855e-05
4.00703e-05
8.98487e-05
0.000153878
0.000242678
0.000256239
0.000119407
9.2298e-05
5.32992e-05
5.18977e-05
5.50752e-05
0.000159275
0.000316672
3.00694e-05
0.000332285
0.00122705
0.001682
2.82455e-06
2.46355e-06
0
0
0
0
0
0
0
0
0
0
0
0
0
0
0
0
0
0
0
0
0
0
0.00273369
0.0150655
0.0171998
0.0116581
0.00313838
0.000193753
1.9076e-06
0
0
0
0
0
0
2.49247e-06
1.60166e-05
3.22782e-05
5.41247e-05
2.1518e-05
1.08163e-05
2.02585e-05
1.44176e-05
1.47093e-05
2.19226e-05
2.78059e-05
4.08688e-05
5.63931e-05
2.91298e-05
6.65635e-05
0.000133897
7.29607e-05
5.74462e-05
4.41094e-05
3.87106e-05
5.12091e-05
0.000153459
0.000298075
0.000101045
4.52046e-05
0.000208927
0
0
5.47966e-06
2.29353e-06
0
0
0
0
0
0
0
0
0
0
0
0
0
0
0
0
0
0
0
1.0815e-06
3.0725e-06
0.00273181
0.0092705
0.0118005
0.0106571
0.00249497
0.000137404
0
0
0
0
0
0
0
0
1.10941e-05
6.01883e-05
0.000116183
0.000104703
7.95387e-05
0.000100866
9.1039e-05
6.11683e-05
6.79613e-05
6.2431e-05
4.41376e-05
1.85798e-05
7.18946e-06
1.21591e-05
2.37573e-05
1.8899e-05
2.39378e-05
2.2818e-05
2.45702e-05
5.40125e-05
0.000187524
0.000269981
6.64199e-05
4.48713e-06
0
1.2781e-06
2.1015e-06
3.72621e-06
4.02175e-06
0
0
0
0
0
0
0
0
0
0
0
0
0
0
0
0
0
0
0
4.96557e-06
3.04261e-05
0.00112356
0.0060631
0.00936122
0.00756795
0.00152241
1.32288e-05
0
0
0
0
0
0
0
0
1.48304e-06
3.10387e-05
0.000154427
0.000204826
0.000204554
0.000241232
0.000251436
0.000142551
0.000111565
0.000156371
0.00017513
0.000122208
6.48771e-05
4.3459e-05
1.02025e-05
1.15914e-05
8.06367e-06
7.36207e-06
2.77776e-05
0.000127366
0.000281107
0.000165634
8.6433e-06
1.07923e-05
0.000131718
0.0004271
2.09666e-06
6.04545e-06
0
0
0
0
0
0
0
0
0
0
0
0
0
0
0
0
0
0
0
0
1.37372e-05
6.27818e-05
0.000818229
0.00439155
0.00517412
0.00363061
0.000346292
1.49209e-06
0
0
0
0
0
0
0
0
0
1.34661e-06
5.12037e-05
0.000173651
0.000167778
0.000175787
0.000214149
0.00016353
8.70267e-05
0.000120963
0.000275964
0.000294573
0.000267936
0.000253262
0.000216325
0.000118054
0.000179342
0.000225386
0.000221839
0.000242844
0.000172327
3.62808e-05
0
1.33944e-05
0.000324629
0.000295819
1.43375e-05
1.61928e-05
1.33693e-05
0
0
0
0
0
0
0
0
0
0
0
0
0
0
0
0
0
0
0
7.81937e-06
0.000138921
0.000426773
0.0021787
0.00253333
0.000889214
1.32217e-05
0
0
0
0
0
0
0
0
0
0
1.04076e-06
4.47269e-06
7.40931e-05
0.000106
9.89413e-05
0.00015434
0.000144834
8.05804e-05
8.90526e-05
0.000158457
0.000263791
0.000245072
0.000324827
0.000347599
0.000305146
0.00027002
0.000211432
0.000156849
8.97961e-05
4.15462e-05
8.39907e-06
0
0
4.63947e-05
0.000122376
5.18194e-06
1.18033e-05
1.04336e-06
0
0
0
0
0
0
0
0
0
0
0
0
0
0
0
0
0
1.42585e-06
1.40684e-06
5.45873e-06
8.56922e-05
0.000315323
0.00121928
0.00124357
0.000285469
4.84292e-06
0
0
0
0
0
0
0
0
0
0
0
2.51559e-06
1.95224e-05
3.63803e-05
3.06158e-05
4.86092e-05
0.000108333
5.2716e-05
6.20577e-05
0.000100107
0.000160862
0.000138246
0.000163723
0.000156975
0.000121357
8.96684e-05
7.55658e-05
4.76964e-05
2.02389e-05
7.52414e-06
1.43422e-06
0
0
2.26006e-05
2.06994e-05
2.36379e-06
1.07604e-05
0
0
0
0
0
0
0
0
0
0
0
0
0
0
0
0
0
0
5.19076e-06
1.41466e-05
4.06241e-05
0.000103306
0.000202315
0.000527546
0.000344672
5.83735e-05
0
0
0
0
0
0
0
0
0
0
0
0
2.7562e-06
6.01855e-06
1.70234e-05
2.36269e-05
1.80599e-05
3.40651e-05
4.97755e-05
4.5842e-05
6.86915e-05
8.18866e-05
8.20768e-05
6.94348e-05
6.35701e-05
4.61221e-05
3.16776e-05
2.1433e-05
1.09721e-05
4.22038e-06
1.34512e-06
0
0
0
4.31189e-06
0
3.62749e-06
3.59107e-05
1.10367e-05
0
0
0
0
0
0
0
0
0
0
0
0
0
0
0
0
0
2.75134e-06
1.46159e-05
5.13719e-05
0.000135066
0.000206844
0.000189464
4.86489e-05
7.32717e-06
0
0
0
0
0
0
0
0
0
0
0
0
1.87453e-06
4.81845e-06
5.77505e-06
7.48249e-06
3.67989e-06
1.56243e-06
1.86774e-05
2.36477e-05
3.6519e-05
4.57728e-05
4.64046e-05
3.63985e-05
2.83806e-05
2.05992e-05
1.34065e-05
6.71151e-06
2.6309e-06
0
0
0
0
0
0
0
0
7.18082e-06
5.03972e-06
0
0
0
0
0
0
0
0
0
0
0
0
0
0
0
0
0
0
2.0103e-06
1.87751e-05
4.72208e-05
5.6416e-05
2.74833e-05
4.86834e-06
0
0
0
0
0
0
0
0
0
0
0
0
0
1.33001e-06
4.31068e-06
6.25587e-06
5.69139e-06
3.29875e-06
1.0575e-06
3.24654e-06
1.13484e-05
2.12945e-05
2.5362e-05
2.26263e-05
1.9938e-05
1.44486e-05
1.04441e-05
6.03782e-06
2.31245e-06
0
0
0
0
0
0
0
0
0
2.74743e-05
3.61991e-06
0
0
0
0
0
0
0
0
0
0
0
0
0
0
0
0
0
0
0
4.07982e-06
5.99012e-06
3.18501e-06
1.53435e-06
0
0
0
0
0
0
0
0
0
0
0
0
0
0
1.15536e-06
3.55204e-06
7.0485e-06
8.37463e-06
6.55175e-06
1.00264e-06
0
3.33739e-06
8.67402e-06
1.18481e-05
9.5005e-06
8.9662e-06
6.63819e-06
4.32056e-06
2.21267e-06
0
0
0
0
0
0
0
0
0
1.16833e-05
1.17708e-05
0
0
0
0
0
0
0
0
0
0
0
0
0
0
0
0
0
0
0
0
0
0
0
0
0
0
0
0
0
0
0
0
0
0
0
0
0
0
1.47228e-06
3.42099e-06
6.85972e-06
8.61248e-06
4.89654e-06
1.02255e-06
0
0
2.25144e-06
2.91843e-06
3.62459e-06
3.66743e-06
3.00309e-06
1.69464e-06
0
0
0
0
0
0
0
0
0
1.98831e-06
4.05617e-05
0.000124428
0
0
0
0
0
0
0
0
0
0
0
0
0
0
0
0
0
0
0
0
0
0
0
0
0
0
0
0
0
0
0
0
0
0
0
0
0
0
1.55893e-06
2.90695e-06
5.91624e-06
8.18099e-06
4.92351e-06
2.15419e-06
0
0
0
0
0
0
0
0
0
0
0
0
0
0
0
0.000153222
7.04338e-05
0
3.84856e-06
4.99989e-06
0
0
0
0
0
0
0
0
0
0
0
0
0
0
0
0
0
0
0
0
0
0
0
0
0
0
0
0
0
0
0
0
0
0
0
0
0
0
1.46781e-06
2.13591e-06
4.80981e-06
7.28648e-06
7.05005e-06
3.85217e-06
1.22636e-06
0
0
0
0
0
0
0
0
0
0
0
0
0
1.23485e-05
6.6242e-05
2.56797e-05
2.53808e-05
1.15659e-05
0
0
0
0
0
0
0
0
0
0
0
0
0
0
0
0
0
0
0
0
0
0
0
0
0
0
0
0
0
0
0
0
0
0
0
0
0
0
1.02144e-06
1.96621e-06
3.13664e-06
5.26028e-06
7.48667e-06
8.50341e-06
5.73635e-06
2.21415e-06
0
0
0
0
0
0
0
0
0
0
0
0
0
9.18184e-06
0
0
0
0
0.0126208
0.00655059
0
0
0
0
0
0
0
0
0
0
0
0
0
0
0
0
0
0
0
0
0
0
0
0
0
0
0
0
0
0
0
0
0
0
0
0
0
1.88241e-06
2.78328e-06
3.9775e-06
5.0105e-06
5.96366e-06
6.19732e-06
4.13821e-06
1.97363e-06
1.11572e-06
0
0
0
0
0
0
0
0
0
0
0
0
0
0
0
0
0
0
0
0
0
0
0
0
0
0
0
0
0
0
0
0
0
0
0
0
0
0
0
0
0
0
0
0
0
0
0
0
0
0
0
0
0
0
0
1.64929e-06
2.3396e-06
3.2493e-06
4.64591e-06
5.58664e-06
6.0392e-06
4.99783e-06
2.73115e-06
1.3122e-06
0
0
0
0
0
0
0
0
0
0
0
0
0
0
0
0
0
0
0.00693715
0
0
0
0
0
0
0
0
0
0
0
0
0
0
0
0
0
0
0
0
0
0
0
0
0
0
0
0
0
0
0
0
0
0
0
0
1.63442e-06
2.69418e-06
4.07938e-06
5.40088e-06
6.50309e-06
6.80036e-06
5.6477e-06
3.39022e-06
1.88676e-06
1.10106e-06
0
0
0
0
0
0
0
0
0
0
0
0
0
0
0
0.0588152
7.14715e-06
0
0
0
0
0
0
0
0
0
0
0
0
0
0
0
0
0
0
0
0
0
0
0
0
0
0
0
0
0
0
0
0
0
0
0
0
0
1.42996e-06
2.51299e-06
4.14592e-06
5.49484e-06
6.52978e-06
6.01586e-06
5.73802e-06
4.82793e-06
3.08356e-06
1.75493e-06
1.2262e-06
0
0
0
0
0
0
0
0
0
0
0
0
0
0
0.0284884
1.00482e-05
0
0
0
0
0
0
0
0
0
0
0
0
0
0
0
0
0
0
0
0
0
0
0
0
0
0
0
0
0
0
0
0
0
0
0
0
0
1.22015e-06
2.17214e-06
3.71262e-06
4.45456e-06
5.79143e-06
7.02719e-06
7.43154e-06
6.53684e-06
4.79984e-06
3.244e-06
2.15716e-06
0
0
0
0
0
0
0
0
0
0
0
0
0
0.00992173
0.150916
0.0806825
0
0
0
0
0
0
0
0
0
0
0
0
0
0
0
0
0
0
0
0
0
0
0
0
0
0
0
0
0
0
0
0
0
0
0
0
0
1.02638e-06
1.84415e-06
3.26165e-06
5.04971e-06
6.43084e-06
7.40147e-06
7.15168e-06
7.03794e-06
6.03948e-06
4.67606e-06
3.23637e-06
1.37174e-06
0
0
0
0
0
0
0
0
0
0
0
9.34203e-05
0.017058
0.0107281
0
0.0016868
0
0
0
0
0
0
0
0
0
0
0
0
0
0
0
0
0
0
0
0
0
0
0
0
0
0
0
0
0
0
0
0
0
0
0
0
0
1.6763e-06
3.04098e-06
4.36039e-06
4.60751e-06
5.60003e-06
6.79157e-06
6.98855e-06
6.14647e-06
5.07065e-06
3.64017e-06
2.01298e-06
0
0
0
0
0
0
0
0
0
0
0
0
0
0
0.0939916
0.226026
0
4.05361e-05
0
0
0
0
0
0
0
0
0
0
0
0
0
0
0
0
0
0
0
0
0
0
0
0
0
0
0
0
0
0
0
0
0
0
0
1.08704e-06
2.13665e-06
3.16854e-06
3.96253e-06
4.29889e-06
5.30928e-06
5.45342e-06
5.12155e-06
4.6113e-06
3.83998e-06
2.33533e-06
0
0
0
0
0
0
0
0
0
0
0
0
0
0
0
0
0
0
0
0
0
0
0
0
0
0
0
0
0
0
0
0
0
0
0
0
0
0
0
0
0
0
0
0
0
0
0
0
0
0
0
0
0
0
1.53791e-06
2.32282e-06
3.01968e-06
3.2811e-06
3.50769e-06
4.00632e-06
3.85777e-06
3.71625e-06
3.23592e-06
1.76949e-06
0
0
0
0
0
0
0
0
0
0
0
0
0
0
0
0
0
0
0
0
0
0
0
0
0
0
0
0
0
0
0
0
0
0
0
0
0
0
0
0
0
0
0
0
0
0
0
0
0
0
0
0
0
0
0
1.30551e-06
1.72924e-06
1.94784e-06
2.04155e-06
2.26361e-06
2.30089e-06
1.89562e-06
1.23991e-06
0
0
0
0
0
0
0
0
0
0
0
0
0
0
0
0
0
0
0
0
0
0
0
0
0
0
0
0
0
0
0
0
0
0
0
0
0
0
0
0
0
0
0
0
0
0
0
0
0
0
0
0
0
0
0
0
0
0
0
0
1.07295e-06
1.09189e-06
0
0
0
0
0
0
0
0
0
0
0
0
0
0
0
0
0
0
0
0
0
0
0
0
0
0
0
0
0
0
0
0
0
0
0
0
0
0
0
0
0
0
0
0
0
0
0
0
0
0
0
0
0
0
0
0
0
0
0
0
0
0
0
0
0
0
0
0
0
0
0
0
0
0
0
0
0
0
0
0
0
0
0
0
0
0
0
0
0
0
0
0
0
0
0
0
0
0
0
0
0
0
0
0
0
0
0
0
0
0
0
0
0
0
0
0
0
0
0
0
0
0
0
0
0
0
0
0
0
0
0
0
0
0
0
0
0
0
0
0
0
0
0
0
0
0
0
0
0
0
0
0
0
0
0
0
0
0
0
0
0
0
0
0
0
0
0
0
0
0
0
0
0
0
0
0
0
0
0
0
0
0
0
0
0
0
0
0
0
0
0
0
0
0
0
0
0
0
0
0
0
0
0
0
0
0
0
0
0
0
0
0
0
0
0
0
0
0
0
0
0
0
0
0
0
0
0
0
0
0
0
0
0
0
0
0
0
0
0
0
0
0
0
0
0
0
0
0
0
0
0
0
0
0
0
0
0
0
0
0
0
0
0
0
0
0
0
0
0
0
0
0
0
0
0
0
0
0
0
0
0
0
0
0
0
0
0
0
0
0
0
0
0
0
0
0
0
0
0
0
0
0
0
0
0
0
0
0
0
0
0
0
0
0
0
0
0
0
0
0
0
0
0
0
0
0
0
0
0
0
0
0
0
0
0
0
0
0
0
0
0
0
0
0
0
0
0
0
0
0
0
0
0
0
0
0
0
0
0
0
0
0
0
0
0
0
0
0
0
0
0
0
0
0
0
0
0
0
0
0
0
0
0
0
0
0
0
0
0
0
0
0
0
0
0
0
0
0
0
0
0
0
0
0
0
0
0
0
0
0
0
0
0
0
0
0
0
0
0
0
0
0
0
0
0
0
0
0
0
0
0
0
0
0
0
0
0
0
0
0
0
0
0
0
0
0
0
0
0
0
0
0
0
0
0
0
0
0
0
0
0
0
0
0
0
0
0
0
0
0
0
0
0
0
0
0
0
0
0
0
0
0
0
0
0
0
0
0
0
0
0
0
0
0
0
0
0
0
0
0
0
0
0
0
0
0
0
0
0
0
0
0
0
0
0
0
0
0
0
0
0
0
0
0
0
0
0
0
0
0
0
0
0
0
0
0
0
0
0
0
0
0
0
0
0
0
0
0
0
0
0
0
0
0
0
0
0
0
0
0
0
0
0
0
0
0
0
0
0
0
0
0
0
0
0
0
0
0
0
0
0
0
0
0
0
0
0
0
0
0
0
0
0
0
0
0
0
0
0
0
0
0
0
0
0
0
0
0
0
0
0
0
0
0
0
0
0
0
0
0
0
0
0
0
0
0
0
0
0
0
0
0
0
0
0
0
0
0
0
0
0
0
0
0
0
0
0
0
0
0
0
0
0
0
0
0
0
0
0
0
0
0
0
0
0
0
0
0
0
0
0
0
0
0
0
0
0
0
0
0
0
0
0
0
0
0
0
0
0
0
0
0
0
0
0
0
0
0
0
0
0
0
0
0
0
0
0
0
0
0
0
0
0
0
0
0
0
0
0
0
0
0
0
0
0
0
0
0
0
0
0
0
0
0
0
0
0
0
0
0
0
0
0
0
0
0
0
0
0
0
0
0
0
0
0
0
0
0
0
0
0
0
0
0
0
0
0
0
0
0
0
0
0
0
0
0
0
0
0
0
0
0
0
0
0
0
0
0
0
0
0
0
0
0
0
0
0
0
0
0
0
0
0
0
0
0
0
0
0
0
0
0
0
0
0
0
0
0
0
0
0
0
0
0
0
0
0
0
0
0
0
0
0
0
0
0
0
0
0
0
0
0
0
0
0
0
0
0
0
0
0
0
0
0
0
0
0
0
0
0
0
0
0
0
0
0
0
0
0
0
0
0
0
0
0
0
0
0
0
0
0
0
0
0
0
0
0
0
0
0
0
0
0
0
0
0
0
0
0
0
0
0
0
0
0
0
0
0
0
0
0
0
0
0
0
0
0
0
0
0
0
0
0
0
0
0
0
0
0
0
0
0
0
0
0
0
0
0
0
0
0
0
0
0
0
0
0
0
0
0
0
0
0
0
0
0
0
0
0
0
0
0
0
0
0
0
0
0
0
0
0
0
0
0
0
0
0
0
0
0
0
0
0
0
0
0
0
0
0
0
0
0
0
0
0
0
0
0
0
0
0
0
0
0
0
0
0
0
0
0
0
0
0
0
0
0
0
0
0
0
0
0
0
0
0
0
0
0
0
0
0
0
0
0
0
0
0
0
0
0
0
0
0
0
0
0
0
0
0
0
0
0
0
0
0
0
0
0
0
0
0
0
0
0
0
0
0
0
0
0
0
0
0
0
0
0
0
0
0
0
0
0
0
0
0
0
0
0
0
0
0
0
0
0
0
0
0
0
0
0
0
0
0
0
0
0
0
0
0
0
0
0
0
0
0
0
0
0
0
0
0
0
0
0
0
0
0
0
0
0
0
0
0
0
0
0
0
0
0
0
0
0
0
0
0
0
0
0
0
0
0
0
0
0
0
0
0
0
0
0
0
0
0
0
0
0
0
0
0
0
0
0
0
0
0
0
0
0
0
0
0
0
0
0
0
0
0
0
0
0
0
0
0
0
0
0
0
0
0
0
0
0
0
0
0
0
0
0
0
0
0
0
0
0
0
0
0
0
0
0
0
0
0
0
0
0
0
0
0
0
0
0
0
0
0
0
0
0
0
0
0
0
0
0
0
0
0
0
0
0
0
0
0
0
0
0
0
0
0
0
0
0
0
0
0
0
0
0
0
0
0
0
0
0
0
0
0
0
0
0
0
0
0
0
0
0
0
0
0
0
0
0
0
0
0
0
0
0
0
0
0
0
0
0
0
0
0
0
0
0
0
0
0
0
0
0
0
0
0
0
0
0
0
0
0
0
0
0
0
0
0
0
0
0
0
0
0
0
0
0
0
0
0
0
0
0
0
0
0
0
0
0
0
0
0
0
0
0
0
0
0
0
0
0
0
0
0
0
0
0
0
0
0
0
0
0
0
0
0
0
0
0
0
0
0
0
0
0
0
0
0
0
0
0
0
0
0
0
0
0
0
0
0
0
0
0
0
0
0
0
0
0
0
0
0
0
0
0
0
0
0
0
0
0
0
0
0
0
0
0
0
0
0
0
0
0
0
0
0
0
0
0
0
0
0
0
0
0
0
0
0
0
0
0
0
0
0
0
0
0
0
0
0
0
0
0
0
0
0
0
0
0
0
0
0
0
0
0
0
0
0
0
0
0
0
0
0
0
0
0
0
0
0
0
0
0
0
0
0
0
0
0
0
0
0
0
0
0
0
0
0
0
0
0
0
0
0
0
0
0
0
0
0
0
0
0
0
0
0
0
0
0
0
0
0
0
0
0
0
0
0
0
0
0
0
0
0
0
0
0
0
0
0
0
0
0
0
0
0
0
0
0
0
0
0
0
0
0
0
0
0
0
0
0
0
0
0
0
0
0
0
0
0
0
0
0
0
0
0
0
0
0
0
0
0
0
0
0
0
0
0
0
0
0
0
0
0
0
0
0
0
0
0
0
0
0
0
0
0
0
0
0
0
0
0
0
0
0
0
0
0
0
0
0
0
0
0
0
0
0
0
0
0
0
0
0
0
0
0
0
0
0
0
0
0
0
0
0
0
0
0
0
0
0
0
0
0
0
0
0
0
0
0
0
0
0
0
0
0
0
0
0
0
0
0
0
0
0
0
0
0
0
0
0
0
0
0
0
0
0
0
0
0
0
0
0
0
0
0
0
0
0
0
0
8.33975
9.18289
10.9255
9.48537
11.4844
10.8568
11.3384
11.4275
11.3441
11.4745
9.71932
9.7866
9.75422
8.57008
7.80185
7.48283
6.48469
10.8152
10.9652
10.0377
8.62474
8.17816
14.4596
16.1954
15.5171
12.9295
9.45114
12.9002
20.1822
8.83574
3.96775
7.33028
6.40466
20.0977
6.66487
12.3563
22.3801
9.06251
10.0002
10.6691
12.8636
16.2478
12.5994
9.95146
11.2324
11.645
12.9551
13.0115
12.5242
9.74259
9.30844
9.49479
10.1223
11.0655
12.8889
9.97586
10.9738
11.3551
12.0056
11.3477
9.1947
6.12595
5.77905
5.09833
7.64256
8.71139
10.9367
9.98925
11.1043
11.13
10.6533
10.9607
10.8601
11.0369
9.99963
8.20888
12.8098
9.79142
7.71699
7.72453
9.52923
10.2386
13.7154
11.4041
8.50222
13.3445
13.3529
20.2972
11.6738
5.89962
25.0991
13.9087
0.013669
6.0658
2.28024
13.0266
20.5282
3.9962
6.9924
8.37275
16.0393
12.2156
7.58673
16.7868
14.4703
13.047
12.0984
11.5207
10.3058
11.6703
11.6935
10.9193
10.5822
7.48915
9.25076
8.85994
9.68646
11.8707
11.7423
9.87461
11.3139
11.6846
11.9717
10.6128
9.04349
7.28634
6.54692
4.75744
5.75843
2.46469
6.86915
10.0644
9.46732
10.6038
8.74509
10.7162
10.0836
10.6343
11.0423
8.7284
10.8431
9.83377
8.76201
8.38076
9.39675
8.85045
13.256
17.7873
9.99809
13.8254
8.23257
9.1487
10.4337
5.65499
17.8123
25.2957
0.659135
3.98003
15.8299
3.82006
5.50788
9.30278
25.947
0.621435
5.41891
15.956
5.25996
0.15019
10.2274
12.4737
11.1828
1.71641
9.54391
11.922
14.3939
11.3816
8.56599
9.93253
10.8002
8.61495
10.2689
13.0216
10.7475
11.0975
11.7176
11.1875
11.1994
9.66855
6.22008
7.48475
2.70845
3.47631
3.05034
0.268915
1.63855
4.63661
4.47175
8.20532
4.26667
9.45794
7.1696
9.42148
8.85612
10.5131
12.5334
10.9557
11.2396
8.18196
10.8142
7.49575
6.90538
8.29688
4.2883
4.37521
11.5582
17.3111
16.3653
9.18446
5.02036
16.8336
26.776
18.2363
23.5515
11.9251
10.7267
23.3052
38.4189
30.5964
12.1093
3.18084
0.00215173
6.14428e-06
4.72212
2.39261
9.46682
7.61455
6.19369
8.70734
11.0656
11.0934
9.91202
12.255
9.95011
8.67185
6.97305
13.1803
10.9636
11.1677
11.5039
7.12015
6.48509
5.01169
0.55202
5.90736
0.918146
1.02265
0.00081988
0.0790712
0.242879
0.852142
1.43136
1.48338
1.9213
1.83008
3.04951
3.66292
3.91629
7.12422
7.19524
2.96709
9.3078
7.45294
7.42569
3.88619
2.06456
1.04622
0.365493
0.83057
3.62036
3.63453
5.54601
8.54438
5.84068
8.53849
6.94722
15.4976
4.84223
2.72252
0.581869
0.00458886
0.0259944
0.00102926
0
0
0
0
0
0
0
1.35038
4.54847
10.41
7.95922
3.95921
7.53907
7.12579
5.37776
1.90492
4.66229
5.80004
8.06123
6.39302
6.47001
4.63721
1.88009
0.671142
0.0254926
0.00333939
0.259656
6.00848e-05
0
0.00079788
0.00171365
0.00341326
0.0876297
0.166307
0.154887
0.290444
0.267874
0.661671
0.927055
1.52702
1.10114
0.308737
0.909103
0.749825
0.643844
0.142108
0.212099
0.0439338
0.00111834
0.407222
0.630542
1.77707
0.662466
1.46595
3.92637
4.542
7.29692
5.04094
0.50865
0.000822494
0.0168967
8.41818e-06
0
0
0
0
0
0
0
0
0
0
0.0254666
0.392962
0.249963
0.232313
0.131656
1.47999
2.11171
0.661964
0.962915
1.78946
3.71275
2.75585
3.54986
1.25278
0.396969
0.0217635
8.00747e-05
2.6164e-06
0.000724789
2.35707e-06
0
0
0
0
2.57436e-06
0.0105148
4.4804e-06
0.0314739
0.004488
0.125495
0.0236327
0.0124873
0.0051926
0.0167184
9.41269e-05
0.00370293
5.09646e-05
0.000108192
0.000222602
0.00142802
0.000227061
0.000339648
0.0248149
0.0796667
0.0856151
0.766569
3.98887
6.07805
1.18751
2.30221
0.000584219
4.70619e-06
0
0
0
0
0
0
0
0
0
0
0
0
0.0159308
0
0.000466497
0.0151879
0.0222366
0.000872141
0.00540848
0.208179
0.0147574
0.0131405
0.452101
0.927595
1.22526
0.0289604
0.0144653
1.29613e-05
0
2.14122e-06
5.0371e-06
1.77284e-06
0
0
0
0
1.80082e-06
5.48427e-06
1.17164e-05
6.22499e-06
2.24864e-06
0
2.89896e-06
9.62987e-06
3.97697e-05
5.73493e-05
0.000271051
0.000182753
0.000160987
0.000327552
0.000356915
0.000230251
6.0117e-05
9.54037e-06
0.00407917
0.000255925
0.0618592
1.07151
3.48791
0.674176
0.0710688
0.25535
0.000240755
0.00039362
8.48354e-05
0
0
0
0
0
0
0
0
0
0
0
0
0.000143298
0.000495525
0.000336731
1.86134e-05
2.70146e-06
0
0
0
0.000116998
0.0583374
0.15361
0.0847146
0.00124612
0.000167913
4.18887e-06
0
1.77818e-06
4.13728e-06
0
0
0
0
0
0
2.76043e-06
1.01193e-05
1.84791e-05
1.30126e-05
3.02283e-06
2.83004e-06
1.06552e-05
5.61334e-05
8.42562e-05
0.000212866
0.000377588
0.000385915
0.000312579
0.000571491
0.000394528
5.79154e-05
7.51632e-06
0.000612637
3.49713e-05
0.123547
0.253412
0.022706
0.0386297
0.140031
0.266163
0.000397564
0.000498127
0.000244136
0
0
0
0
0
0
0
0
0
0
0
0
0
0
0
2.09622e-05
0
0
0
5.49049e-06
0.00448662
0.0210425
0.0314135
0.00505899
0.000798227
6.26945e-05
5.74471e-06
0
1.46115e-06
3.41694e-06
0
0
0
0
0
0
0
6.47105e-06
1.75068e-05
3.32654e-05
2.80265e-05
1.36377e-05
2.14232e-05
2.18497e-05
3.7289e-05
0.000291067
0.000418019
0.000409766
0.000528246
0.000555868
0.000398724
0.000153469
3.69506e-05
2.26337e-05
7.70862e-05
0.000335725
0.0138378
0.00288059
0.0624558
0.351203
0.243749
0.00127192
0.000221757
0.00264782
0
0
0
0
0
0
0
0
0
0
0
0
0
0
0
1.6527e-05
0
0
3.0546e-05
0.000215949
0.00119213
0.0191215
0.0273236
0.00499885
0.0006241
4.34256e-05
5.28306e-06
0
1.32687e-06
2.58767e-06
0
0
0
0
0
0
0
0
6.77244e-06
2.69264e-05
4.58214e-05
7.21534e-05
0.000138942
0.000244051
0.0002892
0.000379802
0.000486935
0.000499473
0.000511179
0.000449129
0.00041579
0.000214595
0.000108371
3.76541e-05
6.54311e-05
4.16157e-05
0.00107222
0.00587395
0.114325
1.17759
2.22028
0.00366663
0.00347093
0.000514281
0
0
0
0
0
0
0
0
0
0
0
0
0
0
0
5.19691e-06
1.47613e-06
0
1.38015e-06
1.31841e-05
0.0015978
0.0277795
0.0264339
0.00729349
0.000604465
7.82151e-05
2.36443e-06
0
1.23855e-06
1.78611e-06
0
0
0
1.94648e-06
4.49241e-06
1.95819e-06
0
1.17605e-06
1.45937e-06
3.73612e-06
2.0941e-05
5.61023e-05
9.44802e-05
0.000196608
0.000294634
0.000371475
0.000447882
0.000436446
0.000341168
0.000190937
0.000110577
0.00015253
0.000119379
5.47411e-05
7.42621e-05
7.51045e-05
8.6481e-05
0.0186493
0.184811
0.215342
0.583552
0.00470492
1.42214e-05
3.06123e-05
0
0
0
0
0
0
0
0
0
0
0
0
0
0
0
0
0
0
0
1.36066e-06
0.000761106
0.0141509
0.0175662
0.00533652
0.000863565
9.53706e-05
0
0
0
0
0
0
0
3.79763e-06
1.40653e-05
9.83978e-06
5.47337e-06
3.242e-06
3.40495e-06
3.29875e-06
3.94253e-06
9.11246e-06
2.05562e-05
5.69646e-05
0.000114103
0.000195104
0.000368826
0.00043727
0.000332229
0.000120106
8.70663e-05
9.38014e-05
8.2358e-05
5.0954e-05
6.84679e-05
0.000114822
1.79078e-05
0.0166283
0.0417217
0.0378183
0.311393
0.0104542
0.0005044
1.0894e-05
0
0
0
0
0
0
0
0
0
0
0
0
0
0
0
0
0
0
0
1.91566e-06
0.00292043
0.00959226
0.0129782
0.00469792
0.00097334
3.23169e-05
0
0
0
0
0
0
0
3.51645e-06
2.1754e-05
4.2072e-05
3.4731e-05
1.36131e-05
1.64926e-05
5.73019e-06
6.7292e-06
8.57268e-06
1.2843e-05
3.97946e-05
7.27804e-05
0.000144374
0.000239843
0.000353185
0.0002464
9.63201e-05
5.73949e-05
5.71578e-05
5.92144e-05
3.7692e-05
5.70897e-05
0.00016865
1.93276e-05
0.00024916
0.00391657
0.00678057
0.229661
0.00147461
7.28715e-05
4.92754e-06
0
0
0
0
0
0
0
0
0
0
0
0
0
0
0
0
0
0
1.05151e-05
2.24959e-05
0.00314272
0.00985552
0.0138946
0.00559563
0.000694012
1.05492e-05
0
0
0
0
0
0
0
1.35996e-06
1.91228e-05
7.83744e-05
9.70848e-05
6.30765e-05
5.11333e-05
3.74764e-05
2.90149e-05
2.37721e-05
3.31434e-05
6.33142e-05
0.000127621
0.000141098
0.000170478
0.000174166
0.000118295
5.65457e-05
3.9439e-05
3.50486e-05
4.01333e-05
2.94104e-05
6.92417e-05
0.000146635
1.9559e-05
3.42126e-05
0.0028634
0.01643
0.0353904
0.000594206
0.000114006
0
0
0
0
0
0
0
0
0
0
0
0
0
0
0
0
0
0
0
2.97433e-05
0.000178008
0.00152594
0.00814605
0.0108525
0.00458057
0.000404465
2.9161e-06
0
0
0
0
0
0
0
0
4.07865e-06
5.18866e-05
0.00020517
0.000193325
0.000146126
0.000211261
0.000172592
0.000107384
8.87912e-05
7.19164e-05
5.1798e-05
6.3104e-05
5.6773e-05
3.84952e-05
3.94149e-05
2.64438e-05
1.87677e-05
1.61938e-05
1.31932e-05
3.56903e-05
0.00014659
0.000111385
8.75479e-06
0.000133708
0.0056005
0.0329847
0.00122103
9.52187e-05
0.00011137
0
0
0
0
0
0
0
0
0
0
0
0
0
0
0
0
0
0
0
2.63706e-05
0.000318602
0.00118673
0.00463267
0.0052786
0.00228777
5.56131e-05
0
0
0
0
0
0
0
0
0
0
5.96254e-06
0.000131372
0.000272039
0.000222114
0.000238045
0.000369608
0.000233507
0.000176057
0.000189996
5.62029e-05
2.06646e-05
6.66759e-05
4.84535e-05
1.61682e-05
9.08777e-06
6.06602e-06
4.70398e-06
3.67413e-05
0.000122633
0.000157757
2.23146e-05
1.21829e-06
0.000240139
0.00884472
0.0707564
9.0419e-05
0.000390584
2.5743e-05
4.11927e-06
0
0
0
0
0
0
0
0
0
0
0
0
0
0
0
0
0
0
2.10861e-05
0.000345738
0.00105794
0.00329685
0.00216629
0.000480617
1.20349e-05
0
0
0
0
0
0
0
0
0
0
2.79022e-06
1.97483e-05
0.000190211
0.000234307
0.000190012
0.000255183
0.000384151
0.000254591
0.000239217
0.000227189
0.000140355
0.000170728
3.44913e-05
9.92497e-05
6.72668e-05
3.7286e-06
1.27745e-05
7.90093e-05
9.51404e-05
4.68279e-05
2.79993e-06
0
0.000315812
0.00339099
0.0430713
0.00838512
0.00480042
0.000100562
1.99798e-05
0
0
0
0
0
0
0
0
0
0
0
0
0
0
0
1.3709e-06
4.84579e-06
3.23176e-06
1.52351e-05
0.000207979
0.000732166
0.00177013
0.000686276
1.62977e-05
2.06878e-06
0
0
0
0
0
0
0
0
0
0
2.16947e-06
1.04916e-05
7.57854e-05
0.000175108
0.000134203
0.000158081
0.000238439
0.000286734
0.000240649
0.000296534
0.000217469
0.000145098
0.000111224
9.6514e-05
3.59098e-05
3.31446e-05
5.20209e-05
4.54208e-05
3.0708e-05
9.81536e-06
0
2.3249e-05
0.000151247
0.000344144
0.0205819
0.00533507
0.0134084
0.00021615
8.41493e-06
0
0
0
0
0
0
0
0
0
0
0
0
0
0
0
1.13467e-06
1.15107e-05
2.87456e-05
4.82428e-05
0.000202954
0.000510943
0.000585473
0.000131271
1.20105e-05
0
0
0
0
0
0
0
0
0
0
0
1.88965e-06
8.0208e-06
2.32616e-05
8.74678e-05
0.00011468
6.52941e-05
0.000171485
0.000226881
0.000188549
0.000167911
0.000183622
0.000139921
0.000100394
5.72364e-05
4.4371e-05
4.14845e-05
3.08515e-05
1.33263e-05
7.95306e-06
2.13615e-06
0
1.98797e-06
2.39236e-05
0.0002262
8.26395e-05
0.00652107
0.811701
5.14971e-05
0
0
0
0
0
0
0
0
0
0
0
0
0
0
0
0
0
5.96958e-06
1.90288e-05
9.37704e-05
0.000303273
0.000248768
0.000116894
1.80084e-05
1.15198e-06
0
0
0
0
0
0
0
0
0
0
0
1.53598e-06
6.38369e-06
1.81832e-05
3.89548e-05
5.3226e-05
1.53801e-05
7.01254e-05
0.000128917
0.000141372
0.000110189
8.73307e-05
7.94023e-05
5.00031e-05
3.09605e-05
2.32596e-05
1.41884e-05
1.01303e-05
4.31085e-06
2.17857e-06
0
0
0
1.81385e-06
0.000887838
9.44446e-05
0.000139946
0.00613426
5.51115e-05
0.0427777
0
0
0
0
0
0
0
0
0
0
0
0
0
0
0
0
1.16401e-06
5.73629e-06
4.73899e-05
0.000105741
6.23768e-05
1.90512e-05
1.26975e-06
0
0
0
0
0
0
0
0
0
0
0
0
1.40392e-06
5.42043e-06
1.48284e-05
2.43558e-05
3.78829e-05
2.92261e-05
2.19822e-05
6.21659e-05
7.20388e-05
7.82731e-05
5.65251e-05
3.95219e-05
2.17738e-05
1.45752e-05
9.01926e-06
6.82243e-06
3.98669e-06
1.62505e-06
0
0
0
0
1.66759e-06
4.35469e-06
2.4574e-05
0.00184526
0.00325582
0.00235777
0.00228091
2.68323e-06
7.39341e-06
0
0
0
0
0
0
0
0
0
0
0
0
0
0
0
0
9.0499e-06
1.1158e-05
5.35258e-06
0
0
0
0
0
0
0
0
0
0
0
0
0
0
1.3253e-06
4.35279e-06
1.2759e-05
2.20509e-05
3.17596e-05
2.91932e-05
1.02089e-05
2.07017e-05
3.341e-05
3.71154e-05
3.81463e-05
2.53962e-05
1.82288e-05
1.0424e-05
6.77968e-06
4.08879e-06
1.83308e-06
0
0
0
0
0
0
0
0.00508485
0.00724661
0.00150642
0.0461407
0.000924632
0
0
0
0
0
0
0
0
0
0
0
0
0
0
0
0
0
0
0
0
0
0
0
0
0
0
0
0
0
0
0
0
0
0
0
1.67068e-06
4.32813e-06
1.17084e-05
1.93768e-05
2.32889e-05
1.96978e-05
1.07605e-05
7.7661e-06
1.57803e-05
1.40396e-05
1.51313e-05
1.26042e-05
9.41627e-06
5.69063e-06
3.6924e-06
1.91091e-06
0
0
0
0
0
0
0.000619715
0.000817082
0.00563484
0.00489631
0.017848
0.00698812
0
0
0
0
0
0
0
0
0
0
0
0
0
0
0
0
0
0
0
0
0
0
0
0
0
0
0
0
0
0
0
0
0
0
0
0
1.81421e-06
4.0432e-06
9.9048e-06
1.71303e-05
2.06879e-05
1.64172e-05
1.29125e-05
8.26553e-06
6.75362e-06
3.63323e-06
4.29465e-06
4.96031e-06
4.31969e-06
2.94329e-06
1.78658e-06
0
0
0
0
0
0
0
0.00402394
0.0123769
0.00609303
6.89366e-05
0.000101033
0.0445828
0
0
0
0
0
0
0
0
0
0
0
0
0
0
0
0
0
0
0
0
0
0
0
0
0
0
0
0
0
0
0
0
0
0
0
0
1.92186e-06
3.72977e-06
8.20654e-06
1.48469e-05
1.92883e-05
1.84968e-05
1.41141e-05
9.63531e-06
6.73366e-06
4.47195e-06
2.49219e-06
1.56601e-06
1.56431e-06
1.52522e-06
1.07916e-06
0
0
0
0
0
0
0.000111323
0.000115951
0.007292
8.23389e-05
0.000648175
0.0394035
0.0422084
0
0
0
0
0
0
0
0
0
0
0
0
0
0
0
0
0
0
0
0
0
0
0
0
0
0
0
0
0
0
0
0
0
0
0
0
2.20091e-06
4.32402e-06
8.00279e-06
1.32823e-05
1.78144e-05
1.90777e-05
1.46784e-05
8.68131e-06
6.74943e-06
6.92146e-06
4.21634e-06
1.91654e-06
1.02786e-06
0
0
0
0
0
0
0
0
2.09015e-05
0
5.91699e-06
0
0.0227877
0.0191395
0.030437
1.04988e-05
0
0
0
0
0
0
0
0
0
0
0
0
0
0
0
0
0
0
0
0
0
0
0
0
0
0
0
0
0
0
0
0
0
0
0
2.14771e-06
4.27311e-06
7.58769e-06
1.27991e-05
1.56337e-05
1.65555e-05
1.48754e-05
1.10451e-05
8.80562e-06
7.01562e-06
4.8514e-06
2.79753e-06
1.1218e-06
0
0
0
0
0
0
0
0
0
0
0
0
0.000775475
0.0196168
1.03826e-06
8.83473e-06
0.000406824
0
0
0
0
0
0
0
0
0
0
0
0
0
0
0
0
0
0
0
0
0
0
0
0
0
0
0
0
0
0
0
0
0
0
2.02698e-06
3.82437e-06
6.10628e-06
1.14279e-05
1.50911e-05
1.56038e-05
1.56166e-05
1.19358e-05
7.73381e-06
5.64862e-06
4.53547e-06
2.90088e-06
1.46802e-06
0
0
0
0
0
0
0
0
0
0
0
3.94631e-05
0.000379063
0.0247049
0.000215732
9.28521e-06
0
0
0
0
0
0
0
0
0
0
0
0
0
0
0
0
0
0
0
0
0
0
0
0
0
0
0
0
0
0
0
0
0
0
0
1.99361e-06
3.71225e-06
6.13394e-06
1.05898e-05
1.45573e-05
1.57548e-05
1.53836e-05
1.21869e-05
7.74679e-06
5.67382e-06
4.23518e-06
3.28128e-06
2.06342e-06
0
0
0
0
0
0
0
0
0
0
0
0
5.43056e-05
0.00809037
0
0
0.00246034
0
0
0
0
0
0
0
0
0
0
0
0
0
0
0
0
0
0
0
0
0
0
0
0
0
0
0
0
0
0
0
0
0
0
1.82051e-06
3.30738e-06
5.54696e-06
9.85861e-06
1.42158e-05
1.49464e-05
1.38679e-05
1.25817e-05
9.76321e-06
7.01763e-06
5.47021e-06
4.23303e-06
2.56072e-06
1.28208e-06
0
0
0
0
0
0
0
0
0
0
0
0.0540029
0
0
0
0
0.000231227
0
0
0
0
0
0
0
0
0
0
0
0
0
0
0
0
0
0
0
0
0
0
0
0
0
0
0
0
0
0
0
0
0
1.64894e-06
3.075e-06
4.92211e-06
7.97606e-06
1.26714e-05
1.4835e-05
1.38208e-05
1.30213e-05
1.09829e-05
8.12567e-06
6.412e-06
4.43834e-06
2.82232e-06
1.59126e-06
0
0
0
0
0
0
0
0
0
0.00214209
0.00113246
0.0188158
0
0.0221644
0.00157398
0
0.0176943
0
0
0
0
0
0
0
0
0
0
0
0
0
0
0
0
0
0
0
0
0
0
0
0
0
0
0
0
0
0
0
0
0
1.51532e-06
2.85006e-06
4.50388e-06
6.96882e-06
1.06644e-05
1.3675e-05
1.31902e-05
1.13184e-05
1.03466e-05
8.50259e-06
6.45666e-06
4.39396e-06
2.8512e-06
1.63647e-06
0
0
0
0
0
0
0
0
0
0
0
0.0343161
0.252634
0
0
0
0
0
0
0
0
0
0
0
0
0
0
0
0
0
0
0
0
0
0
0
0
0
0
0
0
0
0
0
0
0
0
0
0
0
1.30281e-06
2.50165e-06
4.11477e-06
6.16428e-06
8.69525e-06
1.2277e-05
1.34519e-05
1.14134e-05
8.49125e-06
7.65525e-06
6.17755e-06
4.35736e-06
2.77964e-06
1.59116e-06
0
0
0
0
0
0
0
0
0
0
0
0.016972
0.0222294
0
0
0.000135094
6.70124e-06
0.000630375
0
0
0
0
0
0
0
0
0
0
0
0
0
0
0
0
0
0
0
0
0
0
0
0
0
0
0
0
0
0
0
0
1.17241e-06
2.09517e-06
3.63065e-06
5.36541e-06
7.29769e-06
1.02632e-05
1.27082e-05
1.22715e-05
1.00107e-05
7.73257e-06
5.68802e-06
4.20672e-06
2.85249e-06
1.47333e-06
0
0
0
0
0
0
0
0
0
0
0
0
0
0.227472
0
0
0
0
0
0
0
0
0
0
0
0
0
0
0
0
0
0
0
0
0
0
0
0
0
0
0
0
0
0
0
0
0
0
0
0
0
1.66371e-06
3.0044e-06
4.61449e-06
6.04946e-06
7.61982e-06
9.88258e-06
1.08253e-05
9.98205e-06
7.99074e-06
6.09312e-06
4.59699e-06
2.90279e-06
1.30295e-06
0
0
0
0
0
0
0
0
0
0
0
0
0
0
0
0
0
0
0
0
0
0
0
0
0
0
0
0
0
0
0
0
0
0
0
0
0
0
0
0
0
0
0
0
0
0
0
0
0
0
0
1.39579e-06
2.28772e-06
3.78878e-06
4.87746e-06
5.71231e-06
6.61069e-06
7.63396e-06
8.16758e-06
7.36888e-06
5.73542e-06
3.92747e-06
2.16593e-06
0
0
0
0
0
0
0
0
0
0
0
0
0
0
0
0
0.000551967
0
0
0
0
0
0
0
0
0
0
0
0
0
0
0
0
0
0
0
0
0
0
0
0
0
0
0
0
0
0
0
0
0
0
0
1.11782e-06
1.49208e-06
2.62281e-06
3.60902e-06
4.0361e-06
4.36321e-06
4.94671e-06
5.13986e-06
4.81942e-06
3.67e-06
2.18147e-06
0
0
0
0
0
0
0
0
0
0
0
0
0
0
0
0
0
0
0
0
0
0
0
0
0
0
0
0
0
0
0
0
0
0
0
0
0
0
0
0
0
0
0
0
0
0
0
0
0
0
0
0
0
0
0
1.08974e-06
1.66448e-06
1.99799e-06
2.60481e-06
3.02447e-06
3.05697e-06
2.62342e-06
1.77759e-06
0
0
0
0
0
0
0
0
0
0
0
0
0
0
0
0
0
0
0
0
0
0
0
0
0
0
0
0
0
0
0
0
0
0
0
0
0
0
0
0
0
0
0
0
0
0
0
0
0
0
0
0
0
0
0
0
0
0
0
1.1704e-06
1.41083e-06
1.48901e-06
1.36705e-06
0
0
0
0
0
0
0
0
0
0
0
0
0
0
0
0
0
0.0318227
1.78252
0
0
0
0
0
0
0
0
0
0
0
0
0
0
0
0
0
0
0
0
0
0
0
0
0
0
0
0
0
0
0
0
0
0
0
0
0
0
0
0
0
0
1.03528e-06
1.13111e-06
0
0
0
0
0
0
0
0
0
0
0
0
0
0
0
0
0
0
0.385364
0
0
0
0
0
0
0
0
0
0
0
0
0
0
0
0
0
0
0
0
0
0
0
0
0
0
0
0
0
0
0
0
0
0
0
0
0
0
0
0
0
0
0
0
0
0
0
0
0
0
0
0
0
0
0
0
0
0
0
0
0
0
0
0
0
0
0
0
0
0
0
0
0
0
0
0
0
0
0
0
0
0
0
0
0
0
0
0
0
0
0
0
0
0
0
0
0
0
0
0
0
0
0
0
0
0
0
0
0
0
0
0
0
0
0
0
0
0
0
0
0
0
0
0
0
0
0
0
0
0
0
0
0
0
0
0
0
0
0
0
0
0
0
0
0
0
0
0
0
0
0
0
0
0
0
0
0
0
0
0
0
0
0
0
0
0
0
0
0
0
0
0
0
0
0
0
0
0
0
0
0
0
0
0
0
0
0
0
0
0
0
0
0
0
0
0
0
0
0
0
0
0
0
0
0
0
0
0
0
0
0
0
0
0
0
0
0
0
0
0
0
0
0
0
0
0
0
0
0
0
0
0
0
0
0
0
0
0
0
0
0
0
0
0
0
0
0
0
0
0
0
0
0
0
0
0
0
0
0
0
0
0
0
0
0
0
0
0
0
0
0
0
0
0
0
0
0
0
0
0
0
0
0
0
0
0
0
0
0
0
0
0
0
0
0
0
0
0
0
0
0
0
0
0
0
0
0
0
0
0
0
0
0
0
0
0
0
0
0
0
0
0
0
0
0
0
0
0
0
0
0
0
0
0
0
0
0
0
0
0
0
0
0
0
0
0
0
0
0
0
0
0
0
0
0
0
0
0
0
0
0
0
0
0
0
0
0
0
0
0
0
0
0
0
0
0
0
0
0
0
0
0
0
0
0
0
0
0
0
0
0
0
0
0
0
0
0
0
0
0
0
0
0
0
0
0
0
0
0
0
0
0
0
0
0
0
0
0
0
0
0
0
0
0
0
0
0
0
0
0
0
0
0
0
0
0
0
0
0
0
0
0
0
0
0
0
0
0
0
0
0
0
0
0
0
0
0
0
0
0
0
0
0
0
0
0
0
0
0
0
0
0
0
0
0
0
0
0
0
0
0
0
0
0
0
0
0
0
0
0
0
0
0
0
0
0
0
0
0
0
0
0
0
0
0
0
0
0
0
0
0
0
0
0
0
0
0
0
0
0
0
0
0
0
0
0
0
0
0
0
0
0
0
0
0
0
0
0
0
0
0
0
0
0
0
0
0
0
0
0
0
0
0
0
0
0
0
0
0
0
0
0
0
0
0
0
0
0
0
0
0
0
0
0
0
0
0
0
0
0
0
0
0
0
0
0
0
0
0
0
0
0
0
0
0
0
0
0
0
0
0
0
0
0
0
0
0
0
0
0
0
0
0
0
0
0
0
0
0
0
0
0
0
0
0
0
0
0
0
0
0
0
0
0
0
0
0
0
0
0
0
0
0
0
0
0
0
0
0
0
0
0
0
0
0
0
0
0
0
0
0
0
0
0
0
0
0
0
0
0
0
0
0
0
0
0
0
0
0
0
0
0
0
0
0
0
0
0
0
0
0
0
0
0
0
0
0
0
0
0
0
0
0
0
0
0
0
0
0
0
0
0
0
0
0
0
0
0
0
0
0
0
0
0
0
0
0
0
0
0
0
0
0
0
0
0
0
0
0
0
0
0
0
0
0
0
0
0
0
0
0
0
0
0
0
0
0
0
0
0
0
0
0
0
0
0
0
0
0
0
0
0
0
0
0
0
0
0
0
0
0
0
0
0
0
0
0
0
0
0
0
0
0
0
0
0
0
0
0
0
0
0
0
0
0
0
0
0
0
0
0
0
0
0
0
0
0
0
0
0
0
0
0
0
0
0
0
0
0
0
0
0
0
0
0
0
0
0
0
0
0
0
0
0
0
0
0
0
0
0
0
0
0
0
0
0
0
0
0
0
0
0
0
0
0
0
0
0
0
0
0
0
0
0
0
0
0
0
0
0
0
0
0
0
0
0
0
0
0
0
0
0
0
0
0
0
0
0
0
0
0
0
0
0
0
0
0
0
0
0
0
0
0
0
0
0
0
0
0
0
0
0
0
0
0
0
0
0
0
0
0
0
0
0
0
0
0
0
0
0
0
0
0
0
0
0
0
0
0
0
0
0
0
0
0
0
0
0
0
0
0
0
0
0
0
0
0
0
0
0
0
0
0
0
0
0
0
0
0
0
0
0
0
0
0
0
0
0
0
0
0
0
0
0
0
0
0
0
0
0
0
0
0
0
0
0
0
0
0
0
0
0
0
0
0
0
0
0
0
0
0
0
0
0
0
0
0
0
0
0
0
0
0
0
0
0
0
0
0
0
0
0
0
0
0
0
0
0
0
0
0
0
0
0
0
0
0
0
0
0
0
0
0
0
0
0
0
0
0
0
0
0
0
0
0
0
0
0
0
0
0
0
0
0
0
0
0
0
0
0
0
0
0
0
0
0
0
0
0
0
0
0
0
0
0
0
0
0
0
0
0
0
0
0
0
0
0
0
0
0
0
0
0
0
0
0
0
0
0
0
0
0
0
0
0
0
0
0
0
0
0
0
0
0
0
0
0
0
0
0
0
0
0
0
0
0
0
0
0
0
0
0
0
0
0
0
0
0
0
0
0
0
0
0
0
0
0
0
0
0
0
0
0
0
0
0
0
0
0
0
0
0
0
0
0
0
0
0
0
0
0
0
0
0
0
0
0
0
0
0
0
0
0
0
0
0
0
0
0
0
0
0
0
0
0
0
0
0
0
0
0
0
0
0
0
0
0
0
0
0
0
0
0
0
0
0
0
0
0
0
0
0
0
0
0
0
0
0
0
0
0
0
0
0
0
0
0
0
0
0
0
0
0
0
0
0
0
0
0
0
0
0
0
0
0
0
0
0
0
0
0
0
0
0
0
0
0
0
0
0
0
0
0
0
0
0
0
0
0
0
0
0
0
0
0
0
0
0
0
0
0
0
0
0
0
0
0
0
0
0
0
0
0
0
0
0
0
0
0
0
0
0
0
0
0
0
0
0
0
0
0
0
0
0
0
0
0
0
0
0
0
0
0
0
0
0
0
0
0
0
0
0
0
0
0
0
0
0
0
0
0
0
0
0
0
0
0
0
0
0
0
0
0
0
0
0
0
0
0
0
0
0
0
0
0
0
0
0
0
0
0
0
0
0
0
0
0
0
0
0
0
0
0
0
0
0
0
0
0
0
0
0
0
0
0
0
0
0
0
0
0
0
0
0
0
0
0
0
0
0
0
0
0
0
0
0
0
0
0
0
0
0
0
0
0
0
0
0
0
0
0
0
0
0
0
0
0
0
0
0
0
0
0
0
0
0
0
0
0
0
0
0
0
0
0
0
0
0
0
0
0
0
0
0
8.33145
9.11524
10.8774
9.53662
11.6746
11.4098
11.4625
11.5146
12.1609
11.1486
11.5849
10.0758
13.9601
9.70939
6.7304
11.7307
10.7417
11.9462
8.99728
9.33097
7.85108
11.1907
8.26764
12.9753
13.5618
7.98413
8.37752
13.9945
5.32645
12.5477
13.0401
10.6612
15.0717
8.79169
8.61579
7.78327
20.2437
9.36413
13.5074
12.0543
14.8583
12.7237
10.4693
13.0548
13.5501
9.44214
10.9706
10.5807
11.6538
10.7908
10.5094
11.2135
10.4797
11.1424
13.0486
10.7042
10.9011
11.4918
12.126
10.7495
9.02258
5.48353
3.55835
3.37926
7.38556
8.37699
10.9107
10.1609
11.2454
11.4979
10.7614
10.7428
12.0715
11.3922
11.2189
9.9064
11.2949
10.3196
6.7094
10.2845
10.0218
9.76174
11.1773
11.2099
8.91981
13.4785
7.63255
5.6399
17.1401
5.57011
16.576
12.385
4.62766
1.25617
4.61223
16.0299
17.9518
14.5842
0.451198
10.2471
1.26489
20.7745
10.6915
12.4958
8.01941
15.1252
12.3807
9.14161
10.3896
10.7571
11.9489
11.4891
10.535
12.4266
10.0084
8.84752
10.3014
11.3432
13.0358
10.9603
10.8239
12.1388
11.6068
9.96832
8.85369
6.89476
5.08283
3.17748
1.35675
1.94834
10.2321
9.65673
10.7419
11.0554
8.14868
10.4099
11.3285
10.5111
11.6616
10.2548
10.1151
12.1186
7.84172
9.41743
10.6657
11.0021
11.4037
8.08978
9.1877
13.2969
8.09022
4.86333
12.8571
10.0943
27.6993
10.8558
2.84021
1.54627
17.0165
11.254
30.165
6.77774
9.91638
15.9099
1.85274
0.927343
22.4927
5.65444
10.6955
9.96029
12.4242
12.5342
9.59853
10.6787
11.5562
16.2542
10.1059
13.9171
11.3861
9.32931
9.92293
11.3306
12.3703
11.16
10.6166
10.9003
10.6098
9.32409
5.62733
3.38186
1.1427
2.38638
0.1186
0.869834
6.12803
3.36879
8.00493
6.49074
2.46506
7.20619
4.29451
5.63104
10.7919
7.70163
10.2608
9.56225
9.85856
8.6421
12.8698
11.3061
5.6768
1.9671
8.27178
0.256243
5.66298
2.40643
6.02977
11.6919
17.1914
2.22298
5.79643
12.4958
17.5559
21.5705
8.45848
16.4096
10.0843
18.4507
8.10324
1.33143
1.22619
0.990208
0.695609
1.23945
9.72325
12.6407
8.61336
6.80862
13.7847
7.12125
10.3671
12.5984
10.7312
9.16893
9.24084
13.2892
11.2098
11.8576
10.2774
6.40511
5.65088
4.6928
0.689281
0.382517
0.464996
0.897216
0.000686727
0.0702774
0.240381
0.590119
0.662517
0.656135
0.72442
0.440143
0.86822
0.739375
3.83754
5.75952
4.95501
3.15825
6.21984
7.97585
5.01314
1.79481
1.16008
0.994661
0.851255
0.053474
0.306067
0.896392
2.63311
9.94783
11.2436
13.5455
9.55908
24.4059
9.63292
0.854694
0.256959
0.106273
0.127782
0.0543067
0.0379996
0
0
0
0
0
0
0.172371
0.0784129
1.91799
3.16735
3.79201
6.81428
2.65896
6.32027
3.50646
6.24033
8.89903
8.55046
7.68566
6.0871
3.80543
1.29564
0.368588
0.00978649
0.00466039
0.134804
2.22803e-05
2.30124e-06
0.000149554
0
0.00995119
0.00527328
0.0179028
0.0469428
0.000276905
0.0515231
0.0344064
0.353836
0.806192
0.583752
0.549418
0.824556
0.955763
1.591
0.44614
0.165053
0.0473271
0.00031529
0.53913
0.780509
1.06993
0.704749
0.0480461
1.68229
1.99283
4.89253
5.55182
1.46271
0.227965
0.267528
0.0672353
6.29337e-05
0
0
0
0
0
0
0
0
0
0
0.0109285
0.351244
0.156481
0.0125217
0.797368
1.72186
0.967849
1.8166
2.7698
3.11498
2.779
3.15946
0.897714
0.175931
0.00348255
0
3.91813e-05
0.00141713
1.60514e-06
0
0
0
0
1.48616e-06
2.71367e-06
3.30199e-06
0
0.000481985
0
0.00509624
0.00221699
0.0359035
0.016379
0.00238364
0.0179048
0.0265634
1.89681e-05
0.000914835
6.80055e-05
6.24244e-06
0.000365989
0.00331357
0.00553524
0.676812
2.5952
2.86211
2.22704
3.4506
0.944873
0.0595874
0.0043328
0.0846625
0.000625286
0
0
0
0
0
0
0
0
0
0
0
0
0
0
0
0
0.00992445
0.188731
0.117583
0.238191
1.01228
0.906755
0.708282
0.00811264
0.0054962
1.60399e-06
0
1.92285e-06
3.36737e-06
1.06691e-06
0
0
0
0
1.39878e-06
3.63973e-06
8.97553e-06
5.02857e-06
0
0
0
2.38269e-06
1.56687e-06
5.10844e-06
1.95462e-05
1.29641e-05
5.48317e-06
3.2376e-05
2.94949e-05
3.78649e-05
1.83195e-05
3.05803e-06
0.000538671
0.00028068
0.506872
3.74254
1.43322
0.274335
2.1905
0.962797
0.633663
0.0432
0.377979
0.012876
0
0
0
0
0
0
0
0
0
0
0
0
1.40772e-05
0
0
0
0
0
0.00105022
0.022151
0.0757082
0.0713171
0.0211916
0.000273523
6.35519e-05
1.20627e-06
0
1.53946e-06
2.62399e-06
0
0
0
0
0
0
1.98295e-06
8.28649e-06
1.22132e-05
6.18459e-06
0
0
1.49641e-06
6.50706e-06
1.19227e-05
6.71993e-06
7.94458e-05
7.66073e-05
8.87352e-05
0.000206359
0.000204568
3.72813e-05
1.65739e-06
3.7455e-06
0.00023925
0.253947
1.19836
0.0103623
0.195135
0.91984
1.75094
0.111624
0.119744
0.0187565
0.000474836
3.2924e-05
0
0
0
0
0
0
0
0
0
0
0
0
0
0
0
0
0
1.73246e-05
0.00436223
0.0379704
0.0207428
0.00281512
0.000162629
1.95688e-05
1.45324e-06
0
1.32005e-06
2.17483e-06
0
0
0
0
0
0
0
4.95394e-06
1.14457e-05
1.57773e-05
8.11922e-06
6.44132e-06
5.34143e-06
2.5087e-05
7.86111e-06
4.79666e-05
0.000135549
8.93583e-05
0.000214548
0.00036306
0.000367325
0.000105977
6.64143e-06
3.38008e-06
9.81182e-05
0.0339811
0.0888637
0.0732306
2.9916
3.08881
5.68385
0.28107
0.00591643
0.0011142
2.86072e-06
0
0
0
0
0
0
0
0
0
0
0
0
0
0
2.96183e-06
0
0
0.000354499
0.000126959
0.00498686
0.0598909
0.0176925
0.00196117
9.09788e-05
1.2679e-05
1.18268e-06
0
1.11889e-06
1.75644e-06
0
0
0
0
0
0
0
1.12565e-06
5.17862e-06
1.49032e-05
1.65465e-05
2.18743e-05
3.77108e-05
9.09408e-05
0.000121252
0.000169379
0.000181886
0.00020164
0.000272111
0.000277416
0.000290467
6.00235e-05
2.53204e-05
4.38808e-06
4.04799e-06
0.000194835
0.000227327
0.287301
2.9925
5.03089
6.35831
0.102126
0.00230806
0
0
0
0
0
0
0
0
0
0
0
0
0
0
0
0
0
0
0
3.93973e-05
0.000421757
0.00338779
0.0482153
0.0186003
0.00234367
0.000112839
2.43354e-05
0
0
0
1.22657e-06
0
0
0
2.41098e-06
4.01843e-06
2.32027e-06
0
1.0784e-06
1.7625e-06
3.09929e-06
7.67623e-06
2.02737e-05
3.74793e-05
9.49064e-05
0.000231582
0.00033937
0.000297252
0.000214313
0.000133916
2.07043e-05
2.88792e-05
4.58143e-05
5.08779e-05
8.9723e-06
5.41716e-06
2.79793e-06
4.12679e-05
0.894964
1.86661
2.88646
1.80174
0.0490906
4.56906e-05
4.44837e-05
0
0
0
0
0
0
0
0
0
0
0
0
0
0
0
0
0
0
0
1.7275e-05
0.00380111
0.0290057
0.00806179
0.00133234
0.000267095
2.94566e-05
0
0
0
0
0
0
0
5.88512e-06
1.36315e-05
1.49506e-05
3.83751e-06
1.88374e-06
3.36482e-06
3.92171e-06
2.73684e-06
3.41747e-06
6.12145e-06
2.06238e-05
6.40871e-05
0.000140187
0.000354776
0.000295243
0.000151462
2.81274e-05
1.80149e-05
1.95608e-05
4.33335e-05
1.12301e-05
2.13845e-05
2.38789e-05
4.5852e-05
0.013029
0.059956
0.44429
2.54047
0.0221427
0.266399
0
0
0
0
0
0
0
0
0
0
0
0
0
0
0
0
0
0
0
0
1.78746e-05
0.00746261
0.0169684
0.00630673
0.00165922
0.000276648
8.71257e-06
0
0
0
0
0
0
0
5.94275e-06
2.68872e-05
5.33662e-05
3.03607e-05
3.71508e-06
6.49911e-06
7.68283e-06
1.01177e-05
4.37694e-06
3.74933e-06
6.88964e-06
4.2913e-05
0.000143286
0.000370013
0.000301563
0.00016663
3.67221e-05
2.11252e-05
1.5509e-05
2.93384e-05
1.38879e-05
2.14635e-05
5.76257e-05
4.43191e-06
0.000533494
0.0097473
0.19027
1.78971
0.0238868
1.02362
4.81921e-06
0
0
0
0
0
0
0
0
0
0
0
0
0
0
2.21291e-06
0
0
0
3.44285e-05
2.02544e-05
0.00372678
0.0132098
0.00788454
0.00188542
0.000152748
2.24439e-06
0
0
0
0
0
0
0
4.00249e-06
2.97925e-05
9.52294e-05
9.42248e-05
1.36048e-05
1.95843e-05
2.27271e-05
1.61402e-05
2.13312e-05
2.60271e-05
4.00222e-05
3.90271e-05
0.000308016
0.000304561
0.000209578
0.000117406
4.59434e-05
1.79326e-05
1.54063e-05
2.12397e-05
1.27117e-05
3.40253e-05
5.22191e-05
2.80877e-06
1.01747e-05
0.00924096
0.346265
0.450013
0.091637
0.968583
1.70125e-05
1.35985e-05
0
0
0
0
0
0
0
0
0
0
0
0
0
0
0
0
0
9.61108e-05
0.000459636
0.00377738
0.0104597
0.00633845
0.00140705
6.86114e-05
0
0
0
0
0
0
0
0
1.0325e-06
1.10228e-05
0.00010543
0.00021714
0.00010759
3.76804e-05
7.41986e-05
9.6861e-05
5.55117e-05
3.71404e-05
5.16684e-05
8.95094e-05
0.000168156
0.000127954
8.023e-05
5.34288e-05
2.80463e-05
1.05065e-05
1.13174e-05
1.39516e-05
1.20631e-05
7.09703e-05
3.10703e-05
2.0758e-06
0.000307281
0.0613796
0.237579
0.0810853
0.833685
0.0520872
0.00019239
0.00969096
0
0
0
0
0
0
0
0
0
0
0
0
0
0
0
0
1.19202e-06
0.000193493
0.000967814
0.00270133
0.00759468
0.0036306
0.00034777
8.13204e-06
0
0
0
0
0
0
0
0
0
2.26542e-06
2.40718e-05
0.000220584
0.000230574
0.000154945
8.09143e-05
0.00016908
0.000173225
0.000131435
4.96426e-05
3.0549e-05
5.45439e-05
3.25454e-05
2.5305e-05
2.44668e-05
1.14264e-05
4.93366e-06
6.62509e-06
5.1633e-06
2.70907e-05
6.08033e-05
3.54937e-06
2.64293e-06
0.000646065
0.062002
0.102605
0.691758
8.80899
0.0280288
0.00206442
2.36461e-05
0
0
0
0
0
0
0
0
0
0
0
0
0
1.57546e-06
2.60786e-06
1.19539e-06
2.30261e-06
4.09773e-05
0.000789913
0.00205575
0.00299972
0.000704031
7.47282e-06
0
0
0
0
0
0
0
0
0
0
1.74116e-06
8.26114e-06
9.42961e-05
0.000260823
0.000220905
0.000144167
8.17422e-05
0.00012081
0.000177649
0.000123422
1.39381e-05
1.72526e-05
2.27893e-05
1.4058e-05
1.07417e-05
4.76043e-06
2.50507e-06
2.15457e-06
6.21806e-06
4.44182e-05
2.50159e-05
1.34972e-06
6.45444e-06
0.00100023
0.18252
0.264222
4.74536
6.95267
2.35274e-05
0.00779014
2.7096e-05
0
0
0
0
0
0
0
0
0
0
0
0
0
0
1.10986e-05
3.40008e-05
3.2525e-05
4.93492e-05
0.000329534
0.00110956
0.000719287
1.16941e-05
0
0
0
0
0
0
0
0
0
0
0
1.5584e-06
5.34894e-06
3.37299e-05
0.000187246
0.000243289
0.000169229
9.91775e-05
6.2775e-05
0.000137365
0.000124515
7.13297e-06
6.90005e-06
6.82476e-06
7.67014e-06
1.1499e-05
1.59095e-06
1.16213e-06
9.27199e-06
3.75556e-05
1.99489e-05
6.22661e-06
0
4.72078e-05
0.000292764
0.0708409
0.306291
3.36764
0.350452
0.111719
0.0863648
0
0
0
0
0
0
0
0
0
0
0
0
0
0
0
0
4.00216e-05
9.73907e-05
0.000153072
0.000459289
0.000534895
0.000160302
0
0
0
0
0
0
0
0
0
0
0
0
1.19489e-06
4.94173e-06
1.73029e-05
8.92351e-05
0.000164246
0.000207973
0.000148566
8.92044e-05
5.43541e-05
9.56224e-05
6.35854e-05
3.41406e-06
3.9711e-06
5.43969e-06
1.9143e-06
2.55245e-06
5.86616e-06
1.14259e-05
1.59378e-05
6.18636e-06
1.99892e-06
0
5.05029e-06
0.00227885
0.0244307
0.117763
1.48675
0.527419
0.37049
0.00271791
0
0
0
0
0
0
0
0
0
0
0
0
0
0
0
0
1.66354e-05
4.1385e-05
0.000156159
0.000231379
9.61838e-05
1.09265e-05
0
0
0
0
0
0
0
0
0
0
0
0
0
4.07667e-06
1.29758e-05
3.67699e-05
0.000100983
0.000186007
0.000124323
0.000114579
4.6272e-05
3.82691e-05
2.62873e-05
4.39184e-06
5.41774e-06
4.59459e-06
4.9551e-06
6.24091e-06
2.88913e-06
3.2076e-06
2.87265e-06
2.47189e-06
0
0
0
0.00302884
0.0444338
0.142138
0.0779439
0.800935
0.182312
1.67052e-05
0.00435522
0
0
0
0
0
0
0
0
0
0
0
0
0
0
0
1.7639e-06
9.02336e-06
5.65631e-05
6.68026e-05
1.34858e-05
0
0
0
0
0
0
0
0
0
0
0
0
0
0
3.38324e-06
1.14615e-05
2.31309e-05
5.86951e-05
0.000115101
0.000150462
0.000126925
8.39515e-05
5.13015e-05
2.26493e-05
9.09684e-06
7.67094e-06
4.8809e-06
3.94698e-06
1.95003e-06
1.37492e-06
1.37466e-06
1.34285e-06
0
0
0
0.000969636
0.00329748
0.00298594
0.301919
2.26464
0.0678243
0.0109625
2.98265e-05
0
0
1.94235e-06
0
0
0
0
0
0
0
0
0
0
0
0
0
0
0
7.1312e-06
9.07963e-06
1.01931e-06
0
0
0
0
0
0
0
0
0
0
0
0
0
0
3.02447e-06
8.81836e-06
1.97382e-05
2.91968e-05
6.11482e-05
0.000102836
9.45564e-05
8.40505e-05
5.8698e-05
4.05052e-05
2.62726e-05
1.53695e-05
7.30135e-06
4.01931e-06
2.81744e-06
1.95746e-06
1.18273e-06
0
0
0
0
0.000733116
0.00150907
0.0422423
0.322253
0.0597196
0.000109423
0.0980255
0
0.001056
0
0
0
0
0
0
0
0
0
0
0
0
0
0
0
0
0
0
0
0
0
0
0
0
0
0
0
0
0
0
0
0
0
1.03435e-06
3.19488e-06
7.65423e-06
1.77102e-05
2.06292e-05
3.7382e-05
5.98101e-05
6.6619e-05
6.4966e-05
4.56445e-05
4.07763e-05
2.44493e-05
1.68265e-05
9.21462e-06
6.19984e-06
3.80894e-06
1.99935e-06
0
0
0
0
0
2.02957e-05
0.00310555
0.0633277
0.404384
0.248285
0.0807064
0.0111539
0.0189416
0.000268045
0
0
0
0
0
0
0
0
0
0
0
0
0
0
0
0
0
0
0
0
0
0
0
0
0
0
0
0
0
0
0
0
0
1.11317e-06
3.33348e-06
6.49523e-06
1.35638e-05
1.83744e-05
2.47712e-05
3.60679e-05
3.85832e-05
3.6772e-05
3.4666e-05
2.52982e-05
1.75735e-05
1.11839e-05
5.90211e-06
3.10871e-06
1.83683e-06
1.06969e-06
0
0
0
0
0
5.17175e-05
0.0102541
0.0268981
0.0894541
0.11217
0.00335404
0.412454
0.00918279
0
0
0
0
0
0
0
0
0
0
0
0
0
0
0
0
0
0
0
0
0
0
0
0
0
0
0
0
0
0
0
0
0
0
1.04885e-06
3.40789e-06
6.95018e-06
1.01588e-05
1.63077e-05
1.99276e-05
2.28686e-05
2.56752e-05
2.41498e-05
1.90395e-05
1.64204e-05
1.20644e-05
6.66873e-06
3.8099e-06
2.02074e-06
1.1833e-06
0
0
0
0
0
4.80837e-06
0.000838159
0.00826115
0.0828454
0.112239
0.132754
0.572733
0.0194939
0.00154114
0.00651969
0
0
0
0
0
0
0
0
0
0
0
0
0
0
0
0
0
0
0
0
0
0
0
0
0
0
0
0
0
0
0
0
0
1.19597e-06
3.44105e-06
6.86719e-06
8.70618e-06
1.23266e-05
1.68181e-05
1.89596e-05
1.96504e-05
1.99414e-05
1.6556e-05
1.27668e-05
1.04286e-05
6.78419e-06
3.95856e-06
1.98099e-06
1.03341e-06
0
0
0
0
0
6.59233e-06
0.00505922
7.07333e-06
0.0113061
0.0661533
0.0441701
0.271698
0.0480283
2.93395e-05
0.000937459
0
0
0
0
0
0
0
0
0
0
0
0
0
0
0
0
0
0
0
0
0
0
0
0
0
0
0
0
0
0
0
0
0
1.17677e-06
3.21898e-06
7.05635e-06
9.20893e-06
1.01457e-05
1.64269e-05
1.91647e-05
1.87848e-05
1.54749e-05
1.22262e-05
1.01464e-05
7.84175e-06
5.75367e-06
3.7707e-06
2.10684e-06
1.0329e-06
0
0
0
0
0
2.5363e-06
0.000415231
3.3642e-06
0.0041533
0.0428316
0.0482252
0.00271595
2.83912e-05
0.0856938
0.00154619
0
0
0
0
0
0
0
0
0
0
0
0
0
0
0
0
0
0
0
0
0
0
0
0
0
0
0
0
0
0
0
0
0
1.06505e-06
2.63614e-06
6.76666e-06
1.08225e-05
1.08304e-05
1.29442e-05
1.666e-05
1.73782e-05
1.50092e-05
1.18617e-05
9.42989e-06
7.27734e-06
4.83562e-06
3.33792e-06
2.04556e-06
1.02142e-06
0
0
0
0
0
0
1.28988e-06
0
0.000233201
0
0.00573864
0
0
0.216576
0.000536704
0
0
0
0
0
0
0
0
0
0
0
0
0
0
0
0
0
0
0
0
0
0
0
0
0
0
0
0
0
0
0
0
0
1.09738e-06
2.50532e-06
5.30258e-06
9.41784e-06
1.00514e-05
9.3294e-06
1.31225e-05
1.52458e-05
1.35509e-05
1.08731e-05
8.15306e-06
5.90746e-06
4.1428e-06
2.70034e-06
1.8342e-06
1.10035e-06
0
0
0
0
0
0
0
0
0.000348772
0.017353
0.0829857
0
0
0.0007154
0
0
0
0
0
0
0
0
0
0
0
0
0
0
0
0
0
0
0
0
0
0
0
0
0
0
0
0
0
0
0
0
0
0
1.14259e-06
2.51645e-06
4.87531e-06
9.29685e-06
1.07663e-05
9.85383e-06
1.04433e-05
1.25917e-05
1.22104e-05
9.8678e-06
7.32259e-06
4.6976e-06
3.20656e-06
2.41249e-06
1.62626e-06
1.05352e-06
0
0
0
0
0
0
0
6.05227e-05
4.84008e-05
0.0387981
0.0272705
0
0.509093
0
0
0
0
0
0
0
0
0
0
0
0
0
0
0
0
0
0
0
0
0
0
0
0
0
0
0
0
0
0
0
0
0
0
0
1.09849e-06
2.35367e-06
3.90966e-06
7.82282e-06
1.09964e-05
1.02963e-05
7.58343e-06
7.18786e-06
9.74039e-06
8.61084e-06
6.1191e-06
3.61433e-06
2.72464e-06
2.25589e-06
1.38684e-06
0
0
0
0
0
0
0
0
0.000416724
0
0.580392
1.02256
0.0840408
0
0.00330706
0
0
0
0
0
0
0
0
0
0
0
0
0
0
0
0
0
0
0
0
0
0
0
0
0
0
0
0
0
0
0
0
0
0
1.05452e-06
2.46811e-06
3.76168e-06
5.86785e-06
9.39598e-06
9.88008e-06
8.69766e-06
5.8712e-06
4.82962e-06
5.89364e-06
4.8532e-06
3.23474e-06
2.47574e-06
1.83996e-06
1.29627e-06
0
0
0
0
0
0
0
0
0.000226812
0
0.0547372
0.10298
0.128818
0
0
0
0
0
0
0
0
0
0
0
0
0
0
0
0
0
0
0
0
0
0
0
0
0
0
0
0
0
0
0
0
0
0
0
0
0
2.53537e-06
3.6267e-06
4.59328e-06
7.39086e-06
9.21612e-06
9.33248e-06
7.63668e-06
4.95701e-06
3.16932e-06
3.42246e-06
2.75897e-06
2.10612e-06
1.62375e-06
1.27787e-06
0
0
0
0
0
0
0
0
1.03414e-06
0
0.0016038
0.346348
0
4.81692
0.0212788
0
0
0
0
0
0
0
0
0
0
0
0
0
0
0
0
0
0
0
0
0
0
0
0
0
0
0
0
0
0
0
0
0
0
0
2.34932e-06
3.65793e-06
4.64778e-06
6.47178e-06
7.6847e-06
8.56935e-06
7.95451e-06
6.33557e-06
4.35036e-06
3.00696e-06
2.08532e-06
1.77862e-06
1.68002e-06
1.3098e-06
0
0
0
0
0
0
0
0
0
0
0.0848339
0
0.430664
14.1978
0.28333
0.0148606
0
0
0
0
0
0
0
0
0
0
0
0
0
0
0
0
0
0
0
0
0
0
0
0
0
0
0
0
0
0
0
0
0
0
2.14769e-06
3.80934e-06
4.64943e-06
5.55655e-06
6.47759e-06
6.87148e-06
6.7434e-06
5.70122e-06
4.31938e-06
3.19477e-06
2.39287e-06
2.18245e-06
1.95857e-06
1.5467e-06
0
0
0
0
0
0
0
0
0
0
0
0
0
0.422952
0
0
0
0
0
0
0
0
0
0
0
0
0
0
0
0
0
0
0
0
0
0
0
0
0
0
0
0
0
0
0
0
0
0
0
0
1.73035e-06
3.46292e-06
4.35499e-06
4.99228e-06
5.67444e-06
5.81034e-06
5.97035e-06
5.54355e-06
4.72495e-06
3.83417e-06
3.11808e-06
2.71657e-06
2.49837e-06
1.85547e-06
1.09778e-06
0
0
0
0
0
0
0
0
0
0
0
0
0
0.233221
0.191705
0
0
0
0
0
0
0
0
0
0
0
0
0
0
0
0
0
0
0
0
0
0
0
0
0
0
0
0
0
0
0
0
0
0
1.20704e-06
2.88183e-06
4.31903e-06
4.85803e-06
5.41144e-06
5.71287e-06
5.75571e-06
5.14656e-06
4.58513e-06
4.08265e-06
3.55627e-06
3.26194e-06
2.7137e-06
1.84376e-06
0
0
0
0
0
0
0
0
0
0
0
0
0.00782902
0
0
0.111495
0
0
0
0
0
0
0
0
0
0
0
0
0
0
0
0
0
0
0
0
0
0
0
0
0
0
0
0
0
0
0
0
0
0
0
2.25934e-06
3.85649e-06
4.77955e-06
5.73319e-06
6.18271e-06
5.7993e-06
5.15281e-06
4.54215e-06
4.04447e-06
3.72034e-06
3.15689e-06
2.28219e-06
1.34447e-06
0
0
0
0
0
0
0
0
0
0
0
0
0.000633523
0
0
0.044888
0
0
0
0
0
0
0
0
0
0
0
0
0
0
0
0
0
0
0
0
0
0
0
0
0
0
0
0
0
0
0
0
0
0
0
1.61555e-06
3.04694e-06
3.81315e-06
4.24341e-06
4.28671e-06
4.38985e-06
4.29192e-06
3.66358e-06
3.28077e-06
2.74348e-06
1.56151e-06
0
0
0
0
0
0
0
0
0
0
0
0
0
0
0
0.0231813
3.33287
2.9823
0
0
0
0
0
0
0
0
0
0
0
0
0
0
0
0
0
0
0
0
0
0
0
0
0
0
0
0
0
0
0
0
0
0
0
1.22232e-06
2.24469e-06
2.84416e-06
3.20657e-06
3.18682e-06
3.14143e-06
2.85117e-06
2.23896e-06
1.89454e-06
1.28672e-06
0
0
0
0
0
0
0
0
0
0
0
0
0
0
0.00183386
0
0
0
0
0
0
0
0
0
0
0
0
0
0
0
0
0
0
0
0
0
0
0
0
0
0
0
0
0
0
0
0
0
0
0
0
0
0
0
0
1.47981e-06
1.908e-06
2.23108e-06
2.26825e-06
2.08996e-06
1.64396e-06
1.22512e-06
0
0
0
0
0
0
0
0
0
0
0
0
0
0
0
0
0
0
0
0
0
0
0
0
0
0
0
0
0
0
0
0
0
0
0
0
0
0
0
0
0
0
0
0
0
0
0
0
0
0
0
0
0
0
0
0
0
0
0
0
0
0
0
0
0
0
0
0
0
0
0
0
0
0
0
0
0
0
0
0
0
0
4.57929
0
0
0
0
0
0
0
0
0
0
0
0
0
0
0
0
0
0
0
0
0
0
0
0
0
0
0
0
0
0
0
0
0
0
0
0
0
0
0
0
0
0
0
0
0
0
0
0
0
0
0
0
0
0
0
0
0
0
0
0
0
0
0
0
0
0
0
0
0
0
0
0
0
0
0
0
0
0
0
0
0
0
0
0
0
0
0
0
0
0
0
0
0
0
0
0
0
0
0
0
0
0
0
0
0
0
0
0
0
0
0
0
0
0
0
0
0
0
0
0
0
0
0
0
0
0
0
0.0178038
0
0
0
0
0
0
0
0
0
0
0
0
0
0
0
0
0
0
0
0
0
0
0
0
0
0
0
0
0
0
0
0
0
0
0
0
0
0
0
0
0
0
0
0
0
0
0
0
0
0
0
0
0
0
0
0
0
0
0
0
0
0
0
0
0
0
0
0
0
0
0
0
0
0
0
0
0
0
0
0
0
0
0
0
0
0
0
0
0
0
0
0
0
0
0
0
0
0
0
0
0
0
0
0
0
0
0
0
0
0
0
0
0
0
0
0
0
0
0
0
0
0
0
0
0
0
0
0
0
0
0
0
0
0
0
0
0
0
0
0
0
0
0
0
0
0
0
0
0
0
0
0
0
0
0
0
0
0
0
0
0
0
0
0
0
0
0
0
0
0
0
0
0
0
0
0
0
0
0
0
0
0
0
0
0
0
0
0
0
0
0
0
0
0
0
0
0
0
0
0
0
0
0
0
0
0
0
0
0
0
0
0
0
0
0
0
0
0
0
0
0
0
0
0
0
0
0
0
0
0
0
0
0
0
0
0
0
0
0
0
0
0
0
0
0
0
0
0
0
0
0
0
0
0
0
0
0
0
0
0
0
0
0
0
0
0
0
0
0
0
0
0
0
0
0
0
0
0
0
0
0
0
0
0
0
0
0
0
0
0
0
0
0
0
0
0
0
0
0
0
0
0
0
0
0
0
0
0
0
0
0
0
0
0
0
0
0
0
0
0
0.00586159
0.00192252
0
0
0
0
0
0
0
0
0
0
0
0
0
0
0
0
0
0
0
0
0
0
0
0
0
0
0
0
0
0
0
0
0
0
0
0
0
0
0
0
0
0
0
0
0
0
0
0
0
0
0
0
0
0
0
0
0
0
0
0
0.00376993
0
0
25.0799
0
0
0
0
0
0
0
0
0
0
0
0
0
0
0
0
0
0
0
0
0
0
0
0
0
0
0
0
0
0
0
0
0
0
0
0
0
0
0
0
0
0
0
0
0
0
0
0
0
0
0
0
0
0
0
0
0
0
0
0
0
0
0.00042351
0
0
0
0
0
0
0
0
0
0
0
0
0
0
0
0
0
0
0
0
0
0
0
0
0
0
0
0
0
0
0
0
0
0
0
0
0
0
0
0
0
0
0
0
0
0
0
0
0
0
0
0
0
0
0
0
0
0
0
0
0
0
4.37332
0
0
0
0
0
0
0
0
0
0
0
0
0
0
0
0
0
0
0
0
0
0
0
0
0
0
0
0
0
0
0
0
0
0
0
0
0
0
0
0
0
0
0
0
0
0
0
0
0
0
0
0
0
0
0
0
0
0
0
0
0
0
0
0
0
0
0
0
0
0
0
0
0
0
0
0
0
0
0
0
0
0
0
0
0
0
0
0
0
0
0
0
0
0
0
0
0
0
0
0
0
0
0
0
0
0
0
0
0
0
0
0
0
0
0
0
0
0
0
0
0
0
0
0
0
0
0
0
0
0
0
0
0
0
0
0
0
0
0
0
0
0
0
0
0
0
0
0
0
0
0
0
0
0
0
0
0
0
0
0
0
0
0
0
0
0
0
0
0
0
0
0
0
0
0
0
0
0
0
0
0
0
0
0
0
0
0
0
0
0
0.0622224
52.2805
0
0
0
0
0
0
0
0
0
0
0
0
0
0
0
0
0
0
0
0
0
0
0
0
0
0
0
0
0
0
0
0
0
0
0
0
0
0
0
0
0
0
0
0
0
0
0
0
0
0
0
0
0
0
0
0
0
0
0
0
0
0
0.00185593
1.56069
0
0
0
0
0
0
0
0
0
0
0
0
0
0
0
0
0
0
0
0
0
0
0
0
0
0
0
0
0
0
0
0
0
0
0
0
0
0
0
0
0
0
0
0
0
0
0
0
0
0
0
0
0
0
0
0
0
0
0
0
0
0
0.230564
0
70.5541
0
0
0
0
0
0
0
0
0
0
0
0
0
0
0
0
0
0
0
0
0
0
0
0
0
0
0
0
0
0
0
0
0
0
0
0
0
0
0
0
0
0
0
0
0
0
0
0
0
0
0
0
0
0
0
0
0
0
0
0
0
0
0.000961624
0.0163997
0
0
0
0
0
0
0
0
0
0
0
0
0
0
0
0
0
0
0
0
0
0
0
0
0
0
0
0
0
0
0
0
0
0
0
0
0
0
0
0
0
0
0
0
0
0
0
0
0
0
0
0
0
0
0
0
0
0
0
0
0
0
0
0
0
0
0
0
0
0
0
0
0
0
0
0
0
0
0
0
0
0
0
0
0
0
0
0
0
0
0
0
0
0
0
0
0
0
0
0
0
0
0
0
0
0
0
0
0
0
0
0
0
0
0
0
0
0
0
0
0
0
0
0
0
0
0
0.0045897
0
0
0
0
0
0
0
0
0
0
0
0
0
0
0
0
0
0
0
0
0
0
0
0
0
0
0
0
0
0
0
0
0
0
0
0
0
0
0
0
0
0
0
0
0
0
0
0
0
0
0
0
0
0
0
0
0
0
0
0
0
0.0909255
26.3613
0
10.737
2.81861
0
0
0
0
0
0
0
0
0
0
0
0
0
0
0
0
0
0
0
0
0
0
0
0
0
0
0
0
0
0
0
0
0
0
0
0
0
0
0
0
0
0
0
0
0
0
0
0
0
0
0
0
0
0
0
0
0
0
0
0
0
0
0
0
0
0
0
0
0
0
0
0
0
0
0
0
0
0
0
0
0
0
0
0
0
0
0
0
0
0
0
0
0
0
0
0
0
0
0
0
0
0
0
0
0
0
0
0
0
0
0
0
0
0
0
0
0
0
0
0
0
0
0
0
0
32.7818
0
0
0
0
0
0
0
0
0
0
0
0
0
0
0
0
0
0
0
0
0
0
0
0
0
0
0
0
0
0
0
8.34083
8.99899
10.7806
10.1518
11.1467
11.8077
12.1563
11.3895
12.2037
11.9658
12.3878
11.544
13.2566
11.4654
7.23704
11.3537
8.75265
10.869
5.14782
10.548
10.5099
10.6023
5.71719
2.03618
7.17356
9.06015
12.8201
12.506
5.65644
22.7381
11.0319
13.61
7.46958
6.82179
7.2351
23.6609
20.2269
11.5004
14.2508
13.2937
9.65944
10.4933
4.61998
14.8782
8.16065
10.793
12.7914
13.035
11.3256
10.9946
11.4098
12.9409
10.6266
12.0889
12.2492
10.8258
10.7092
11.8332
11.8702
10.2663
8.99113
5.4846
3.37264
2.12113
7.48186
8.40679
10.861
10.4977
10.6989
11.3617
11.2462
10.9013
11.8929
11.7177
12.1835
12.911
12.7065
11.1303
7.318
9.2001
10.8311
10.0576
8.28953
14.9523
12.1762
8.58065
6.76231
9.84952
9.24694
7.1022
14.1116
11.1478
9.39754
5.80204
0.260037
7.0372
14.4499
2.5048
1.40831
13.9479
19.6344
15.5326
11.0312
7.84528
9.04586
13.4084
9.15989
12.5594
11.0319
13.1871
10.7178
13.3618
11.2003
11.8428
11.2784
13.3406
10.8685
11.6659
12.5442
11.0811
10.7968
12.2996
10.677
9.59282
8.77386
6.5299
4.19056
1.97365
2.30578
2.86794
8.03858
10.5996
9.88141
10.596
9.17864
10.7205
11.4518
11.1345
11.4719
10.364
11.9515
10.9535
8.69929
9.45234
12.2626
10.4958
11.3985
15.1376
7.66177
13.5988
6.48077
8.63577
16.8449
22.0569
12.2809
6.44004
2.28169
4.10102
20.2866
17.3976
16.3617
30.3367
12.6727
4.92154
19.7451
16.906
15.9954
12.4922
7.0069
8.55146
0.0357206
10.312
9.2784
12.4285
6.60775
15.7267
11.0225
14.5481
10.7102
12.4599
9.99753
11.0717
12.9873
10.7969
10.8779
10.4398
10.116
9.21402
3.9453
6.48591
0.654501
1.07246
0.510478
0.375265
1.87173
6.48795
3.29677
6.43958
1.35835
7.20294
7.24248
7.25528
4.37627
5.11028
10.6219
10.9259
8.21525
11.3383
8.69917
15.0663
5.30699
5.26562
14.9125
18.415
1.53596
10.6266
1.48309
14.6464
19.4025
26.9069
25.816
7.90545
0.677203
4.92009
25.4269
22.7859
4.40047
3.26903
0.0184252
0.00439099
0.00229858
0.02477
0.154943
1.58941
0.000960625
13.1877
15.3323
2.65947
14.4413
17.292
15.8018
6.71091
11.861
9.67491
7.23807
11.8627
10.0165
9.34511
10.7036
4.97439
6.00797
7.24868
0.32513
5.27864
0.168676
0.168444
0.00111935
0.0487157
0.117448
0.35841
0.381977
0.382185
0.31453
0.0602811
0.323635
0.174418
0.884444
0.834474
1.4334
4.01615
5.23779
7.80042
3.09061
0.128023
4.1567
0.716575
0.187274
0.00927245
0.0328122
1.65169
0.202671
0.00719995
0.015177
11.6326
12.2958
8.5297
18.0968
4.90054
0.617972
0.00328962
0.00836432
0.00194065
0.00157759
0
0
0
0
0
0
0.0413937
4.29326
1.3072
4.78001
4.62647
4.59109
1.92256
3.29054
4.08633
5.34342
10.1413
6.3231
4.53458
6.18659
2.12415
1.0072
0.204387
0.00780949
0.00161447
0.0559499
1.25059e-06
0
0.000116794
0.000880412
0
0.00484499
0.00716308
0.00600348
6.17584e-05
0.000465902
2.74698e-05
0.00631339
0.00554174
0.00276157
0.109212
0.858008
0.473968
0.0665689
0.0075231
0.00725923
8.25342e-05
1.97459e-06
0.000306061
0.000878609
0.0575959
0.233771
0.603539
0.39091
7.80044
14.3722
17.148
3.96037
4.00452
9.96977
0.000759269
1.64593e-05
0
0
0
0
0
0
0
0
0
0
0
0.0655768
0.072343
0.136642
0.442798
0.75292
1.38736
1.66956
3.22118
2.47385
2.8664
2.77824
0.455137
0.084317
0
0
1.51369e-06
0.00130293
0
0
0
0
0
0
1.93411e-06
2.50899e-06
0
0
0
0
0
0
0.000489623
0.00138083
0.142573
0.00611785
0.00371662
2.504e-06
1.90368e-06
0
0.000286702
0.000149597
0.000631844
0.557818
3.73459
0.22995
9.83187
7.2479
6.82141
4.42046
3.36658
0.310165
0.00283262
0
0
0
0
0
0
0
0
0
0
0
0
0
0
5.56555e-05
0
0.000835713
0.0364372
0.00112954
0.352812
0.197938
1.46897
0.581385
0.00430018
0.0023888
0
0
1.30501e-06
2.00922e-06
0
0
0
0
0
0
2.41212e-06
5.91051e-06
2.8e-06
0
0
0
0
0
0
1.56029e-06
0
0
1.96357e-06
6.54975e-06
1.24229e-05
8.5088e-06
1.19692e-06
0
0.00161923
0.189044
0.430866
0.0397781
1.91636
3.26315
2.69345
6.77519
1.82961
16.046
0.116134
0.000524939
0
0
0
0
0
0
0
0
0
0
0
0
0
0
0
0
0
0.000655557
0.0204871
0.0417897
0.232251
0.011684
0.000144624
1.93338e-05
0
0
1.08805e-06
1.66688e-06
0
0
0
0
0
0
1.01594e-06
5.16259e-06
5.98322e-06
0
0
0
0
1.74818e-06
0
0
5.70883e-06
5.08009e-06
2.30537e-05
7.12146e-05
9.80751e-05
1.22848e-05
0
0
0
0.000703455
0.0166723
0.301712
5.09453
5.25868
2.97486
4.15012
4.47808
1.41476
0.000482886
0.000964738
0.000275283
0
0
0
0
0
0
0
0
0
0
0
0
0
0
0
1.3094e-06
2.22332e-06
0.00473064
0.0511859
0.0110776
0.000592793
7.76366e-05
6.57784e-06
0
0
0
1.45687e-06
0
0
0
0
0
0
0
3.25656e-06
6.46963e-06
3.21829e-06
0
0
0
5.33559e-06
2.13717e-06
2.12454e-06
1.16792e-05
4.34774e-06
4.76978e-05
0.000204075
0.000226564
3.95254e-05
2.01512e-06
0
0
0.000933312
0.000185744
1.98763
5.56102
13.7509
6.14215
0.755584
42.0165
7.08041
6.40674e-05
0.000138011
0
0
0
0
0
0
0
0
0
0
0
0
0
0
0
0
8.26545e-05
0.00198097
0.0293502
0.0406118
0.00252442
0.000386333
4.24137e-05
3.14076e-06
0
0
0
1.13737e-06
0
0
0
0
0
0
0
0
2.30207e-06
3.26205e-06
0
0
1.72151e-06
1.10323e-05
3.36846e-05
3.64516e-05
1.19856e-05
1.40262e-05
3.04276e-05
9.65065e-05
0.000220869
1.33327e-05
2.74891e-06
0
0
0.000403957
0.000444898
4.57235
4.37121
11.0044
6.68113
0.0472147
11.2864
0.556825
2.27301e-06
0.000312843
1.54194e-06
0
0
0
0
0
0
0
0
0
0
0
0
0
0
0
1.11373e-05
0.000768527
0.00757595
0.0472459
0.00399863
0.000142856
3.41274e-05
3.21296e-06
0
0
0
0
0
0
0
2.64403e-06
5.60926e-06
2.35116e-06
0
1.08001e-06
1.79977e-06
1.68389e-06
0
0
0
3.779e-06
4.14791e-05
0.000141828
7.95183e-05
9.83047e-06
0
0
4.83134e-06
6.32001e-06
5.94811e-06
0
1.42744e-06
0
0.000999476
4.89194
1.06747
5.56928
9.63458
0.210909
1.86633
0.000557484
0
0
0
0
0
0
0
0
0
0
0
0
0
0
0
0
0
0
0
0.000518514
0.00979067
0.0159056
0.00159251
0.000385938
5.8358e-05
3.8102e-06
0
0
0
0
0
0
0
6.59389e-06
1.83049e-05
1.38635e-05
4.85919e-06
1.70365e-06
2.97972e-06
3.78171e-06
1.4831e-06
0
0
1.43768e-06
1.05148e-05
4.62931e-05
0.000136656
7.14987e-05
0
0
0
1.92134e-06
0
0
2.88686e-06
2.26794e-06
0.000850766
0.795751
0.0835677
1.68335
4.45215
2.38686
0.130577
0.00017084
8.47446e-05
1.62111e-06
0
0
0
0
0
0
0
0
0
0
0
1.51688e-05
3.70654e-05
1.51901e-06
0
0
0
9.13789e-06
0.0103154
0.0115703
0.00253684
0.000578379
5.83116e-05
2.07793e-06
0
0
0
0
0
0
0
8.03169e-06
3.6666e-05
5.74982e-05
4.16073e-05
3.94585e-06
6.60595e-06
9.13932e-06
6.83414e-06
1.22324e-06
0
0
3.74343e-06
2.0785e-05
4.88618e-05
1.61709e-05
0
0
0
0
0
1.23503e-06
3.30073e-06
2.55503e-06
1.04344e-06
0.00031285
0.0361293
0.303285
0.255659
6.56802
1.4851
0.0122548
0.00160261
0
0
0
0
0
0
0
0
0
0
0
0
5.63986e-06
3.71603e-05
1.50555e-05
1.1451e-06
0
0.000264185
0.00082379
0.0134552
0.00827024
0.00216643
0.00066853
4.99152e-05
0
0
0
0
0
0
0
0
5.98959e-06
4.40755e-05
0.000116665
0.000101191
1.83031e-05
1.09674e-05
1.36251e-05
9.69606e-06
9.63568e-06
4.77488e-06
3.77349e-06
0
8.97242e-06
6.95278e-06
0
0
0
0
0
0
1.64747e-06
3.34279e-06
2.86258e-06
0
1.47046e-06
0.0191958
0.160107
0.166966
13.129
0.0642002
0.0459486
0.0308414
1.08451e-06
0
0
0
0
0
0
0
0
0
0
0
0
1.96182e-06
1.76252e-05
5.76777e-06
9.07007e-06
0.000831117
0.00248778
0.0107482
0.00946136
0.00242837
0.000315193
8.91092e-06
0
0
0
0
0
0
0
0
2.13685e-06
2.69165e-05
0.00013856
0.000195224
8.16851e-05
3.39217e-05
2.46643e-05
3.5574e-05
2.53834e-05
1.44091e-05
1.47218e-05
8.36202e-06
2.83667e-05
2.42494e-05
4.0136e-05
0
0
0
0
2.85797e-06
1.64521e-06
2.62441e-06
1.47058e-06
0
0.00020688
0.0249639
0.0594979
4.21452
21.4153
0.195154
0.0682473
2.5255e-05
1.17551e-06
0
0
0
0
0
0
0
0
0
0
0
0
0
0
6.89254e-06
6.74e-05
0.00121047
0.00138301
0.00462512
0.00453756
0.000674332
2.95837e-06
0
0
0
0
0
0
0
0
0
0
4.79478e-06
5.80484e-05
0.000211377
0.000122625
0.000100668
3.726e-05
3.27263e-05
3.60747e-05
2.81506e-05
1.20696e-05
4.82373e-06
1.38541e-05
2.30077e-05
2.40205e-05
0
0
0
0
0
1.26112e-06
2.05614e-06
0
0
0.00018312
0.00526518
2.03049
6.1163
13.6432
2.79606
3.30681
0
2.42274e-05
0
0
0
0
0
0
0
0
0
0
0
5.56521e-06
9.67148e-06
4.23266e-05
4.31066e-05
5.33832e-05
0.000390727
0.00135926
0.00177978
0.000683905
2.05e-05
0
0
0
0
0
0
0
0
0
0
0
2.26349e-06
1.71001e-05
0.000107883
0.000126311
8.43435e-05
7.96786e-05
1.29606e-05
3.01216e-06
2.41209e-05
3.45305e-06
1.52588e-06
4.49826e-06
6.91368e-06
2.47021e-06
0
0
0
0
0
0
1.10302e-06
0
2.77929e-05
0.000871669
0.118421
10.645
5.86962
1.64453
4.28847
1.32325
0.00217992
0
0
0
0
0
0
0
0
0
0
0
0
0
2.69774e-06
5.40202e-05
0.000165013
0.000152368
0.000310582
0.000700624
0.000615348
2.73572e-05
0
0
0
0
0
0
0
0
0
0
0
0
1.67084e-06
8.15929e-06
4.38536e-05
0.000115447
9.84093e-05
9.82548e-05
1.53242e-05
1.49717e-06
7.48564e-06
3.73558e-06
0
0
0
0
0
0
0
0
0
0
0
0
2.1895e-05
0.00786345
0.106711
6.87805
1.99878
40.8665
3.85208
11.5058
8.23086e-06
0
0
0
0
0
0
0
0
0
0
0
0
0
0
6.27783e-06
0.000129034
0.000248957
0.000306828
0.000435638
0.000145667
0
0
0
0
0
0
0
0
0
0
0
0
0
1.10492e-06
5.89968e-06
1.90894e-05
6.83398e-05
6.44448e-05
6.87764e-05
7.73838e-05
1.07938e-05
0
2.6268e-06
0
0
0
0
0
0
0
0
0
0
0
0
2.27209e-05
0.0127753
0.150429
3.09891
14.52
39.9674
33.5641
9.03327
0
9.39204e-05
0
0
0
0
0
0
0
0
0
0
0
0
0
0
2.28534e-05
7.50094e-05
0.000169873
8.50401e-05
0
0
0
0
0
0
0
0
0
0
0
0
0
0
0
3.78839e-06
1.21169e-05
2.38592e-05
5.1352e-05
8.04242e-05
0.000102058
1.68717e-05
2.20725e-06
2.21016e-06
0
0
0
0
0
0
0
0
0
0
0
0
1.46298e-06
0.00789265
0.142542
0.367573
0.447628
18.4347
19.8907
0.0677228
0
9.18412e-06
0
0
0
0
0
0
0
0
0
0
0
0
0
0
1.19056e-06
1.10036e-05
3.95863e-05
1.4317e-05
0
0
0
0
0
0
0
0
0
0
0
0
0
0
0
2.38007e-06
1.00568e-05
1.41083e-05
3.10086e-05
5.66308e-05
5.58261e-05
2.41326e-05
8.34307e-06
5.66278e-06
1.7214e-06
0
0
0
0
0
0
0
0
0
0
0
4.50506e-06
0.0100736
0.0860169
0.807291
0.0480532
0.0908846
2.48686
0
0.000205468
1.25421e-05
0
0
0
0
0
0
0
0
0
0
0
0
0
0
0
0
3.50248e-06
2.83578e-06
0
0
0
0
0
0
0
0
0
0
0
0
0
0
0
1.6758e-06
6.06411e-06
8.82732e-06
1.04747e-05
3.13002e-05
4.26587e-05
3.7487e-05
1.90487e-05
8.33126e-06
4.51154e-06
4.2438e-06
1.76858e-06
0
0
0
0
0
0
0
0
0
0.000944844
0.00455114
0.516381
0.0779605
0.000454894
0.338079
2.01144
0
0
4.06713e-05
0
0
0
0
0
0
0
0
0
0
0
0
0
0
0
0
0
0
0
0
0
0
0
0
0
0
0
0
0
0
0
0
0
1.32242e-06
3.2522e-06
5.30813e-06
5.45673e-06
1.62202e-05
3.12503e-05
3.20231e-05
2.4436e-05
8.47099e-06
4.68883e-06
5.20456e-06
2.2921e-06
1.19912e-06
1.13364e-06
0
0
0
0
0
0
0
0.00029971
0.00452993
0.394798
0.00949394
0.700304
7.35043
5.8276
0.000199202
0.102995
0.000198014
0
0
0
0
0
0
0
0
0
0
0
0
0
0
0
0
0
0
0
0
0
0
0
0
0
0
0
0
0
0
0
0
0
1.21611e-06
2.10297e-06
4.24659e-06
3.68619e-06
6.99241e-06
1.20281e-05
1.9447e-05
1.80381e-05
1.14093e-05
1.03119e-05
3.35804e-06
2.07703e-06
1.32069e-06
0
0
0
0
0
0
0
0
0.000554687
0.0752503
0.00909953
0.0342125
1.32272
15.7363
18.8563
20.8983
0
0.000221734
0
0
0
0
0
0
0
0
0
0
0
0
0
0
0
0
0
0
0
0
0
0
0
0
0
0
0
0
0
0
0
0
0
1.25936e-06
2.0711e-06
2.65301e-06
4.2599e-06
4.13043e-06
5.52625e-06
6.47533e-06
9.56267e-06
1.20508e-05
6.66862e-06
3.42204e-06
1.92138e-06
1.1223e-06
0
0
0
0
0
0
0
0
0.00356546
0.0234571
0.384685
1.75398
4.25383
12.9242
37.1775
6.94721
0.47774
0
0
0
0
0
0
0
0
0
0
0
0
0
0
0
0
0
0
0
0
0
0
0
0
0
0
0
0
0
0
0
0
0
0
0
1.63128e-06
1.76273e-06
3.2923e-06
3.21174e-06
3.44659e-06
4.39169e-06
4.65276e-06
3.9481e-06
3.80982e-06
2.98431e-06
2.19251e-06
1.34523e-06
0
0
0
0
0
0
0
4.24652e-05
0.0138984
0.0222023
0.196586
1.69616
7.64026
20.8241
13.6685
0.200802
3.45588
0
0.000243815
0
0
0
0
0
0
0
0
0
0
0
0
0
0
0
0
0
0
0
0
0
0
0
0
0
0
0
0
0
0
0
0
0
1.66066e-06
1.73192e-06
2.58432e-06
5.42615e-06
4.49796e-06
3.61721e-06
2.95924e-06
2.79236e-06
2.29911e-06
1.82692e-06
1.33795e-06
1.12878e-06
0
0
0
0
0
0
0
2.17011e-05
0.0149699
0.0520188
0.0224328
0.718425
0.0367443
5.83488
0.172666
0.0110714
0
0
0
0
0
0
0
0
0
0
0
0
0
0
0
0
0
0
0
0
0
0
0
0
0
0
0
0
0
0
0
0
0
0
0
0
1.5535e-06
2.17293e-06
2.18727e-06
3.98953e-06
4.31442e-06
2.71986e-06
2.80211e-06
2.33974e-06
1.79208e-06
1.44863e-06
0
0
0
0
0
0
0
0
0
5.26006e-06
0.000657079
0.000132787
0.0355122
0.0174921
0.00114775
0
0.145327
0.00299989
0.00457254
0
0
0
0
0
0
0
0
0
0
0
0
0
0
0
0
0
0
0
0
0
0
0
0
0
0
0
0
0
0
0
0
0
0
0
1.0354e-06
1.76828e-06
1.72904e-06
2.34192e-06
4.3782e-06
4.57611e-06
2.01511e-06
1.27231e-06
1.12652e-06
1.00779e-06
0
0
0
0
0
0
0
0
0
3.80613e-06
6.35528e-05
0.009484
0.0134556
0.0429582
2.57457
0
0.0141529
0
0.0290931
0
0
0
0
0
0
0
0
0
0
0
0
0
0
0
0
0
0
0
0
0
0
0
0
0
0
0
0
0
0
0
0
0
0
0
0
1.6347e-06
1.90292e-06
1.81211e-06
2.96004e-06
3.9843e-06
1.75158e-06
1.05283e-06
0
0
0
0
0
0
0
0
0
0
0
2.42697e-06
7.70661e-06
0.0120894
0.000697522
0.433962
0
0.826534
0.000366992
0
0
0
0
0
0
0
0
0
0
0
0
0
0
0
0
0
0
0
0
0
0
0
0
0
0
0
0
0
0
0
0
0
0
0
0
0
0
1.36171e-06
2.03444e-06
1.7816e-06
1.21389e-06
1.42849e-06
2.14902e-06
1.06871e-06
0
0
0
0
0
0
0
0
0
0
0
2.0356e-06
6.10775e-06
0.00307196
5.56621e-05
1.06684
0.351614
2.33608
8.78044
1.12223
0
0.000734858
0
0
0
0
0
0
0
0
0
0
0
0
0
0
0
0
0
0
0
0
0
0
0
0
0
0
0
0
0
0
0
0
0
0
0
0
1.45602e-06
1.67499e-06
1.50849e-06
0
0
0
0
0
0
0
0
0
0
0
0
0
0
0
3.56279e-06
0.000864973
0.000178306
0.688306
0.143725
0.0249815
1.5688
0
0
0
0
0
0
0
0
0
0
0
0
0
0
0
0
0
0
0
0
0
0
0
0
0
0
0
0
0
0
0
0
0
0
0
0
0
0
0
1.09704e-06
1.42443e-06
1.49597e-06
1.17982e-06
0
0
0
0
0
0
0
0
0
0
0
0
0
0
1.89936e-05
0.000221578
0.00583341
0.643194
12.1275
29.2175
2.28284
0.111436
0
0.0779947
0
0
0
0
0
0
0
0
0
0
0
0
0
0
0
0
0
0
0
0
0
0
0
0
0
0
0
0
0
0
0
0
0
0
0
0
0
1.06612e-06
1.18379e-06
1.18179e-06
0
0
0
0
0
0
0
0
0
0
0
0
0
0
0
8.2657e-05
0.0232231
0
0
12.5715
4.15097
18.7085
0.275224
0
0
0
0
0
0
0
0
0
0
0
0
0
0
0
0
0
0
0
0
0
0
0
0
0
0
0
0
0
0
0
0
0
0
0
0
0
0
0
0
0
0
0
0
0
0
0
0
0
0
0
0
0
0
0
0
0
0.00205207
0.000359034
0
9.16958e-06
66.6392
0
8.76825
0
0
0
0
0
0
0
0
0
0
0
0
0
0
0
0
0
0
0
0
0
0
0
0
0
0
0
0
0
0
0
0
0
0
0
0
0
0
0
0
0
0
0
0
0
0
0
1.08389e-06
0
0
0
0
0
0
0
0
1.47104e-05
0
0
0
3.30763
17.7692
0
0.66438
0.0047355
0
0
0
0
0
0
0
0
0
0
0
0
0
0
0
0
0
0
0
0
0
0
0
0
0
0
0
0
0
0
0
0
0
0
0
0
0
0
0
0
0
0
0
0
1.16253e-06
1.50014e-06
1.58604e-06
1.35564e-06
0
0
0
0
0
0
0
8.23025e-05
0.000117954
0
0.000148056
1.53287
74.6915
0
0
0.22649
0
0
0
0
0
0
0
0
0
0
0
0
0
0
0
0
0
0
0
0
0
0
0
0
0
0
0
0
0
0
0
0
0
0
0
0
0
0
1.0241e-06
1.0991e-06
0
0
0
1.04897e-06
1.46415e-06
1.81473e-06
1.93182e-06
1.5107e-06
0
0
0
0
0
0
0
0
8.35062e-05
0
0.0297132
0
24.9546
0
0
0.274805
0
0
0
0
0
0
0
0
0
0
0
0
0
0
0
0
0
0
0
0
0
0
0
0
0
0
0
0
0
0
0
0
0
0
0
0
0
0
1.0471e-06
1.20386e-06
0
0
0
1.15639e-06
1.52974e-06
1.63982e-06
1.65614e-06
1.31937e-06
0
0
0
0
0
0
0
0
5.00882e-05
0
0
3.2978
0.00573956
0
0
0
0
0
0
0
0
0
0
0
0
0
0
0
0
0
0
0
0
0
0
0
0
0
0
0
0
0
0
0
0
0
0
0
0
0
0
0
0
0
0
0
0
0
0
1.19047e-06
1.26293e-06
1.20885e-06
1.13927e-06
0
0
0
0
0
0
0
0
0
0
0.000234036
0
0
0
0
0
0
0
0
0
0
0
0
0
0
0
0
0
0
0
0
0
0
0
0
0
0
0
0
0
0
0
0
0
0
0
0
0
0
0
0
0
0
0
0
0
0
0
0
0
0
0
0
0
0
0
0
0
0
0
0
0
0
0
0
0
0.575434
54.0456
0
0
0
0
0
0
0
0
0
0
0
0
0
0
0
0
0
0
0
0
0
0
0
0
0
0
0
0
0
0
0
0
0
0
0
0
0
0
0
0
0
0
0
0
0
0
0
0
0
0
0
0
0
0
0
0
0
0
0
0
0
0
1.48701
10.2761
69.9264
70.5583
0
0
0
0
0
0
0
0
0
0
0
0
0
0
0
0
0
0
0
0
0
0
0
0
0
0
0
0
0
0
0
0
0
0
0
0
0
0
0
0
0
0
0
0
0
0
0
0
0
0
0
0
0
0
0
0
0
0
0
0
0.00403511
14.7291
64.2871
21.7819
0
0
0
0
0
0
0
0
0
0
0
0
0
0
0
0
0
0
0
0
0
0
0
0
0
0
0
0
0
0
0
0
0
0
0
0
0
0
0
0
0
0
0
0
0
0
0
0
0
0
0
0
0
0
0
0
0
0
0
0
0.0574487
29.9912
60.5974
0
0.00859165
0
0
0
0
0
0
0
0
0
0
0
0
0
0
0
0
0
0
0
0
0
0
0
0
0
0
0
0
0
0
0
0
0
0
0
0
0
0
0
0
0
0
0
0
0
0
0
0
0
0
0
0
0
0
0
0
0
0
0.00690154
0.0199817
0
0
0
1.05689
0
0
0
0
0
0
0
0
0
0
0
0
0
0
0
0
0
0
0
0
0
0
0
0
0
0
0
0
0
0
0
0
0
0
0
0
0
0
0
0
0
0
0
0
0
0
0
0
0
0
0
0
0
0
0
0
0
0
0
0
0
0
0
0
0
0
0
0
0
0
0
0
0
0
0
0
0
0
0
0
0
0
0
0
0
0
0
0
0
0
0
0
0
0
0
0
0
0
0
0
0
0
0
0
0
0
0
0
0
0
0
0
0
0
0
0
0
0
0
0
0
0
0
0
0
0
0
0
0
0
0
0
0
0
0
0
0
0
0
0
0
0
0
0
0
0
0
0
0
0
0
0
0
0
0
0
0
0
0
0
0
0
0
0
0
0
0
0
0
0
0
0
0
0
0
0
0
0
0
0
0
0
0
0
0
0
0
0.00201449
32.6458
4.88285
0.230364
0
0
0
0
0
0
0
0
0
0
0
0
0
0
0
0
0
0
0
0
0
0
0
0
0
0
0
0
0
0
0
0
0
0
0
0
0
0
0
0
0
0
0
0
0
0
0
0
0
0
0
0
0
0
0
0
0
0
0
0
0
73.2661
19.2917
97.5198
31.027
0
0
0
0
0
0
0
0
0
0
0
0
0
0
0
0
0
0
0
0
0
0
0
0
0
0
0
0
0
0
0
0
0
0
0
0
0
0
0
0
0
0
0
0
0
0
0
0
0
0
0
0
0
0
0
0
0
0
0.0910572
0.00450254
0.00904087
100
73.9159
0
0
0
0
0
0
0
0
0
0
0
0
0
0
0
0
0
0
0
0
0
0
0
0
0
0
0
0
0
0
0
0
0
0
0
0
0
0
0
0
0
0
0
0
0
0
0
0
0
0
0
0
0
0
0
0
0
0
0
0
0.0582345
10.5297
0
0
0
0
0
0
0
0
0
0
0
0
0
0
0
0
0
0
0
0
0
0
0
0
0
0
0
0
0
0
0
0
0
0
0
0
0
0
0
0
0
0
0
0
0
0
0
0
0
0
0
0
0
0
0
0
0
0
0
0
0
0.0231052
0.132078
33.0561
27.2724
0
0
0
0
0
0
0
0
0
0
0
0
0
0
0
0
0
0
0
0
0
0
0
0
0
0
0
0
0
0
0
0
0
0
0
0
0
0
0
0
0
0
0
0
0
0
0
0
0
0
0
0
0
0
0
0
0
0
0
0
0
0
33.7226
92.793
0
0
0
0
0
0
0
0
0
0
0
0
0
0
0
0
0
0
0
0
0
0
0
0
0
0
0
0
0
0
0
0
0
0
0
0
0
0
0
0
0
0
0
0
0
0
0
0
0
0
0
0
0
0
0
0
0
0
0
0
0
0
7.64703
0
0
0
0
0
0
0
0
0
0
0
0
0
0
0
0
0
0
0
0
0
0
0
0
0
0
0
0
0
0
0
0
0
0
0
0
0
0
0
0
0
0
0
0
0
0
0
0
0
0
0
0
0
0
0
0
0
0
0
0
0
0.0843522
19.7643
16.8975
1.53544
0
0
0
0
0
0
0
0
0
0
0
0
0
0
0
0
0
0
0
0
0
0
0
0
0
0
0
0
0
0
0
0
0
0
0
0
0
0
0
0
0
0
0
0
0
0
0
0
0
0
0
0
0
0
0
0
0
0
0
0
0.293822
0.155117
0
0
32.7666
6.33383
0
0
0
0
0
0
0
0
0
0
0
0
0
0
0
0
0
0
0
0
0
0
0
0
0
0
0
0
0
0
0
0
0
0
0
0
0
0
0
0
0
0
0
0
0
0
0
0
0
0
0
0
0
0
0
0
0
0
0.0433618
0
0.00263662
97.4316
86.6203
32.7324
0
0
0
0
0
0
0
0
0
0
0
0
0
0
0
0
0
0
0
0
0
0
0
0
0
0
0
0
0
0
0
0
0
0
0
0
0
0
0
0
0
0
0
0
0
0
0
0
0
0
0
0
0
0
0
0
0
0
0
2.96936
3.1709
100
100
5.61667
0
0
0
0
0
0
0
0
0
0
0
0
0
0
0
0
0
0
0
0
0
0
0
0
0
0
0
0
0
0
0
0
0
0
0
0
0
0
0
0
0
0
0
0
0
0
0
0
0
0
0
0
0
0
0
0
0
0
0
0.715048
7.41867
100
97.1722
0
0
0
0
0
0
0
0
0
0
0
0
0
0
0
0
0
0
0
0
0
0
0
0
0
0
0
0
0
0
0
0
0
0
0
0
0
0
0
0
0
0
0
0
0
0
0
0
0
0
0
0
0
0
0
0
0
0
0
0
0.0180841
8.2128
100
100
0
0
0
0
0
0
0
0
0
0
0
0
0
0
0
0
0
0
0
0
0
0
0
0
0
0
0
0
0
0
0
0
0
0
0
0
0
0
0
0
0
0
0
0
0
0
0
0
0
0
0
0
0
0
0
0
0
0
0
0
0.0426214
0
100
93.7319
0
0
0
0
0
0
0
0
0
0
0
0
0
0
0
0
0
0
0
0
0
0
0
0
0
0
0
0
0
0
0
0
0
0
0
0
0
0
0
0
0
0
0
0
0
0
0
0
0
0
0
0
0
0
0
0
0
0
0
0
0
0
100
100
0
0
0
0
0
0
0
0
0
0
0
0
0
0
0
0
0
0
0
0
0
0
0
0
0
0
0
0
0
0
0
0
0
0
0
0
0
0
0
0
0
0
0
0
0
0
0
0
0
0
0
0
0
0
0
0
0
0
0
0
0
9.2102
100
100
12.4207
0
0
0
0
0
0
0
0
0
0
0
0
0
0
0
0
0
0
0
0
0
0
0
0
0
0
0
0
0
8.36609
8.75718
10.5065
10.6541
10.4908
11.6969
12.6426
12.0302
12.0191
11.9604
13.1247
11.9935
10.6668
11.9797
12.4481
13.8308
9.64457
10.3698
6.37415
17.0075
8.17262
10.9937
3.82588
13.7398
13.7097
20.722
9.47308
9.1701
11.6775
11.3882
5.83014
7.62061
11.8656
11.8325
16.5408
14.0268
10.7509
9.49506
14.2855
10.347
8.27899
8.98679
14.3493
14.7907
11.0601
9.96712
10.7367
13.6478
11.2772
11.8827
13.1468
10.2831
8.42925
11.4762
12.0005
10.7399
10.9695
11.8475
10.876
9.66721
8.84364
5.14839
3.60897
1.47877
7.60613
8.28055
10.5649
10.8208
10.6143
11.1315
11.5947
11.6592
11.8133
11.5948
12.7511
12.5892
11.482
11.1802
12.0728
12.6479
12.495
8.90259
9.92956
8.71345
10.9997
15.2452
11.5167
10.5843
11.6623
16.6919
0.0748425
16.664
9.65396
9.06018
2.78792
20.4169
20.8432
16.2558
0.290211
8.35209
13.045
2.43354
14.0565
22.6951
11.3571
11.4508
12.771
9.4127
11.8045
11.3424
13.6774
11.9325
11.2897
11.2218
12.1394
10.3031
10.0275
11.6258
11.7505
10.9263
11.5533
11.1384
9.72292
9.14249
8.62689
6.63482
4.30162
1.58014
4.73674
1.81848
10.0183
9.67137
9.81602
10.32
8.61814
10.55
9.20546
10.4011
11.8973
10.3674
12.2625
11.4949
10.0181
11.9881
11.212
14.4032
10.5816
12.8683
17.9776
8.22918
11.8814
18.6371
3.18726
5.22878
1.63695
24.0458
13.4726
3.12325
13.5413
10.0701
14.3837
3.8412
14.4173
2.00092
17.393
18.2643
14.2013
3.18059
0.623689
0.430629
15.5008
17.8065
8.91912
9.72746
2.53306
13.1483
10.6862
12.2408
12.9659
11.0929
11.5378
10.6789
11.5819
10.2474
11.4548
8.79662
9.16517
5.0003
5.55164
0.844353
0.536156
1.08792
1.30827
0.151489
6.06481
2.43976
3.19442
5.18021
1.99185
4.39728
1.25324
1.89126
6.37803
2.26511
11.7224
9.78115
8.80618
14.8528
7.98696
5.29415
9.77076
12.3985
12.6582
1.72228
2.28972
4.81332
10.5031
3.44171
4.08689
10.1784
6.04511
3.02164
7.21966
2.40105
10.5402
11.3958
15.1177
1.17631
2.69855
0.0169862
0
0.00423401
0.00976698
1.30692
0.616094
1.3232
5.73732
3.21218
7.6163
16.2717
14.5089
4.76574
11.5369
7.11858
13.4433
12.1234
11.4571
7.34405
9.54073
3.6678
4.0409
1.24751
0.368668
0.291024
0.0808567
0.363777
0.000241747
0.0230742
0.103456
0.247818
0.223599
0.22364
0.201867
0.0751905
0.0391083
0.0242879
0.257763
0.0230834
0.264325
2.19124
3.60361
6.50328
3.93655
0.0520912
2.75614
0.1142
0.0853148
0.000621081
0.000990067
0.235565
0.00325374
0.00367339
2.49697
7.76595
14.3576
3.13993
0.451844
21.7671
1.796
0.00190534
0.00699953
0.000122151
0
0
0
0
0
0
0
0
0.000797539
4.14749
5.16908
1.4282
2.04669
2.03686
4.85244
5.80434
7.25818
7.4964
7.40734
5.1054
4.26718
1.26571
0.382541
0.110466
0.00839712
0.000522348
0.0189052
0
0
9.05617e-05
0
0.00265113
0.00176903
0.00320228
0.000135988
0
2.31916e-05
1.49703e-06
6.44175e-06
6.13783e-06
7.19344e-06
0.00989022
0.0360539
0.387604
0.866568
0.464372
0.0100443
2.45882e-06
0
2.90852e-05
2.57549e-06
0.000267584
0.000316673
0.0669058
0.938614
7.89328
3.56171
26.0023
16.1811
16.428
0.0384545
4.9766e-06
0
0
0
0
0
0
0
0
0
0
0
0
0.0172328
0.000115319
0.00116154
0.0888007
0.912339
0.818522
2.06483
2.34557
2.76226
2.8777
1.49455
0.175047
0.0219682
0.000166406
0
1.15332e-06
0.000941314
0
0
0
0
0
0
1.2283e-06
1.25279e-06
0
0
0
0
0
0
0
0
0
0.00628213
0
0.0017969
0
0
0
4.65008e-06
7.74629e-05
3.80111e-05
0.0214785
0.000309534
4.2244
6.65506
6.41966
17.8596
6.29626
3.103
5.03723e-05
0
0
0
0
0
0
0
0
0
0
0
0
0
2.93975e-06
0
1.72396e-06
0.00196722
0.0548462
0.055605
0.172846
0.626438
1.02523
0.436502
0.00190878
0.000405094
0
0
0
1.32177e-06
0
0
0
0
0
0
1.48854e-06
3.10339e-06
0
0
0
0
0
0
0
0
0
0
0
0
0
0
0
0
0
0
0.000328293
0.0105874
1.41339
10.7176
1.75964
9.57138
0.485351
0.381503
9.18855
0.000186981
0
0
0
0
0
0
0
0
0
0
0
0
0
0
0
0
0
1.11617e-05
0.0175932
0.0656567
0.0398567
0.00566277
6.49442e-05
1.06734e-05
0
0
0
0
0
0
0
0
0
0
0
2.4943e-06
1.87518e-06
0
0
0
0
0
0
0
0
0
0
1.46858e-05
3.25452e-05
0
0
0
0
0
0
0.0411582
3.91325
0.876777
9.53715
3.47419
1.1105
3.3998
0.184207
0.000542627
0.98471
0
0
0
0
0
0
0
0
0
0
0
0
0
0
0
0.00154175
0.00764342
0.0492611
0.0317677
0.00452801
1.6057e-05
3.23928e-05
2.4606e-06
0
0
0
0
0
0
0
0
0
0
0
1.41032e-06
1.5448e-06
0
0
0
0
0
0
0
0
0
3.44542e-06
4.97457e-05
0.000155348
9.30315e-06
0
0
0
0
0.000215671
0.859581
0.788657
1.77504
32.4762
4.56371
3.48679
38.3188
6.98869
0.0724586
0.000816648
0
0
0
0
0
0
0
0
0
0
0
0
0
0
1.51149e-06
0.00854241
0.0102596
0.0741616
0.00736128
0.000930505
9.89547e-05
1.44969e-05
0
0
0
0
0
0
0
0
1.10365e-06
0
0
0
0
0
0
0
0
0
0
1.56473e-06
1.09813e-05
0
0
0
3.40192e-06
2.87111e-05
4.1088e-06
0
0
0
0
0.00605207
3.91751
6.26358
5.60041
25.2337
4.54492
13.5112
0.107968
0.0346999
0.210486
6.59568e-06
0
0
0
0
0
0
0
0
0
1.20369e-06
1.97076e-06
0
0
0
1.41266e-06
0.000103294
0.00418901
0.0379735
0.0128328
0.000172166
2.80296e-05
8.72469e-06
0
0
0
0
0
0
0
0
4.02578e-06
5.21641e-06
3.22108e-06
0
0
1.3085e-06
0
0
0
0
0
0
2.05858e-05
1.21735e-05
0
0
0
0
0
0
0
0
0
0.0300543
2.05172
0.0629752
12.9083
5.93285
11.1714
19.8129
0.000248983
0.0294209
0.0001252
0.000237264
0
0
0
0
0
0
0
0
0
1.22042e-05
3.31298e-05
3.0243e-05
2.53278e-06
0
0
0
0.00511939
0.0330086
0.00368962
3.86632e-05
0.000101389
7.67057e-06
0
0
0
0
0
0
0
1.11533e-06
1.07083e-05
2.21767e-05
1.8687e-05
6.70207e-06
1.21097e-06
1.90825e-06
2.13877e-06
0
0
0
0
0
1.16565e-06
3.27722e-05
0
0
0
0
0
0
0
0
0
0.0167691
0.00146698
0.266093
20.1762
11.9553
36.2241
4.17242
0.00449806
0
2.02005e-05
0
0
0
0
0
0
0
0
0
0
8.72538e-06
0.000134879
0.000323023
6.42865e-05
0
0.000303773
5.59106e-05
0.00265272
0.016273
0.00425115
0.00048116
9.6947e-05
6.54592e-06
0
0
0
0
0
0
0
1.17645e-06
1.23818e-05
5.49738e-05
6.68056e-05
4.46756e-05
4.50877e-06
2.86281e-06
3.35527e-06
2.90208e-06
0
0
0
0
0
0
0
0
0
0
0
0
0
0
0
0
0.000118443
0.147986
4.77682
20.1551
24.4709
0.0283609
0.0251015
0.000718272
0.00545445
0
0
0
0
0
0
0
0
0
0
6.32055e-06
5.63178e-05
0.000349349
0.000162697
1.13688e-05
0.000656784
0.0018205
0.0108959
0.0124647
0.00133014
0.000653999
8.81413e-05
1.56565e-06
0
0
0
0
0
0
0
0
9.72537e-06
6.24585e-05
0.000134981
9.47099e-05
2.52043e-05
6.56666e-06
4.98554e-06
3.34254e-06
4.28333e-06
0
0
0
0
0
0
0
0
0
0
0
0
0
0
0
0.000635342
0.237861
6.28472
3.87684
18.8361
0.486593
0.00289815
2.75575e-05
0
0
0
0
0
0
0
0
0
0
2.8445e-06
9.0892e-06
3.79498e-05
6.21939e-05
0.000192842
0.00010632
0.00156375
0.00196725
0.00501502
0.00915668
0.0042599
0.000985678
2.73896e-05
0
0
0
0
0
0
0
0
0
3.2335e-06
3.81177e-05
0.000170217
0.000151979
6.62281e-05
2.53688e-05
5.34031e-06
4.20579e-06
3.051e-06
3.57317e-06
1.08665e-06
0
4.60156e-06
3.06367e-06
0
0
0
0
0
0
0
0
0
0
0.00233536
1.03826
6.90142
5.26131
17.4522
0.849053
12.4602
0.518685
0
0
0
0
0
0
0
0
0
0
1.14991e-06
2.13582e-05
4.70224e-05
3.38034e-05
4.21028e-05
0.000202106
0.000489266
0.00242406
0.00232141
0.00201297
0.00180759
4.76736e-05
0
0
0
0
0
0
0
0
0
0
0
1.02366e-05
8.57694e-05
0.000143658
8.07386e-05
5.96985e-05
8.29173e-06
1.62902e-06
0
1.27787e-06
0
0
1.03955e-06
3.29696e-06
2.92427e-06
0
0
0
0
0
0
0
0
0
0.00467479
4.9621
4.79522
6.33911
4.66455
8.76971
5.46758
9.39184
6.2016e-06
0
0
0
0
0
0
0
0
0
0
0
1.76446e-05
6.97176e-05
0.000250997
0.000445775
0.000254837
0.00107601
0.00117795
0.000624425
0.000129969
0
0
0
0
0
0
0
0
0
0
0
0
2.49304e-06
2.38601e-05
8.0853e-05
5.97114e-05
4.05282e-05
2.86021e-05
1.3594e-06
0
0
0
0
0
0
0
0
0
0
0
0
0
0
0
6.92135e-06
0.00609877
7.27444
3.98678
2.89194
15.4776
13.68
18.6996
14.2628
0.000189964
0
0
0
0
0
0
0
0
0
0
0
0
1.26704e-05
0.000148483
0.000371726
0.000445081
0.000476044
0.000533368
6.39712e-05
1.1031e-06
0
0
0
0
0
0
0
0
0
0
0
0
1.42607e-06
7.53641e-06
3.4928e-05
4.88988e-05
3.83853e-05
4.14768e-05
3.81175e-06
0
0
0
0
0
0
0
0
0
0
0
0
0
0
0
2.11277e-05
0.00657483
4.42805
1.11479
10.964
16.7216
43.1937
12.1093
12.3404
0
0
0
0
0
0
0
0
0
0
0
0
0
0
2.81692e-05
8.4071e-05
0.000210188
0.000340278
0.000128754
0
0
0
0
0
0
0
0
0
0
0
0
0
0
0
4.35759e-06
1.33434e-05
2.93225e-05
1.0621e-05
2.26291e-05
1.09464e-05
0
0
0
0
0
0
0
0
0
0
0
0
0
0
0
5.04963e-06
0.00138108
0.627755
1.22357
7.72093
18.6102
25.4002
32.5669
0.821784
0.696392
0
0
0
0
0
0
0
0
0
0
0
0
0
1.71268e-06
1.00055e-05
5.91748e-05
5.18911e-05
2.93945e-06
0
0
0
0
0
0
0
0
0
0
0
0
0
0
0
2.09597e-06
6.02383e-06
9.0989e-06
4.70306e-06
1.759e-05
2.20858e-05
2.18913e-06
0
0
0
0
0
0
0
0
0
0
0
0
0
0
6.71577e-06
0.000232048
0.0296849
1.03918
1.26273
13.8761
34.717
28.8519
0.000459269
0
9.80079e-05
0
0
0
0
0
0
0
0
0
0
0
0
0
0
5.51547e-06
1.14118e-05
0
0
0
0
0
0
0
0
0
0
0
0
0
0
0
0
0
3.03632e-06
4.34005e-06
3.9101e-06
9.41281e-06
1.99657e-05
3.81311e-06
0
0
0
0
0
0
0
0
0
0
0
0
0
0
5.25097e-06
0.000918606
0.0160002
0.825697
0.916499
0.0575442
21.0257
0.00307047
0.000174078
0
0
0
0
0
0
0
0
0
0
0
0
0
0
0
0
0
0
0
0
0
0
0
0
0
0
0
0
0
0
0
0
0
0
0
1.6398e-06
1.88504e-06
0
2.50303e-06
7.00458e-06
8.15547e-06
1.87318e-06
0
0
0
0
0
0
0
0
0
0
0
0
0
1.66066e-05
0.00139026
0.0549153
0.0159072
0.0596762
0.000435647
36.0969
0.00505803
0
0
0
0
0
0
0
0
0
0
0
0
0
0
0
0
0
0
0
0
0
0
0
0
0
0
0
0
0
0
0
0
0
0
0
0
0
0
0
0
2.33172e-06
7.67672e-06
5.73022e-06
0
0
0
0
0
0
0
0
0
0
0
0
0
4.08434e-05
0.0139243
0.012438
1.97675
7.90116
4.62461
18.3777
0.000776
0.0726633
0.0129635
3.32472e-05
8.79049e-06
0
0
0
0
0
0
0
0
0
0
0
0
0
0
0
0
0
0
0
0
0
0
0
0
0
0
0
0
0
0
0
0
0
0
0
0
0
1.3221e-06
2.69818e-06
1.9528e-06
0
0
0
0
0
0
0
0
0
0
0
3.96666e-06
0.000694246
0.238845
0.0926781
9.32269
1.95068
6.59259
20.8623
11.0304
0
0.297772
0.00823358
3.67449e-05
0
0
0
0
0
0
0
0
0
0
0
0
0
0
0
0
0
0
0
0
0
0
0
0
0
0
0
0
0
0
0
0
0
0
0
0
0
0
0
1.40192e-06
0
0
0
0
0
0
0
0
0
0
0
1.05075e-06
0.00265896
0.0182461
2.00507
13.0245
6.15702
26.4037
41.6472
51.8328
17.9548
0
0.000198176
0
0
0
0
0
0
0
0
0
0
0
0
0
0
0
0
0
0
0
0
0
0
0
0
0
0
0
0
0
0
0
0
0
0
0
0
0
0
0
0
0
0
0
0
0
0
0
0
0
0
0
0
0.000120165
0.00216647
0.0747047
5.54072
9.9853
3.2496
15.1882
21.7954
4.10415
48.1887
0
0.00146354
0
0
0
0
0
0
0
0
0
0
0
0
0
0
0
0
0
0
0
0
0
0
0
0
0
0
0
0
0
0
0
0
0
0
0
0
0
0
0
0
0
0
0
0
0
0
0
0
0
0
0
0
4.43859e-05
0.0116046
0.0354237
3.60912
2.39769
1.87855
1.51615
0
0.00390586
55.1508
8.17539
0
0
0
0
0
0
0
0
0
0
0
0
0
0
0
0
0
0
0
0
0
0
0
0
0
0
0
0
0
0
0
0
0
0
0
0
0
0
0
0
0
0
0
0
0
0
0
0
0
0
0
0
0
2.00583e-05
6.16102e-05
0.00249484
0.310418
0.00259166
0.00370039
27.278
22.0719
19.3266
0
0
0
0
0
0
0
0
0
0
0
0
0
0
0
0
0
0
0
0
0
0
0
0
0
0
0
0
0
0
0
0
0
0
0
0
0
0
0
0
0
0
0
0
0
0
0
0
0
0
0
0
0
0
0
9.67067e-06
6.70091e-05
0.000300622
0.00555829
0.000480488
1.38721
3.31563
10.0649
0.067045
0
0.000198707
0
0
0
0
0
0
0
0
0
0
0
0
0
0
0
0
0
0
0
0
0
0
0
0
0
0
0
0
0
0
0
0
0
0
0
0
0
0
0
0
0
0
0
0
0
0
0
0
0
0
0
0
0
1.61945e-05
0.000173735
0.199958
0.000904018
0.000948316
8.18359
9.54915
11.2143
69.8277
0.0035661
0
0
1.26918e-05
0
0
0
0
0
0
0
0
0
0
0
0
0
0
0
0
0
0
0
0
0
0
0
0
0
0
0
0
0
0
0
0
0
0
0
0
0
0
0
0
0
0
0
0
0
0
0
0
0
0
0
2.59366e-05
9.12064e-05
0.0121819
0.105928
0.00432125
13.4759
0.485043
6.48302
3.09811
15.5495
2.85473e-05
0
0
0
0
0
0
0
0
0
0
0
0
0
0
0
0
0
0
0
0
0
0
0
0
0
0
0
0
0
0
0
0
0
0
0
0
0
0
0
0
0
0
0
0
0
0
0
0
0
0
0
0
0
1.63892e-05
2.54031e-05
0.00194374
4.30066
8.01747
21.6287
4.20477
0
1.17838
4.33732
0
0
0
0
0
0
0
0
0
0
0
0
0
0
0
0
0
0
0
0
0
0
0
0
0
0
0
0
0
0
0
0
0
0
0
0
0
0
0
0
0
0
0
0
0
0
0
0
0
0
0
0
0
0
2.38776e-06
6.624e-06
0.000624342
2.64068
11.5453
12.5505
0
0
0
0.155334
0
0.997236
0
0
0
0
0
0
0
0
0
0
0
0
0
0
0
0
0
0
0
0
0
0
0
0
0
0
0
0
0
0
0
0
0
0
0
0
0
0
0
0
0
0
0
0
0
0
0
0
0
0
0
0
0
2.8492e-06
0.000246118
0.0669966
5.16573
0.606125
3.80989
0
64.4349
6.63904
0
0
0
0
0
0
0
0
0
0
0
0
0
0
0
0
0
0
0
0
0
0
0
0
0
0
0
0
0
0
0
0
0
0
0
0
0
0
0
0
0
0
0
0
0
0
0
0
0
0
0
0
0
0
0
0
0
0.00466376
6.30927e-05
0
0.0228783
15.0569
0.936242
0.0222136
0
0
0
0
0
0
0
0
0
0
0
0
0
0
0
0
0
0
0
0
0
0
0
0
0
0
0
0
0
0
0
0
0
0
0
0
0
0
0
0
0
0
0
0
0
0
0
0
0
0
0
0
0
0
0
0
0.000400028
0.00215939
0
0
65.4192
27.4079
47.874
40.0368
13.4662
0
0
0
0
0
0
0
0
0
0
0
0
0
0
0
0
0
0
0
0
0
0
0
0
0
0
0
0
0
0
0
0
0
0
0
0
0
0
0
0
0
0
0
0
0
0
0
0
0
0
0
0
0
0
0
0.000789501
0.00128318
0.00210721
9.23176
0.0307577
0.084322
0.360207
0
1.73171
0
0
0
0
0
0
0
0
0
0
0
0
0
0
0
0
0
0
0
0
0
0
0
0
0
0
0
0
0
0
0
0
0
0
0
0
0
0
0
0
0
0
0
0
0
0
0
0
0
0
0
0
0
0
0
0
0.000144121
0.281627
21.0683
10.2831
27.4152
0
22.4448
0
0
0
0
0
0
0
0
0
0
0
0
0
0
0
0
0
0
0
0
0
0
0
0
0
0
0
0
0
0
0
0
0
0
0
0
0
0
0
0
0
0
0
0
0
0
0
0
0
0
0
0
0
0
0
0
0
0
0.398714
0.182783
0.0177016
0.0276977
3.29636
0
0
0.0839793
0
0
0
0
0
0
0
0
0
0
0
0
0
0
0
0
0
0
0
0
0
0
0
0
0
0
0
0
0
0
0
0
0
0
0
0
0
0
0
0
0
0
0
0
0
0
0
0
0
0
0
0
0
0
0
0
0.00770542
0.4616
0.642485
17.2641
12.6061
0
0
0
0
0
0
0
0
0
0
0
0
0
0
0
0
0
0
0
0
0
0
0
0
0
0
0
0
0
0
0
0
0
0
0
0
0
0
0
0
0
0
0
0
0
0
0
0
0
0
0
0
0
0
0
0
0
0
0
0.000457751
0.06012
23.1034
22.2354
78.4968
34.7767
0
0
0
0
0
0
0
0
0
0
0
0
0
0
0
0
0
0
0
0
0
0
0
0
0
0
0
0
0
0
0
0
0
0
0
0
0
0
0
0
0
0
0
0
0
0
0
0
0
0
0
0
0
0
0
0
0
0
0
0.0013238
12.1605
0
2.61807
50.0901
29.3999
0
0
0
0
0
0
0
0
0
0
0
0
0
0
0
0
0
0
0
0
0
0
0
0
0
0
0
0
0
0
0
0
0
0
0
0
0
0
0
0
0
0
0
0
0
0
0
0
0
0
0
0
0
0
0
0
0
0
2.04452
0
0.372596
35.9044
31.2154
41.4609
0
0
0
0
0
0
0
0
0
0
0
0
0
0
0
0
0
0
0
0
0
0
0
0
0
0
0
0
0
0
0
0
0
0
0
0
0
0
0
0
0
0
0
0
0
0
0
0
0
0
0
0
0
0
0
0
0
0
0.0408089
0.837358
76.1604
100
100
0
0
0
0
0
0
0
0
0
0
0
0
0
0
0
0
0
0
0
0
0
0
0
0
0
0
0
0
0
0
0
0
0
0
0
0
0
0
0
0
0
0
0
0
0
0
0
0
0
0
0
0
0
0
0
0
0
0
0
0.0580162
33.1965
100
100
57.5417
3.72208
0.592723
0
0
0
0
0
0
0
0
0
0
0
0
0
0
0
0
0
0
0
0
0
0
0
0
0
0
0
0
0
0
0
0
0
0
0
0
0
0
0
0
0
0
0
0
0
0
0
0
0
0
0
0
0
0
0
0
0
0
0
8.38092
0
0
0
1.2054
0
0
0
0
0
0
0
0
0
0
0
0
0
0
0
0
0
0
0
0
0
0
0
0
0
0
0
0
0
0
0
0
0
0
0
0
0
0
0
0
0
0
0
0
0
0
0
0
0
0
0
0
0
0
0
0
0
0
0
59.7952
100
0
0
0
0
0
0
0
0
0
0
0
0
0
0
0
0
0
0
0
0
0
0
0
0
0
0
0
0
0
0
0
0
0
0
0
0
0
0
0
0
0
0
0
0
0
0
0
0
0
0
0
0
0
0
0
0
0
0
0
0
0
4.98461
3.55212
19.7415
82.4483
0
0
0
0
0
0
0
0
0
0
0
0
0
0
0
0
0
0
0
0
0
0
0
0
0
0
0
0
0
0
0
0
0
0
0
0
0
0
0
0
0
0
0
0
0
0
0
0
0
0
0
0
0
0
0
0
0
0
0
0
2.98698
100
100
72.3114
59.3082
0
0
0
0
0
0
0
0
0
0
0
0
0
0
0
0
0
0
0
0
0
0
0
0
0
0
0
0
0
0
0
0
0
0
0
0
0
0
0
0
0
0
0
0
0
0
0
0
0
0
0
0
0
0
0
0
0
0
0.00464077
4.19289
100
100
100
14.9238
0
0
0
0
0
0
0
0
0
0
0
0
0
0
0
0
0
0
0
0
0
0
0
0
0
0
0
0
0
0
0
0
0
0
0
0
0
0
0
0
0
0
0
0
0
0
0
0
0
0
0
0
0
0
0
0
0
0
0.0013838
0.205369
0
100
0
3.17049
0
0
0
0
0
0
0
0
0
0
0
0
0
0
0
0
0
0
0
0
0
0
0
0
0
0
0
0
0
0
0
0
0
0
0
0
0
0
0
0
0
0
0
0
0
0
0
0
0
0
0
0
0
0
0
0
0
0
0
0.00496758
100
0.702744
0
0.11854
0
0
0
0
0
0
0
0
0
0
0
0
0
0
0
0
0
0
0
0
0
0
0
0
0
0
0
0
0
0
0
0
0
0
0
0
0
0
0
0
0
0
0
0
0
0
0
0
0
0
0
0
0
0
0
0
0
0
0
0.000946898
34.3656
91.3403
0
0
0
0
0
0
0
0
0
0
0
0
0
0
0
0
0
0
0
0
0
0
0
0
0
0
0
0
0
0
0
0
0
0
0
0
0
0
0
0
0
0
0
0
0
0
0
0
0
0
0
0
0
0
0
0
0
0
0
0
0
0
0
25.1029
0
0.104832
0
0
0
0
0
0
0
0
0
0
0
0
0
0
0
0
0
0
0
0
0
0
0
0
0
0
0
0
0
0
0
0
0
0
0
0
0
0
0
0
0
0
0
0
0
0
0
0
0
0
0
0
0
0
0
0
0
0
0.00995114
27.0323
94.5911
1.16653
2.64581
0
0
0
0
0
0
0
0
0
0
0
0
0
0
0
0
0
0
0
0
0
0
0
0
0
0
0
0
0
0
0
0
0
0
0
0
0
0
0
0
0
0
0
0
0
0
0
0
0
0
0
0
0
0
0
0
0
0
0
0.00380526
0.126855
1.02137
28.0378
48.1703
1.39216
0
0
0
0
0
0
0
0
0
0
0
0
0
0
0
0
0
0
0
0
0
0
0
0
0
0
0
0
0
0
0
0
0
0
0
0
0
0
0
0
0
0
0
0
0
0
0
0
0
0
0
0
0
0
0
0
0
0
0
1.31339
10.1116
3.68781
100
0
0
0
0
0
0
0
0
0
0
0
0
0
0
0
0
0
0
0
0
0
0
0
0
0
0
0
0
0
0
0
0
0
0
0
0
0
0
0
0
0
0
0
0
0
0
0
0
0
0
0
0
0
0
0
0
0
0
0
0
8.29252
54.6467
74.9437
100
0
0
0
0
0
0
0
0
0
0
0
0
0
0
0
0
0
0
0
0
0
0
0
0
0
0
0
0
0
0
0
0
0
0
0
0
0
0
0
0
0
0
0
0
0
0
0
0
0
0
0
0
0
0
0
0
0
0
0
0
0
27.1709
100
75.6241
0
0
0
0
0
0
0
0
0
0
0
0
0
0
0
0
0
0
0
0
0
0
0
0
0
0
0
0
0
0
0
0
0
0
0
0
0
0
0
0
0
0
0
0
0
0
0
0
0
0
0
0
0
0
0
0
0
0
0
0
0
0
100
100
0
0
0
0
0
0
0
0
0
0
0
0
0
0
0
0
0
0
0
0
0
0
0
0
0
0
0
0
0
0
0
0
0
0
0
0
0
0
0
0
0
0
0
0
0
0
0
0
0
0
0
0
0
0
0
0
0
0
0
0
0.00500942
17.0174
100
100
18.8148
0
0
0
0
0
0
0
0
0
0
0
0
0
0
0
0
0
0
0
0
0
0
0
0
0
0
0
0
0
0
0
0
0
0
0
0
0
0
0
0
0
0
0
0
0
0
0
0
0
0
0
0
0
0
0
0
0
0
0
0
0
100
86.1813
0
0
0
0
0
0
0
0
0
0
0
0
0
0
0
0
0
0
0
0
0
0
0
0
0
0
0
0
0
0
0
0
0
0
0
0
0
0
0
0
0
0
0
0
0
0
0
0
0
0
0
0
0
0
0
0
0
0
0
0
0
0
100
72.2052
0
0
0
0
0
0
0
0
0
0
0
0
0
0
0
0
0
0
0
0
0
0
0
0
0
0
0
0
0
0
8.39386
8.45027
9.96018
10.9855
10.6063
11.0901
12.3852
12.2118
12.0395
11.7489
13.0363
12.8715
11.1902
12.7761
11.9815
10.1346
10.3976
10.4884
16.7798
6.97624
8.13748
15.8452
19.021
12.2054
11.9554
12.5113
6.98177
21.919
12.3135
21.9141
17.1332
8.59723
7.29173
8.78994
10.1998
11.2569
11.8548
12.9178
14.7428
15.4204
9.65501
8.45974
14.0677
12.1579
10.3513
10.8262
9.81656
13.0844
12.5722
11.1628
14.9229
8.88426
11.633
13.0131
12.5408
10.7884
11.4489
10.4344
9.9372
9.17052
8.44588
3.88819
3.15172
1.30573
7.63652
8.12114
10.1509
11.0133
10.8187
10.8688
11.5206
11.8872
11.8534
11.8931
12.4485
12.9133
11.9575
11.2767
11.3876
10.2607
9.24897
12.1881
11.9931
8.35544
10.9357
11.6914
13.4817
2.49306
17.44
8.86901
10.3762
13.3722
18.6257
29.7768
20.1496
9.64799
17.5347
6.24198
6.00994
7.09734
11.8797
2.08223
18.07
22.9795
5.07378
14.8204
13.6686
12.7449
13.9462
14.3103
8.93227
14.0302
14.9246
11.7586
13.7459
8.35994
12.1604
13.6347
11.6593
10.9027
11.5224
9.17775
9.08977
8.98038
8.21609
5.85031
3.97184
1.29895
3.82676
2.37322
7.24466
10.2672
9.52082
10.3206
8.93978
10.2654
8.30387
11.2614
12.1973
11.9249
13.0805
11.9535
10.0415
11.8424
9.07237
13.2957
12.8001
8.16986
10.8041
7.73684
11.1905
10.9095
22.7792
19.8718
17.7198
9.27365
27.2196
13.8404
38.8491
24.8209
16.4106
11.4707
9.01612
29.861
7.44255
15.9748
0.350884
1.57271e-06
6.57272
10.8702
0.00134453
8.76605
7.16899
4.91684
9.94827
13.9054
14.9076
15.0199
11.5466
9.53706
13.5749
11.783
11.0775
10.9821
10.6568
6.49624
8.56053
4.3814
2.07943
5.86037
0.394459
0.920134
0.512719
0.3878
1.35838
2.98373
2.70938
4.86299
2.33441
2.56646
0.641402
2.86414
3.66792
2.5363
5.0741
10.6768
8.65784
13.1258
6.51695
11.2969
7.10835
11.4316
6.74559
5.26365
2.53804
11.6399
28.8988
1.31246
11.0532
20.427
15.3297
15.5608
10.3514
12.9698
10.749
3.60175
4.9588
0.156698
1.86084
0.00905516
0
0
0.701274
0.0118163
0.163063
7.9694
1.35819
7.13572
2.08977
17.2655
11.1737
8.00071
11.781
11.0405
10.7101
11.5528
7.35542
11.4432
7.66627
2.25533
4.92865
1.15326
0.0381379
3.26854
0.0472093
0.303031
2.17495e-05
0.0261918
0.0389506
0.203499
0.152353
0.178428
0.123078
0.01572
0.00396491
0.0800577
0.0148519
0.00109221
0.00507396
0.654123
1.63693
3.26901
0.778886
3.87723
1.49601
0.00255372
0.00763402
0.000428003
0.00206623
7.11322e-05
0.0854543
0.495074
5.84345
14.0267
16.1995
0.721637
3.11643
23.8403
16.5321
2.46388
0.00649368
0
0
0
0
0
0
0
0
0
0.232979
0.80798
7.38785
4.923
2.40097
4.22408
7.08421
3.47874
6.81029
5.50083
4.76155
6.58163
1.53789
0.44591
0.15067
0.0261299
0.00353379
0.000323143
0.00576636
0
0
0
0.00020254
0.000487147
0.00123889
0.000159793
1.01482e-05
0
0
5.53793e-06
0
0
0
0
0.00923438
0.0160983
0.0180068
0.0221624
0.0116289
1.18595e-06
0
0
0
9.81155e-06
0.000163404
0
0.0381862
0.775587
27.7808
19.574
2.7015
6.55002
4.2356
0.0946766
0
0
0
0
0
0
0
0
0
0
0
3.1983e-05
0.00160465
3.14938e-06
0.827615
0.901092
0.259149
2.16575
1.74044
1.70913
1.83226
3.2265
0.21359
0.0295983
0.00242912
3.52159e-05
3.56546e-06
0
0.000368964
0
0
0
0
0
0
0
0
0
0
0
0
0
0
0
0
0
0
0
0
2.61764e-06
0
0
0
0
0
0.0146415
0.000288311
0.00315245
10.1539
6.80556
11.9986
1.48463
1.06963
0
0
0
0
0
0
0
0
0
0
0
0
0
0
0
0
5.16126e-06
1.70458e-05
0.175728
0.0100554
0.16247
0.279192
1.08625
0.0086111
0.000116464
2.52781e-05
0
0
0
0
0
0
0
0
0
0
0
0
0
0
0
0
0
0
0
0
0
0
0
0
0
0
0
0
0
0
3.69347e-05
0.00245458
2.5604
2.14842
20.9741
8.83449
1.09071
6.49516e-05
4.04974
0.0376611
0
0
0
0
0
0
0
0
0
0
0
0
0
0
0
2.4523e-05
1.99545e-06
0.0118751
0.0468703
0.0692352
0.00906775
1.63212e-05
1.25401e-05
2.0732e-06
0
0
0
0
0
0
0
0
0
0
0
0
0
0
0
0
0
0
0
0
0
0
0
0
7.76782e-06
0
0
0
0
0
0
0.0147744
0.237118
1.50466
13.2235
2.98817
6.49186
17.7218
2.55259
1.25275
0.36962
0.000249738
0
0
0
0
0
0
0
0
0
0
0
0
1.21837e-06
0.000775482
0.0192254
0.0705457
0.0598813
0.00974408
0
0
1.01179e-05
0
0
0
0
0
0
0
0
0
0
0
0
0
0
0
0
0
0
0
0
0
0
0
0
1.4253e-06
1.47866e-05
0
0
0
0
0
0
0.0143704
0.00564264
4.19794
11.4252
39.247
17.5534
3.53413
0.142394
4.21503
0.00180421
0
0
0
0
0
0
0
0
0
0
0
2.1069e-06
0
0
0.00133101
0.0236454
0.0583127
0.0111701
0.00195768
0
0
1.79886e-06
0
0
0
0
0
0
0
0
1.54507e-06
1.09707e-06
0
0
0
0
0
0
0
0
0
0
0
0
0
0
0
0
0
0
0
0
0
0.000452516
0.141847
0.0921429
4.80785
20.135
29.8002
17.3683
0.00256963
0.0623045
0.0206046
0.000632991
0
0
0
0
0
0
0
0
5.15124e-06
1.30585e-05
1.28019e-05
3.91067e-06
5.35527e-06
0
0.0019676
0.0144448
0.034381
0.0163636
0.000252982
0
0
1.53431e-06
0
0
0
0
0
0
0
0
4.90358e-06
9.52551e-06
3.86332e-06
1.46665e-06
0
0
0
0
0
0
0
0
0
0
0
0
0
0
0
0
0
0
0
0.0072249
5.07526e-05
0.0430873
11.427
20.825
33.5457
23.1347
0.830102
1.40177
0.897624
5.09993e-06
0
0
0
0
0
0
0
0
2.65773e-05
6.54655e-05
0.00018539
0.000191321
1.08942e-05
2.17953e-06
8.9018e-06
0.000655557
0.0198255
0.00970858
6.62017e-05
0
1.93625e-05
1.1794e-06
0
0
0
0
0
0
0
1.52255e-06
1.38725e-05
3.25609e-05
1.94356e-05
9.75623e-06
0
0
0
0
0
0
0
0
0
0
0
0
0
0
0
0
0
0
0
0
0.000228033
0.033961
8.75582
8.08324
5.35179
18.3823
28.6214
35.6926
9.51421
1.35244e-06
0
0
0
0
0
0
0
0
2.3678e-05
0.000129506
0.000432701
0.000825883
0.000107965
0.00028116
0.0050896
0.00350209
0.0254116
0.00180145
7.56783e-06
7.96052e-05
1.50822e-05
0
0
0
0
0
0
0
0
1.52007e-06
1.76262e-05
6.28276e-05
6.68651e-05
3.37737e-05
4.91471e-06
1.59519e-06
0
0
0
0
0
0
0
0
0
0
0
0
0
0
0
0
0
0
0.000347842
0.00225598
7.93925
1.90226
2.49687
2.76747
0.49491
3.32809e-06
0.0131518
0
0
0
0
0
0
0
0
1.58626e-06
2.29629e-05
0.000128994
0.000486363
0.00126618
0.000982305
0.00105921
0.00637855
0.00433731
0.0133337
0.000381867
0.000297548
0.000124692
4.59799e-06
0
0
0
0
0
0
0
0
0
1.28582e-05
8.66787e-05
0.000136058
6.7297e-05
2.01812e-05
5.38129e-06
1.29197e-06
0
0
0
0
0
0
0
0
0
0
0
0
0
0
0
0
0
0.00134046
0.439596
3.54423
8.90341
4.23907
1.16771
4.16234
0.000414849
8.31979e-06
0
0
0
0
0
0
0
0
3.44081e-06
2.47056e-05
0.000114269
0.000382446
0.000694039
0.00149825
0.00214581
0.00383929
0.00269773
0.00186151
0.000685139
0.000327787
3.51696e-05
0
0
0
0
0
0
0
0
0
0
5.3762e-06
6.81369e-05
0.000157434
0.000114369
4.32753e-05
1.43714e-05
3.52946e-06
0
0
0
0
0
0
0
0
0
0
0
0
0
0
0
0
2.39351e-06
0.00185044
3.18517
0.147813
2.3635
24.6669
1.85134
1.62341
4.62591e-06
0.00490085
0
0
0
0
0
0
0
0
0
4.33122e-06
4.21043e-05
0.000195
0.000429081
0.0010548
0.00143019
0.00223062
0.00113459
0.000432669
0.00021159
4.69669e-05
0
0
0
0
0
0
0
0
0
0
0
0
1.35931e-05
7.77277e-05
8.50717e-05
4.21424e-05
2.47716e-05
8.62803e-06
0
0
0
0
0
0
0
0
0
0
0
0
0
0
0
0
2.23692e-06
0.00296357
7.43518
1.28948
9.36464
10.7037
15.5972
9.40636
3.95483
0.011233
0
0
0
0
0
0
0
0
0
0
2.53821e-06
3.15992e-05
0.000216997
0.00048811
0.000747183
0.00123306
0.00113185
0.000257047
4.59828e-05
1.09156e-06
0
0
0
0
0
0
0
0
0
0
0
0
1.83888e-06
2.35906e-05
4.7109e-05
2.34382e-05
1.60591e-05
6.12396e-06
0
0
0
0
0
0
0
0
0
0
0
0
0
0
0
0
3.49138e-06
0.038818
8.22709
2.57986
21.4015
16.0615
10.4569
45.1944
14.3766
0.123174
0
0
0
0
0
0
0
0
0
0
0
0
2.40081e-05
8.14069e-05
0.000159394
0.000502207
0.000519069
8.81517e-05
0
0
0
0
0
0
0
0
0
0
0
0
0
0
0
5.86572e-06
1.73685e-05
8.25968e-06
1.03482e-05
1.16611e-05
0
0
0
0
0
0
0
0
0
0
0
0
0
0
0
0
9.21883e-05
0.00437323
1.94307
8.20473
14.9567
35.7638
17.2329
8.15785
5.85884
1.87746
3.76566e-05
0
0
0
0
0
0
0
0
0
0
0
0
1.05948e-05
3.39361e-05
9.51032e-05
6.62463e-05
0
0
0
0
0
0
0
0
0
0
0
0
0
0
0
0
1.95633e-06
6.07022e-06
4.76686e-06
2.75563e-06
7.50031e-06
1.59318e-06
0
0
0
0
0
0
0
0
0
0
0
0
0
0
0
1.01075e-05
0.000446787
0.645709
5.65479
27.812
9.07372
22.3623
8.56423
0.037729
0.0701657
0.000257816
0
0
0
0
0
0
0
0
0
0
0
0
0
0
1.54008e-05
0
0
0
0
0
0
0
0
0
0
0
0
0
0
0
0
0
0
1.89427e-06
1.03782e-06
0
2.85513e-06
3.22582e-06
0
0
0
0
0
0
0
0
0
0
0
0
0
0
0
6.15872e-06
0.000805889
0.0305126
6.05688
7.95334
31.1897
1.80239
0.997038
0.341243
0
7.29309e-05
0
0
0
0
0
0
0
0
0
0
0
0
0
0
0
0
0
0
0
0
0
0
0
0
0
0
0
0
0
0
0
0
0
0
0
0
0
3.93834e-06
0
0
0
0
0
0
0
0
0
0
0
0
0
0
0
3.51048e-06
0.000828191
0.00373574
0.305324
6.93049
6.59535
56.1766
0
0.00162693
0.00566333
3.64869e-06
0
0
0
0
0
0
0
0
0
0
0
0
0
0
0
0
0
0
0
0
0
0
0
0
0
0
0
0
0
0
0
0
0
0
0
0
0
0
1.48054e-06
0
0
0
0
0
0
0
0
0
0
0
0
0
0
7.74498e-05
0.00257865
0.00613741
0.115866
12.3318
30.3002
9.28789
1.62754
0.0536427
0
0
0
0
0
0
0
0
0
0
0
0
0
0
0
0
0
0
0
0
0
0
0
0
0
0
0
0
0
0
0
0
0
0
0
0
0
0
0
0
0
0
0
0
0
0
0
0
0
0
0
0
0
0
1.12715e-06
0.000190127
0.0375383
0.530723
7.76882
7.0262
19.6016
9.89141
0
0
0.168602
0.0100847
0
0
0
0
0
0
0
0
0
0
0
0
0
0
0
0
0
0
0
0
0
0
0
0
0
0
0
0
0
0
0
0
0
0
0
0
0
0
0
0
0
0
0
0
0
0
0
0
0
0
0
1.00622e-06
2.7008e-05
0.000997356
0.027797
8.61248
5.28625
15.0043
7.74207
11.6067
1.44332
15.598
0.294419
0.000203974
7.24192e-05
0
0
0
0
0
0
0
0
0
0
0
0
0
0
0
0
0
0
0
0
0
0
0
0
0
0
0
0
0
0
0
0
0
0
0
0
0
0
0
0
0
0
0
0
0
0
0
0
0
0
1.25123e-06
1.48007e-05
0.00280568
0.0141791
13.5316
0.561724
10.6232
10.2177
0
36.0963
46.7268
0.0173235
0
4.90729e-05
2.27352e-06
0
0
0
0
0
0
0
0
0
0
0
0
0
0
0
0
0
0
0
0
0
0
0
0
0
0
0
0
0
0
0
0
0
0
0
0
0
0
0
0
0
0
0
0
0
0
0
0
0
0
1.16296e-05
0.00197265
0.0903066
4.08767
0.130058
1.79418
1.31281
81.6783
6.63452
0.109891
0.640449
0.0617695
0
0
0
0
0
0
0
0
0
0
0
0
0
0
0
0
0
0
0
0
0
0
0
0
0
0
0
0
0
0
0
0
0
0
0
0
0
0
0
0
0
0
0
0
0
0
0
0
0
0
0
2.22731e-06
3.08053e-05
0.00222
0.147063
6.40551
0.0160601
1.58822
18.4777
89.4325
86.346
3.06503
0.0726622
0.0118686
0
0
0
0
0
0
0
0
0
0
0
0
0
0
0
0
0
0
0
0
0
0
0
0
0
0
0
0
0
0
0
0
0
0
0
0
0
0
0
0
0
0
0
0
0
0
0
0
0
0
0
6.75529e-06
0.000177238
0.000303873
0.0257495
0.0363366
0.00677428
4.25653
4.30306
45.6159
62.9134
50.5719
1.35325
0.000175918
0
0
0
0
0
0
0
0
0
0
0
0
0
0
0
0
0
0
0
0
0
0
0
0
0
0
0
0
0
0
0
0
0
0
0
0
0
0
0
0
0
0
0
0
0
0
0
0
0
0
0
1.66923e-06
8.36393e-05
0.000435308
0.000494594
0.00159271
0.639839
4.34154
5.7839
53.9723
18.0994
0.73707
3.2266
0
0
0
0
0
0
0
0
0
0
0
0
0
0
0
0
0
0
0
0
0
0
0
0
0
0
0
0
0
0
0
0
0
0
0
0
0
0
0
0
0
0
0
0
0
0
0
0
0
0
0
0
0
8.31279e-05
0.000495253
0.18735
0.00295414
0.0473232
6.98185
50.294
52.6969
12.6007
6.72239
0
0
2.54791e-06
0
0
0
0
0
0
0
0
0
0
0
0
0
0
0
0
0
0
0
0
0
0
0
0
0
0
0
0
0
0
0
0
0
0
0
0
0
0
0
0
0
0
0
0
0
0
0
0
0
0
0
9.90128e-05
0.00024348
0.187321
0.439274
0.63789
16.0445
20.5955
30.984
43.2137
11.3166
0
0.0438377
2.01252e-06
0
0
0
0
0
0
0
0
0
0
0
0
0
0
0
0
0
0
0
0
0
0
0
0
0
0
0
0
0
0
0
0
0
0
0
0
0
0
0
0
0
0
0
0
0
0
0
0
0
0
0
7.15396e-05
6.68378e-05
0.00669302
8.1112
24.2705
1.48263
18.0149
42.0177
4.45929
13.9949
9.6748
0.191222
0
0
0
0
0
0
0
0
0
0
0
0
0
0
0
0
0
0
0
0
0
0
0
0
0
0
0
0
0
0
0
0
0
0
0
0
0
0
0
0
0
0
0
0
0
0
0
0
0
0
0
0
2.89641e-05
3.19026e-05
0.00136127
7.68311
0.697535
7.64381e-05
0
0.712626
0.651925
8.49495
0
1.84882
0
0
0
0
0
0
0
0
0
0
0
0
0
0
0
0
0
0
0
0
0
0
0
0
0
0
0
0
0
0
0
0
0
0
0
0
0
0
0
0
0
0
0
0
0
0
0
0
0
0
0
0
1.04099e-05
1.58409e-05
4.75341e-06
3.00286
0.0422157
0.0248664
36.9117
62.7549
0.162725
0
0
0
0
0
0
0
0
0
0
0
0
0
0
0
0
0
0
0
0
0
0
0
0
0
0
0
0
0
0
0
0
0
0
0
0
0
0
0
0
0
0
0
0
0
0
0
0
0
0
0
0
0
0
0
4.69679e-06
8.47689e-06
1.28857e-06
0.0257229
0
0
12.8968
90.3467
0.00613511
0.00316289
1.23744e-05
0
0
0
0
0
0
0
0
0
0
0
0
0
0
0
0
0
0
0
0
0
0
0
0
0
0
0
0
0
0
0
0
0
0
0
0
0
0
0
0
0
0
0
0
0
0
0
0
0
0
0
0
0
2.7226e-06
2.91848e-06
0.00135316
0.00144467
0.000122605
0.723984
15.6501
95.6229
0.941827
2.80102
0
0
0
0
0
0
0
0
0
0
0
0
0
0
0
0
0
0
0
0
0
0
0
0
0
0
0
0
0
0
0
0
0
0
0
0
0
0
0
0
0
0
0
0
0
0
0
0
0
0
0
0
0
0
0
0
0.000672703
0
1.05565
37.9728
6.31184e-06
34.5169
36.5196
50.3714
24.1189
0
0
0
0
0
0
0
0
0
0
0
0
0
0
0
0
0
0
0
0
0
0
0
0
0
0
0
0
0
0
0
0
0
0
0
0
0
0
0
0
0
0
0
0
0
0
0
0
0
0
0
0
0
0
0
0.00011402
0
1.07699
22.0123
4.67242
6.91827
48.41
0
2.55623
0
0
0
0
0
0
0
0
0
0
0
0
0
0
0
0
0
0
0
0
0
0
0
0
0
0
0
0
0
0
0
0
0
0
0
0
0
0
0
0
0
0
0
0
0
0
0
0
0
0
0
0
0
0
0
1.80597e-05
0
0.140655
0
0.28593
54.2041
0.194426
0
0.561974
0
0
0
0
0
0
0
0
0
0
0
0
0
0
0
0
0
0
0
0
0
0
0
0
0
0
0
0
0
0
0
0
0
0
0
0
0
0
0
0
0
0
0
0
0
0
0
0
0
0
0
0
0
0
0
0
0
0.000597931
0.62944
18.6563
28.7702
30.8393
1.64952
0
0
0
0
0
0
0
0
0
0
0
0
0
0
0
0
0
0
0
0
0
0
0
0
0
0
0
0
0
0
0
0
0
0
0
0
0
0
0
0
0
0
0
0
0
0
0
0
0
0
0
0
0
0
0
0
0
0
6.99189e-05
6.2761
81.9555
5.51834
89.1458
1.56382
1.39489e-05
0.0934581
0
0
0
0
0
0
0
0
0
0
0
0
0
0
0
0
0
0
0
0
0
0
0
0
0
0
0
0
0
0
0
0
0
0
0
0
0
0
0
0
0
0
0
0
0
0
0
0
0
0
0
0
0
0
0
0
0
9.34738
48.1449
100
56.494
57.7813
3.70842
0
0.247948
0
0
0
0
0
0
0
0
0
0
0
0
0
0
0
0
0
0
0
0
0
0
0
0
0
0
0
0
0
0
0
0
0
0
0
0
0
0
0
0
0
0
0
0
0
0
0
0
0
0
0
0
0
0
0
0
5.21761
0.0807406
32.6057
40.4175
52.2054
0.405299
0
0
0
0
0
0
0
0
0
0
0
0
0
0
0
0
0
0
0
0
0
0
0
0
0
0
0
0
0
0
0
0
0
0
0
0
0
0
0
0
0
0
0
0
0
0
0
0
0
0
0
0
0
0
0
0
0
0
1.60349
7.32076
98.9483
0
89.5268
21.7931
0.0328325
0
0
0
0
0
0
0
0
0
0
0
0
0
0
0
0
0
0
0
0
0
0
0
0
0
0
0
0
0
0
0
0
0
0
0
0
0
0
0
0
0
0
0
0
0
0
0
0
0
0
0
0
0
0
0
0
0
1.77181
0.485469
0.010548
0
0
0.0458954
11.1887
0
0
0
0
0
0
0
0
0
0
0
0
0
0
0
0
0
0
0
0
0
0
0
0
0
0
0
0
0
0
0
0
0
0
0
0
0
0
0
0
0
0
0
0
0
0
0
0
0
0
0
0
0
0
0
0
0
0.000805166
15.5061
0
0
0
0
0.0740116
0
0
0
0
0
0
0
0
0
0
0
0
0
0
0
0
0
0
0
0
0
0
0
0
0
0
0
0
0
0
0
0
0
0
0
0
0
0
0
0
0
0
0
0
0
0
0
0
0
0
0
0
0
0
0
0
0
0
0
0
0
0
0
0
0
0
0
0
0
0
0
0
0
0
0
0
0
0
0
0
0
0
0
0
0
0
0
0
0
0
0
0
0
0
0
0
0
0
0
0
0
0
0
0
0
0
0
0
0
0
0
0
0
0
0
0
0
0
0
0
0
1.29074e-05
0.00140479
0.651654
0
0
0
0
0
0
0
0
0
0
0
0
0
0
0
0
0
0
0
0
0
0
0
0
0
0
0
0
0
0
0
0
0
0
0
0
0
0
0
0
0
0
0
0
0
0
0
0
0
0
0
0
0
0
0
0
0
0
0
0
0
0.000572216
17.6152
66.0451
42.7101
65.4613
0
0
0
0
0
0
0
0
0
0
0
0
0
0
0
0
0
0
0
0
0
0
0
0
0
0
0
0
0
0
0
0
0
0
0
0
0
0
0
0
0
0
0
0
0
0
0
0
0
0
0
0
0
0
0
0
0
0
0
0.0296297
0.0118498
0
58.3794
94.5786
0
0
0
0
0
0
0
0
0
0
0
0
0
0
0
0
0
0
0
0
0
0
0
0
0
0
0
0
0
0
0
0
0
0
0
0
0
0
0
0
0
0
0
0
0
0
0
0
0
0
0
0
0
0
0
0
0
0
0
0.00309327
2.09295
0.000790477
42.9646
41.7797
0.0719951
0
0
0
0
0
0
0
0
0
0
0
0
0
0
0
0
0
0
0
0
0
0
0
0
0
0
0
0
0
0
0
0
0
0
0
0
0
0
0
0
0
0
0
0
0
0
0
0
0
0
0
0
0
0
0
0
0
0
0.0411385
1.05171
0.542012
4.77538
0
29.8847
0.382896
0
0
0
0
0
0
0
0
0
0
0
0
0
0
0
0
0
0
0
0
0
0
0
0
0
0
0
0
0
0
0
0
0
0
0
0
0
0
0
0
0
0
0
0
0
0
0
0
0
0
0
0
0
0
0
0
0
0
0
0.101328
0.106541
0
0
0
0
0
0
0
0
0
0
0
0
0
0
0
0
0
0
0
0
0
0
0
0
0
0
0
0
0
0
0
0
0
0
0
0
0
0
0
0
0
0
0
0
0
0
0
0
0
0
0
0
0
0
0
0
0
0
0
0
0
0
0
0.212005
0
0.00347834
0
0
0
0
0
0
0
0
0
0
0
0
0
0
0
0
0
0
0
0
0
0
0
0
0
0
0
0
0
0
0
0
0
0
0
0
0
0
0
0
0
0
0
0
0
0
0
0
0
0
0
0
0
0
0
0
0
0
0.00017991
5.68493
29.5527
69.1317
0
0.094995
0
0
0
0
0
0
0
0
0
0
0
0
0
0
0
0
0
0
0
0
0
0
0
0
0
0
0
0
0
0
0
0
0
0
0
0
0
0
0
0
0
0
0
0
0
0
0
0
0
0
0
0
0
0
0
0
0
0
0
4.60502
11.3489
0
65.3883
0.595902
0
0
0
0
0
0
0
0
0
0
0
0
0
0
0
0
0
0
0
0
0
0
0
0
0
0
0
0
0
0
0
0
0
0
0
0
0
0
0
0
0
0
0
0
0
0
0
0
0
0
0
0
0
0
0
0
0
0
0
0
69.6245
100
19.1928
0.0619468
0
0
0
0
0
0
0
0
0
0
0
0
0
0
0
0
0
0
0
0
0
0
0
0
0
0
0
0
0
0
0
0
0
0
0
0
0
0
0
0
0
0
0
0
0
0
0
0
0
0
0
0
0
0
0
0
0
0
0
0
38.266
64.1537
0
0
0
0
0
0
0
0
0
0
0
0
0
0
0
0
0
0
0
0
0
0
0
0
0
0
0
0
0
0
0
0
0
0
0
0
0
0
0
0
0
0
0
0
0
0
0
0
0
0
0
0
0
0
0
0
0
0
0
0
0
0
0
0
0
0
0
0
0
0
0
0
0
0
0
0
0
0
0
0
0
0
0
0
0
0
0
0
0
0
0
0
0
0
0
0
0
0
0
0
0
0
0
0
0
0
0
0
0
0
0
0
0
0
0
0
0
0
0
0
0
0
0
0
0
0
0
14.4597
0.307644
0
0
0
0
0
0
0
0
0
0
0
0
0
0
0
0
0
0
0
0
0
0
0
0
0
0
0
0
0
0
0
0
0
0
0
0
0
0
0
0
0
0
0
0
0
0
0
0
0
0
0
0
0
0
0
0
0
0
0
0
0
54.2889
51.6059
56.2885
0
0
0
0
0
0
0
0
0
0
0
0
0
0
0
0
0
0
0
0
0
0
0
0
0
0
0
0
0
0
0
0
0
0
0
0
0
0
0
0
0
0
0
0
0
0
0
0
0
0
0
0
0
0
0
0
0
0
0
0
0
0
0
0
0
0
0
0
0
0
0
0
0
0
0
0
0
0
0
0
0
0
0
0
0
0
0
0
0
0
0
0
0
0
0
0
0
0
0
0
0
0
0
0
0
0
0
0
0
0
0
0
0
0
0
0
0
0
0
0
0
0
0
0
0
0
0
0
0
0
0
0
0
0
0
0
0
0
0
0
0
0
0
0
0
0
0
0
0
0
0
0
0
0
0
0
0
0
8.4384
8.1722
9.20864
10.9955
10.9116
11.064
10.7216
10.894
11.2383
11.8821
12.8685
12.8818
11.5574
11.8354
12.0953
11.3397
12.9495
10.4504
8.83918
10.1397
14.3361
12.9887
8.33243
8.00886
12.1106
18.1703
3.31353
18.4658
6.49975
10.632
13.3575
21.5914
10.1254
16.7386
6.77536
14.3893
3.7426
17.9622
7.53686
9.31588
9.58165
10.529
9.71245
5.63104
13.6165
8.92429
8.93767
6.31297
9.02832
10.96
14.0186
11.7817
13.098
13.184
10.5219
10.8266
10.536
9.0635
9.24144
8.97898
7.37398
1.46465
2.04814
1.03757
7.7589
7.8892
9.4032
10.9092
10.9942
11.1504
10.4858
9.98634
10.7918
11.5527
12.3483
12.4888
11.8743
10.8399
13.0445
10.7135
10.7019
9.13448
13.2163
7.52718
13.8986
12.1943
9.46352
12.3283
23.4638
12.5268
15.4739
0.800816
8.83588
8.54119
36.9805
7.99244
4.20363
1.73201
8.12629
11.3295
14.2401
6.79715
12.6406
9.44346
12.3683
8.21682
15.3682
13.2495
12.9557
11.6906
15.2991
16.5767
9.73285
15.0735
11.5674
11.348
13.1914
14.3305
10.6742
11.251
9.34285
7.06674
8.65985
8.85911
6.91633
4.25255
3.21191
1.16421
5.33292
1.90606
5.32722
9.74769
9.19414
10.6924
8.74088
8.99617
6.56131
10.0518
10.5616
11.3842
12.2866
11.1354
12.4594
13.0877
11.7311
11.4635
12.2334
13.0281
10.3333
19.0547
13.8687
12.0083
5.27513
2.08635
21.036
4.48542
6.37605
6.34811
24.5853
3.84646
25.9639
14.585
18.3872
14.7713
19.1282
15.4301
10.2653
12.9187
6.20461
1.65489
10.4184
13.1719
12.4077
14.1032
8.33801
14.0926
14.4518
16.4324
11.2575
11.2858
13.315
13.0154
10.898
9.56857
8.27258
2.22723
7.78617
3.87011
4.3271
1.26384
0.24115
0.786051
1.29435
0.134045
0.476219
2.2061
2.67757
5.53267
2.05409
4.66198
0.625396
2.83304
1.29684
3.50815
11.0419
6.17611
9.91421
9.87447
8.67946
10.6667
9.93129
7.75591
13.4719
2.31795
0.700991
10.3798
17.7892
5.89409
23.8294
25.4974
11.3118
27.9562
6.3136
30.6634
5.84713
4.52164
4.91651
17.7851
0.397812
1.55296
0
0
0.0178353
0
4.34752
14.3704
11.4069
7.76214
16.7031
9.44225
15.3036
6.21454
13.3449
12.5822
11.3789
11.2352
11.9819
3.68955
5.81084
1.0599
5.40047
0.820487
0.271836
0.211118
0.0404244
0.239732
4.06244e-05
0.0100058
0.0222521
0.123178
0.151974
0.103217
0.0518866
0.0062434
1.36542e-05
0.136939
0.063457
0.0934983
0.352096
0.413653
0.704903
0.766636
0.319972
0.26409
6.94561
0.690319
0.0231933
0.00114724
0.00888648
0.00197147
0.00393505
0.0147208
0.28661
9.75722
15.1649
0.150524
1.49987
18.6847
17.1962
19.8995
1.9958
0.000210194
0
0
0
0
0
0
0
0.0685713
0.00150144
0.969758
0.623506
0.838229
4.18721
9.15714
6.56335
5.68246
5.27652
6.99585
7.54678
1.66889
0.43542
0.0820021
0.0296863
0.0052697
0.00103268
0.000229658
0.00147168
0
0
1.77821e-05
7.29278e-05
1.70163e-05
0.000508433
5.67607e-05
1.7765e-05
0
0
2.04309e-05
4.15215e-06
0
0
0
0.00456153
0.00708618
0.00097738
0.000304265
0.0156636
4.33549e-05
9.6925e-06
1.84422e-06
0
0
0
0.000627991
0.0493655
12.9286
18.3929
4.45963
0.0743576
12.1438
26.9228
5.89289
0.00345733
0.000313378
0
0
0
0
0
0
0
0
0
0
0
0.0268046
0.203695
0.449703
0.992811
0.714275
0.799623
0.94207
3.51967
0.42433
0.0272808
0.000942077
2.20874e-05
0
0
0
0.000117416
0
0
0
0
0
0
0
0
0
0
0
0
0
0
0
0
0
0
0
0
0
0
0
0
0
0
0.000791955
0.0023886
0.569501
6.04861
8.52861
11.1543
0.871408
3.80402
2.35689
0.00193185
0
0
0
0
0
0
0
0
0
0
0
0
0
6.72623e-06
0.000153179
0.000192354
0.186764
0.220581
0.24454
1.25269
0.0020168
6.46984e-05
0
0
0
0
0
0
0
0
0
0
0
0
0
0
0
0
0
0
0
0
0
0
0
0
0
0
0
0
0
0
0
0
0.00134417
0.00502126
1.45273
3.24413
14.2457
0.79009
6.29061
0.00399501
0.345772
1.00241
0
0
0
0
0
0
0
0
0
0
0
0
0
0
1.51457e-06
0.00284228
0.0134291
0.0650725
0.0764063
0.0073901
0
0
0
0
0
0
0
0
0
0
0
0
0
0
0
0
0
0
0
0
0
0
0
0
0
0
0
0
0
0
0
0
0
0.000557649
0.00163511
0.250532
0.282964
4.89944
11.6137
20.9606
2.58603
0.54845
0.434041
0.0214298
0.000926301
0
0
0
0
0
0
0
0
0
0
0
0
1.53576e-06
0.000138749
0.0376913
0.0384585
0.00607983
0.0185715
0
0
0
0
0
0
0
0
0
0
0
0
0
0
0
0
0
0
0
0
0
0
0
0
0
0
0
0
0
0
0
0
0
0
0
0.00270224
1.36208
0.00883662
4.57003
20.5886
7.57193
6.87476
7.84018
7.13547
1.29145
1.90664
0
0
0
0
0
0
0
0
1.3954e-06
4.23294e-06
6.14166e-06
3.00214e-06
1.54467e-06
5.78623e-05
0.0289224
0.00605819
5.10441e-05
1.30095e-06
0
0
0
0
0
0
0
0
0
0
0
0
1.99772e-06
1.62661e-06
0
0
0
0
0
0
0
0
0
0
0
0
0
0
0
0
0
0
0
0
0
0.00271824
0.0858721
0.00773465
6.90474
16.5238
44.551
3.28183
12.5354
2.77563
7.50706e-05
0.0012336
6.36145e-06
0
0
0
0
0
0
1.15939e-06
4.77785e-06
4.88234e-05
5.61787e-05
1.6925e-05
4.21969e-06
9.74225e-05
0.0301979
0.0314075
0.00894033
0.00124232
0
0
0
0
0
0
0
0
0
0
0
0
5.66242e-06
1.05332e-05
3.43905e-06
1.64461e-06
0
0
0
0
0
0
0
0
0
0
0
0
0
0
0
0
0
0
0
0.00579353
0.0264537
1.53054
3.25862
21.9009
2.75396
10.6879
16.0199
26.1591
4.49491
0
0
0
0
0
0
0
0
4.11187e-06
2.56959e-05
0.000137214
0.000878131
0.000344673
0.00124628
0.00396155
0.00784021
0.0295268
0.0176778
2.21974e-05
0
0
0
0
0
0
0
0
0
0
0
1.64158e-06
1.2882e-05
3.22348e-05
1.48762e-05
7.25809e-06
1.84854e-06
0
0
0
0
0
0
0
0
0
0
0
0
0
0
0
0
0
0
0.0082293
0.000174794
3.026
7.15355
23.8645
5.94808
52.0162
0.490557
2.35256
1.44078
0.00173468
0
0
0
0
0
0
1.11254e-06
4.80057e-06
2.68947e-05
0.000235673
0.000926147
0.00253597
0.00431138
0.00895639
0.0030128
0.0169008
0.00120309
0
0
1.63581e-06
0
0
0
0
0
0
0
0
0
1.98707e-06
1.77724e-05
6.03144e-05
4.69607e-05
2.20487e-05
7.19661e-06
2.50968e-06
0
0
0
0
0
0
0
0
0
0
0
0
0
0
0
0
0
0
0.000124553
0.0944776
15.0597
1.32372
7.49051
15.2803
15.5973
7.45096
0.00355739
0
0
0
0
0
0
0
0
2.12712e-06
1.17332e-05
0.000151751
0.000866377
0.00256788
0.00481905
0.00630905
0.000707042
0.00246654
9.80365e-06
0
4.83113e-06
1.14887e-05
0
0
0
0
0
0
0
0
0
0
1.5586e-05
8.6653e-05
0.000108478
4.77597e-05
1.73706e-05
6.26674e-06
2.01321e-06
0
0
0
0
0
0
0
0
0
0
0
0
0
0
0
0
0
0.0218456
0.00246905
0.906754
0.0507459
11.1018
50.0214
17.6222
13.8016
0.00692095
0
0
0
0
0
0
0
0
0
2.15918e-06
4.17352e-05
0.000399206
0.00151192
0.00231056
0.00379454
0.000790606
0.000372806
5.40223e-05
5.74297e-06
9.92851e-06
0
0
0
0
0
0
0
0
0
0
0
6.1815e-06
6.69263e-05
0.00011123
7.02979e-05
2.48032e-05
9.41679e-06
3.2822e-06
0
0
0
0
0
0
0
0
0
0
0
0
0
0
0
0
0
0.0216482
1.45056
9.62344
0.125914
20.9841
28.1374
5.0833
0.244708
0.00515277
0.000403787
0
0
0
0
0
0
0
0
0
1.4315e-05
0.000300749
0.000895874
0.00057973
0.00111598
0.000654287
0.000199497
2.57631e-05
4.87105e-06
0
0
0
0
0
0
0
0
0
0
0
0
0
1.56685e-05
5.23053e-05
3.90246e-05
1.73092e-05
7.95104e-06
3.71791e-06
0
0
0
0
0
0
0
0
0
0
0
0
0
0
0
0
0
0.0261089
10.7774
4.03151
22.1501
23.5634
22.3559
18.307
26.4449
2.76169
0.017516
0
0
0
0
0
0
0
0
0
0
3.77092e-05
0.000221253
6.36527e-05
0.000326746
0.00053525
0.000109889
3.89264e-06
0
0
0
0
0
0
0
0
0
0
0
0
0
0
1.3209e-06
1.52797e-05
1.45514e-05
8.09822e-06
4.53882e-06
2.5775e-06
0
0
0
0
0
0
0
0
0
0
0
0
0
0
0
0
0
0.114124
0.0672617
2.23643
47.7271
16.9556
5.8753
21.7527
1.32538
0.00362913
1.28044e-05
0
0
0
0
0
0
0
0
0
0
0
1.60678e-05
3.38095e-06
2.72281e-05
7.88228e-05
1.69759e-05
0
0
0
0
0
0
0
0
0
0
0
0
0
0
0
0
3.58668e-06
3.51373e-06
2.44472e-06
1.64219e-06
2.03777e-06
0
0
0
0
0
0
0
0
0
0
0
0
0
0
0
0
3.07478e-06
0.00065687
0.0149584
4.50152
0.86368
2.01178
49.9407
0.834208
0.902778
1.62696
0.406907
0
0
0
0
0
0
0
0
0
0
0
0
0
2.56468e-06
1.02668e-06
0
0
0
0
0
0
0
0
0
0
0
0
0
0
0
0
0
0
0
0
0
1.27524e-06
0
0
0
0
0
0
0
0
0
0
0
0
0
0
0
0
0
0.00032605
0.0127051
13.5484
10.4698
17.9272
22.3466
1.61876
0.630547
0.331493
0.330245
0
0
0
0
0
0
0
0
0
0
0
0
0
0
0
0
0
0
0
0
0
0
0
0
0
0
0
0
0
0
0
0
0
0
0
0
0
0
0
0
0
0
0
0
0
0
0
0
0
0
0
0
0
0
0.000218082
0.00765117
5.92112
10.3672
15.116
3.56348
0.0151977
0.0677203
2.21744e-06
0
0
0
0
0
0
0
0
0
0
0
0
0
0
0
0
0
0
0
0
0
0
0
0
0
0
0
0
0
0
0
0
0
0
0
0
0
0
0
0
0
0
0
0
0
0
0
0
0
0
0
0
0
0
2.74232e-06
0.000299434
0.00181063
0.748102
1.08469
1.75748
8.19705
1.25426
0.000594538
0
0
0
0
0
0
0
0
0
0
0
0
0
0
0
0
0
0
0
0
0
0
0
0
0
0
0
0
0
0
0
0
0
0
0
0
0
0
0
0
0
0
0
0
0
0
0
0
0
0
0
0
0
0
0
1.09291e-05
0.000493972
0.000599674
1.75221
15.4458
11.9746
2.33108
6.29503
0
0
0
0
0
0
0
0
0
0
0
0
0
0
0
0
0
0
0
0
0
0
0
0
0
0
0
0
0
0
0
0
0
0
0
0
0
0
0
0
0
0
0
0
0
0
0
0
0
0
0
0
0
0
0
1.73701e-06
2.08976e-05
0.055939
0.786442
11.9391
16.6265
38.2321
39.7133
6.96598
1.38016
0.000950067
0.000741136
4.69158e-06
0
0
0
0
0
0
0
0
0
0
0
0
0
0
0
0
0
0
0
0
0
0
0
0
0
0
0
0
0
0
0
0
0
0
0
0
0
0
0
0
0
0
0
0
0
0
0
0
0
0
0
1.36638e-05
0.00024702
0.0720915
10.8102
5.64505
35.853
9.04416
53.5724
2.04689
28.8023
3.97738
0.121098
4.58671e-05
0
0
0
0
0
0
0
0
0
0
0
0
0
0
0
0
0
0
0
0
0
0
0
0
0
0
0
0
0
0
0
0
0
0
0
0
0
0
0
0
0
0
0
0
0
0
0
0
0
0
0
3.16518e-05
0.00193417
0.0050533
11.2719
4.0073
9.75045
32.6331
35.9395
14.584
27.5702
1.39564
0.380913
0.0646254
6.60945e-06
0
0
0
0
0
0
0
0
0
0
0
0
0
0
0
0
0
0
0
0
0
0
0
0
0
0
0
0
0
0
0
0
0
0
0
0
0
0
0
0
0
0
0
0
0
0
0
0
0
1.61344e-06
6.61343e-05
0.00575163
0.762755
11.4529
4.49817
0.176694
14.701
36.8727
7.02727
56.4761
8.99454
0.229273
0.0574719
0
0
0
0
0
0
0
0
0
0
0
0
0
0
0
0
0
0
0
0
0
0
0
0
0
0
0
0
0
0
0
0
0
0
0
0
0
0
0
0
0
0
0
0
0
0
0
0
0
0
6.09304e-06
0.000124522
0.00140163
1.49842
0.328291
0.0013312
0.00122752
62.0275
0.794576
1.07302
4.101e-06
0.0131948
0.0658255
0
0
0
0
0
0
0
0
0
0
0
0
0
0
0
0
0
0
0
0
0
0
0
0
0
0
0
0
0
0
0
0
0
0
0
0
0
0
0
0
0
0
0
0
0
0
0
0
0
0
0
1.16318e-05
0.000425096
0.0102969
0.184282
0.00369285
0.028736
3.34107
34.5138
0.352216
0.0535778
0.00412264
0.00288732
8.26548e-06
0
0
0
0
0
0
0
0
0
0
0
0
0
0
0
0
0
0
0
0
0
0
0
0
0
0
0
0
0
0
0
0
0
0
0
0
0
0
0
0
0
0
0
0
0
0
0
0
0
0
0
1.07526e-05
0.000338361
0.029323
0.0138239
0.00539935
14.1001
1.57488
3.61324
0
2.02543e-06
11.3795
0
4.15849e-05
0
0
0
0
0
0
0
0
0
0
0
0
0
0
0
0
0
0
0
0
0
0
0
0
0
0
0
0
0
0
0
0
0
0
0
0
0
0
0
0
0
0
0
0
0
0
0
0
0
0
0
2.37517e-06
0.000295898
0.00417999
0.0138059
1.13879
28.6619
3.02854
0
0.337317
26.2269
17.2736
0.577726
0.000926069
5.18205e-06
0
0
0
0
0
0
0
0
0
0
0
0
0
0
0
0
0
0
0
0
0
0
0
0
0
0
0
0
0
0
0
0
0
0
0
0
0
0
0
0
0
0
0
0
0
0
0
0
0
0
0
0.000267759
0.00300224
0.00638087
2.26088
14.8895
5.86146
52.6175
0
0
2.96315
1.43457
0
1.05063e-05
1.43841e-06
0
0
0
0
0
0
0
0
0
0
0
0
0
0
0
0
0
0
0
0
0
0
0
0
0
0
0
0
0
0
0
0
0
0
0
0
0
0
0
0
0
0
0
0
0
0
0
0
0
0
0.000171279
0.00138747
0.336121
5.33094
24.4832
0
9.45103
7.55987
21.118
6.0855
0.751726
0
1.76944e-06
0
0
0
0
0
0
0
0
0
0
0
0
0
0
0
0
0
0
0
0
0
0
0
0
0
0
0
0
0
0
0
0
0
0
0
0
0
0
0
0
0
0
0
0
0
0
0
0
0
0
0
6.18235e-05
0.000793097
0.00534034
2.19786
0.000128155
0
0
1.64629
43.5359
5.61643
0
0
0
0
0
0
0
0
0
0
0
0
0
0
0
0
0
0
0
0
0
0
0
0
0
0
0
0
0
0
0
0
0
0
0
0
0
0
0
0
0
0
0
0
0
0
0
0
0
0
0
0
0
0
1.87389e-05
0.000464014
0.00103858
0.125828
0.00033961
2.75577
72.3269
4.48105e-05
0.011494
0.030324
48.0122
0.0985944
0
7.43217e-05
0
0
0
0
0
0
0
0
0
0
0
0
0
0
0
0
0
0
0
0
0
0
0
0
0
0
0
0
0
0
0
0
0
0
0
0
0
0
0
0
0
0
0
0
0
0
0
0
0
0
3.60261e-06
0.000209832
0.000721517
0.00427033
0
45.3015
3.15378
0.305698
1.03087
2.27572e-05
0.0370358
0.000240893
0
0
0
0
0
0
0
0
0
0
0
0
0
0
0
0
0
0
0
0
0
0
0
0
0
0
0
0
0
0
0
0
0
0
0
0
0
0
0
0
0
0
0
0
0
0
0
0
0
0
0
0
0
2.47264e-05
0.000644159
0.0127272
8.79273
23.7068
16.4518
4.71611
7.51045
1.0954
2.22787e-05
0
0
0
0
0
0
0
0
0
0
0
0
0
0
0
0
0
0
0
0
0
0
0
0
0
0
0
0
0
0
0
0
0
0
0
0
0
0
0
0
0
0
0
0
0
0
0
0
0
0
0
0
0
0
0
0.000155989
0.00483104
0.266567
43.2306
0.676606
13.3583
21.1613
16.9627
0.0289757
1.0093e-05
0
0
0
0
0
0
0
0
0
0
0
0
0
0
0
0
0
0
0
0
0
0
0
0
0
0
0
0
0
0
0
0
0
0
0
0
0
0
0
0
0
0
0
0
0
0
0
0
0
0
0
0
0
0
0
0.000115044
0.49387
0.417551
2.91346
13.5462
0.000810739
5.51138
0.100469
0
0
0
0
0
0
0
0
0
0
0
0
0
0
0
0
0
0
0
0
0
0
0
0
0
0
0
0
0
0
0
0
0
0
0
0
0
0
0
0
0
0
0
0
0
0
0
0
0
0
0
0
0
0
0
0
0
0
0
0.000327315
2.62935
3.55499
8.49274
0.034949
0
0
0
0
0
0
0
0
0
0
0
0
0
0
0
0
0
0
0
0
0
0
0
0
0
0
0
0
0
0
0
0
0
0
0
0
0
0
0
0
0
0
0
0
0
0
0
0
0
0
0
0
0
0
0
0
0
1.51869e-06
0
24.1261
37.4395
37.6987
6.84439e-06
0.0549684
0
0
0
0
0
0
0
0
0
0
0
0
0
0
0
0
0
0
0
0
0
0
0
0
0
0
0
0
0
0
0
0
0
0
0
0
0
0
0
0
0
0
0
0
0
0
0
0
0
0
0
0
0
0
0
0
0
2.35862e-06
0.029019
15.7327
31.4935
10.2611
2.41657e-06
0.434313
0
0
0
0
0
0
0
0
0
0
0
0
0
0
0
0
0
0
0
0
0
0
0
0
0
0
0
0
0
0
0
0
0
0
0
0
0
0
0
0
0
0
0
0
0
0
0
0
0
0
0
0
0
0
0
0
0
0.0441015
0.859559
5.56189
60.2162
0.212844
1.38626e-05
0.0151914
0.434682
0.0178226
0
0
0
0
0
0
0
0
0
0
0
0
0
0
0
0
0
0
0
0
0
0
0
0
0
0
0
0
0
0
0
0
0
0
0
0
0
0
0
0
0
0
0
0
0
0
0
0
0
0
0
0
0
0
0
0
0.268722
54.629
64.9866
0.00860507
25.2899
4.0991e-05
0.031056
0.37927
0
0
0
0
0
0
0
0
0
0
0
0
0
0
0
0
0
0
0
0
0
0
0
0
0
0
0
0
0
0
0
0
0
0
0
0
0
0
0
0
0
0
0
0
0
0
0
0
0
0
0
0
0
0
0
0
2.37937
78.1332
67.8343
11.0359
0.00734606
3.95892e-06
0.820445
0
0
0
0
0
0
0
0
0
0
0
0
0
0
0
0
0
0
0
0
0
0
0
0
0
0
0
0
0
0
0
0
0
0
0
0
0
0
0
0
0
0
0
0
0
0
0
0
0
0
0
0
0
0
0
0
0
0
0.254036
0
0
0
12.0262
9.96524e-06
0.00214936
0
0
0
0
0
0
0
0
0
0
0
0
0
0
0
0
0
0
0
0
0
0
0
0
0
0
0
0
0
0
0
0
0
0
0
0
0
0
0
0
0
0
0
0
0
0
0
0
0
0
0
0
0
0
0
0
0.0410832
0.312484
52.891
25.8118
0
0.256333
0
0
0
0
0
0
0
0
0
0
0
0
0
0
0
0
0
0
0
0
0
0
0
0
0
0
0
0
0
0
0
0
0
0
0
0
0
0
0
0
0
0
0
0
0
0
0
0
0
0
0
0
0
0
0
0
0
0
0
3.40632e-06
0
0
0
0.0888438
0
0
0
0
0
0
0
0
0
0
0
0
0
0
0
0
0
0
0
0
0
0
0
0
0
0
0
0
0
0
0
0
0
0
0
0
0
0
0
0
0
0
0
0
0
0
0
0
0
0
0
0
0
0
0
0
0
0
0
0
0
0
0
4.90478e-06
0
0
0
0
0
0
0
0
0
0
0
0
0
0
0
0
0
0
0
0
0
0
0
0
0
0
0
0
0
0
0
0
0
0
0
0
0
0
0
0
0
0
0
0
0
0
0
0
0
0
0
0
0
0
0
0
0
0
0.000154836
0
0
0
0
1.55138e-05
1.90082e-06
0
0
0
0
0
0
0
0
0
0
0
0
0
0
0
0
0
0
0
0
0
0
0
0
0
0
0
0
0
0
0
0
0
0
0
0
0
0
0
0
0
0
0
0
0
0
0
0
0
0
0
0
0
0
0
0
0
0
9.79714
3.96224
0
0
2.01674e-05
0
0
0
0
0
0
0
0
0
0
0
0
0
0
0
0
0
0
0
0
0
0
0
0
0
0
0
0
0
0
0
0
0
0
0
0
0
0
0
0
0
0
0
0
0
0
0
0
0
0
0
0
0
0
0
0
0
0
0
3.00598
0
0
9.89112
0
0
0
0
0
0
0
0
0
0
0
0
0
0
0
0
0
0
0
0
0
0
0
0
0
0
0
0
0
0
0
0
0
0
0
0
0
0
0
0
0
0
0
0
0
0
0
0
0
0
0
0
0
0
0
0
0
0
0
0.00176049
3.8068
8.30227
0
0.00901919
0
0
0
0
0
0
0
0
0
0
0
0
0
0
0
0
0
0
0
0
0
0
0
0
0
0
0
0
0
0
0
0
0
0
0
0
0
0
0
0
0
0
0
0
0
0
0
0
0
0
0
0
0
0
0
0
0
0
0
0
0
0.0693523
0
1.08992e-06
0
0
0
0
0
0
0
0
0
0
0
0
0
0
0
0
0
0
0
0
0
0
0
0
0
0
0
0
0
0
0
0
0
0
0
0
0
0
0
0
0
0
0
0
0
0
0
0
0
0
0
0
0
0
0
0
0
0
0
0
0
0
0
0
0
0
0
0
0
0
0
0
0
0
0
0
0
0
0
0
0
0
0
0
0
0
0
0
0
0
0
0
0
0
0
0
0
0
0
0
0
0
0
0
0
0
0
0
0
0
0
0
0
0
0
0
0
0
0
0
0
0
0
0
0
0
0
0
0
0
0
0
0
0
0
0
0
0
0
0
0
0
0
0
0
0
0
0
0
0
0
0
0
0
0
0
0
0
0
0
0
0
0
0
0
0
0
0
0
0
0
0
0
0
0
0
0
0
0
0
0
0
0
0
0
0
0
0
0
7.21556
14.2905
2.79817
0
0
0
0
0
0
0
0
0
0
0
0
0
0
0
0
0
0
0
0
0
0
0
0
0
0
0
0
0
0
0
0
0
0
0
0
0
0
0
0
0
0
0
0
0
0
0
0
0
0
0
0
0
0
0
0
0
0
0
0
0
0.153886
7.15091
0
0
1.25172e-06
0
0
0
0
0
0
0
0
0
0
0
0
0
0
0
0
0
0
0
0
0
0
0
0
0
0
0
0
0
0
0
0
0
0
0
0
0
0
0
0
0
0
0
0
0
0
0
0
0
0
0
0
0
0
0
0
0
0
0
14.4912
7.85962
0
0
1.93042e-06
0
0
0
0
0
0
0
0
0
0
0
0
0
0
0
0
0
0
0
0
0
0
0
0
0
0
0
0
0
0
0
0
0
0
0
0
0
0
0
0
0
0
0
0
0
0
0
0
0
0
0
0
0
0
0
0
0
0
0
0.46629
0
0
0
0
0
0
0
0
0
0
0
0
0
0
0
0
0
0
0
0
0
0
0
0
0
0
0
0
0
0
0
0
0
0
0
0
0
0
0
0
0
0
0
0
0
0
0
0
0
0
0
0
0
0
0
0
0
0
0
0
0
0
0
0
0
0
0
0
0
0
0
0
0
0
0
0
0
0
0
0
0
0
0
0
0
0
0
0
0
0
0
0
0
0
0
0
0
0
0
0
0
0
0
0
0
0
0
0
0
0
0
0
0
0
0
0
0
0
0
0
0
0
0
0
0
0
0
0
0
0
0
0
0
0
0
0
0
0
0
0
0
0
0
0
0
0
0
0
0
0
0
0
0
0
0
0
0
0
0
0
0
0
0
0
0
0
0
0
0
0
0
0
0
0
0
0
0
0
0
0
0
0
0
0
0
0
0
0
0
0
0
0
0
0
0
0
0
0
0
0
0
0
0
0
0
0
0
0
0
0
0
0
0
0
0
0
0
0
0
0
0
0
0
0
0
0
0
0
0
0
0
0
0
0
0
0
0
0
0
0
0
0
0
0
0
0
0
0
0
0
0
0
0
0
0
0
0
0
0
0
0
0
0
0
0
0
0
0
0
0
0
0
0
0
0
0
0
0
0
0
0
0
0
0
0
0
0
0
8.52103
8.03731
8.51776
10.3897
10.5476
10.0578
9.36695
9.01964
9.90344
11.0039
12.1695
12.4905
11.7221
11.044
11.8261
11.2087
14.6388
11.2882
4.72739
12.7255
17.5484
9.28073
3.86551
7.81117
14.7223
16.8655
11.3933
9.02001
10.1247
0.00870194
14.8275
9.83075
2.93544
10.808
12.2579
7.11769
21.3957
9.19182
24.3974
12.6642
7.88229
6.59259
8.36072
12.5066
6.32695
12.7111
14.1692
9.73146
11.5556
13.0502
8.79244
10.2861
13.7461
10.9092
10.1628
10.9072
9.07792
7.6933
8.8139
7.13075
3.19263
0.236173
0.865876
0.729107
7.81089
7.69149
8.73482
10.3101
10.6154
10.2963
9.36576
8.39651
9.2761
10.4587
11.9184
12.4715
11.7983
11.1479
12.6636
11.0248
12.5305
13.2284
11.4706
12.6653
12.6549
20.402
4.0993
10.0815
13.8843
12.955
21.5808
2.20531
15.1761
0.960151
0.607718
10.7118
22.5242
8.49183
2.76309
17.5753
7.65066
10.1917
8.27027
14.0197
10.2458
12.0732
16.2033
11.3685
13.1075
13.5523
14.1202
11.6967
9.07345
15.6156
13.6915
10.9033
13.0734
11.3545
10.7981
10.7592
5.97215
6.0202
8.29071
7.38682
3.72677
1.39222
1.82431
0.780074
4.05282
1.20356
7.55975
7.58075
8.39714
10.0017
6.88745
3.02119
7.5307
4.97075
11.1336
11.932
12.1975
11.9757
11.8236
11.883
9.35629
13.0943
14.4826
12.8179
12.3983
14.9814
10.6357
13.3528
16.2515
10.1176
13.7004
38.8723
14.6335
11.2705
7.4514
20.3393
14.5381
2.70719
26.1188
22.7393
9.5544
17.6072
19.1914
10.1889
2.25382
7.92937
15.4993
16.0343
10.2831
15.6965
14.8472
13.7728
11.8998
13.0333
12.6456
12.0562
12.9897
12.4918
11.8175
9.02486
1.56351
0.748421
2.36503
6.54448
1.40802
1.86894
0.186095
0.687785
0.60201
0.0473332
2.80669
1.14263
2.22223
5.95937
1.24949
0.435377
4.18557
0.108675
4.11456
5.83739
5.82513
7.99204
11.9295
10.8309
2.81109
5.23977
13.6675
7.75706
10.4009
3.64918
6.45
7.68194
11.8105
0.147821
16.2365
16.9304
3.06056
20.8408
14.9902
9.09193
12.8685
6.11309
15.7625
11.6719
0.980262
1.03179
0.0258897
3.071
1.95433
0.0166854
16.6945
4.45976
7.57148
11.8878
5.50328
14.4127
12.7239
8.70998
13.1087
11.4171
11.8262
11.5351
5.49261
4.48574
0.0157697
0.0985131
0.455726
1.563
0.0619063
1.20552
0.0196106
0.332622
1.96629e-06
0.0050662
0.0193782
0.0707539
0.0706454
0.0525115
0.0370543
0.00154321
0.00100339
0.00936721
0.241892
0.231442
0.283951
0.948261
3.00904
0.566369
0.128147
0.0482784
0.603705
0.0328028
0.0188149
0.00535875
0.0828977
0.0106546
0.000165613
0.0421429
1.16422
12.2821
17.0041
1.50086
5.77276
20.7951
18.3243
13.0749
6.91696
0.0294046
5.33917
0
0
0
0
3.57497e-06
7.18378e-05
0.00135659
0
5.83038
0.804279
9.37304
4.16834
1.95333
6.07572
6.10185
7.01547
5.70409
2.52775
0.122848
4.69897e-05
0.000263369
0.000868523
5.05681e-05
5.00393e-05
5.71143e-05
0.000216039
0
0
1.66064e-05
0
0.000206329
5.5235e-05
1.61127e-05
1.62776e-05
0
0
1.06523e-06
5.39322e-06
1.37331e-06
0
0
0.00279597
0.0133964
0.0206274
0.000725027
5.95462e-05
8.29772e-06
8.35938e-05
9.77329e-05
1.88324e-06
4.25129e-06
0.00133504
0.0521902
0.190308
5.96926
1.52652
0.33104
0.187971
6.18803
20.3729
14.1623
2.1947
0.0112958
0
0
0
0
0
0
0
0
0
0
0
0.000673312
0.318924
0.418285
0.386116
1.60162
2.52159
1.86582
0.735993
0.00688047
0
0
0
0
0
0
1.80362e-05
0
0
0
0
0
0
0
0
0
0
0
0
0
0
0
0
0
0
0
0
0
0
0
0
0
0.000286859
0.00273978
0.00650532
0.0229157
3.22663
12.673
12.4629
0.521857
0.362625
12.9237
4.47867
0
0
0
0
0
0
0
0
0
0
0
0
9.86954e-06
0.00184672
0.00099677
0.103763
0.808265
0.588721
0.172721
0.00470962
3.86114e-06
0
0
0
0
0
0
0
0
0
0
0
0
0
0
0
0
0
0
0
0
0
0
0
0
0
0
0
0
0
0
0
0
0
0
0.00207348
1.49445
0.391538
3.28302
4.10759
2.97985
19.4098
3.9176
0.650743
4.62605e-05
0
0
0
0
0
0
0
0
0
0
0
0
0
4.32106e-05
0.127669
0.068879
0.0140709
3.57099e-06
0
0
0
0
0
0
0
0
0
0
0
0
0
0
0
0
0
0
0
0
0
0
0
0
0
0
0
0
0
0
0
0
0
0
0
0.000228893
0.00266565
0.174892
0.473081
5.49654
0.0795835
3.32779
0.608282
0.0691941
0.100073
4.25289
0
0
0
0
0
0
0
0
0
2.07843e-06
2.38453e-06
2.59927e-06
0.000143149
0.0138438
0.0182746
0
0
0
0
0
0
0
0
0
0
0
0
0
0
0
0
0
0
0
0
0
0
0
0
0
0
0
0
0
0
0
0
0
0
0
0
0
0
0.000845409
0.0894887
0.388338
0.64295
10.6077
4.69688
30.5306
11.2165
1.3848
0.0638134
2.10922
1.04272
0
0
0
0
0
0
0
2.1323e-06
2.33935e-05
1.37578e-05
8.60289e-06
0.000293673
0.00676454
0.0130143
7.26579e-05
0
0
0
0
0
0
0
0
0
0
0
0
0
0
1.39805e-06
1.39538e-06
0
0
0
0
0
0
0
0
0
0
0
0
0
0
0
0
0
0
0
0
0
0.00261572
0.0363489
0.0218063
0.974939
15.2982
22.5285
13.3888
9.51952
3.22508
0.127357
0.0323308
0.405887
0
0
0
0
0
0
0
2.32677e-06
9.77692e-05
0.000119585
3.54531e-05
0.00697756
0.0120348
0.00299978
0.000425942
4.40547e-05
0
0
0
0
0
0
0
0
0
0
0
0
0
4.40386e-06
6.35079e-06
2.64403e-06
1.64845e-06
0
0
0
0
0
0
0
0
0
0
0
0
0
0
0
0
0
0
0
0.000186262
2.04658e-06
0.0084239
7.59873
10.0795
5.02865
0.730777
49.7665
1.78426
3.85919
0.000180786
0
0
0
0
0
0
0
0
1.06293e-05
0.000157883
0.00163451
0.00204044
0.00828868
0.00629995
0.000530964
0.0136766
0.000127165
0
0
0
0
0
0
0
0
0
0
0
0
1.45515e-06
1.15454e-05
1.99925e-05
1.1846e-05
6.67454e-06
2.68757e-06
0
0
0
0
0
0
0
0
0
0
0
0
0
0
0
0
0
0
0
0.000457921
5.33059
1.71469
1.99979
2.1959
3.71717
10.6923
3.69409
6.54737
0
0
0
0
0
0
0
0
0
6.29175e-06
0.000152943
0.000850958
0.00401197
0.00666592
0.00246907
2.47682e-05
0.000156375
0
0
0
0
0
0
0
0
0
0
0
0
0
1.70813e-06
1.6063e-05
4.32128e-05
3.26889e-05
1.72953e-05
7.0431e-06
2.01338e-06
0
0
0
0
0
0
0
0
0
0
0
0
0
0
0
0
0
0
0.0416671
0.840103
8.55541
0.119294
10.162
5.48023
29.7738
0.994589
0.187816
0.00298414
0
0
0
0
0
0
0
0
2.07073e-06
3.72383e-05
0.000707471
0.00244814
0.00285763
0.000770443
0
1.57357e-06
0
0
0
0
0
0
0
0
0
0
0
0
0
1.01114e-06
1.50841e-05
6.36321e-05
7.22018e-05
3.48548e-05
1.09295e-05
4.40876e-06
1.33295e-06
0
0
0
0
0
0
0
0
0
0
0
0
0
0
0
0
0
0.00342934
0.000504948
1.14639
0.343125
2.40857
4.79157
0.579215
1.0418
0.000573044
0
0
0
0
0
0
0
0
0
1.04007e-06
8.0897e-06
0.000368409
0.00127203
0.000309179
0.000301916
1.71885e-05
5.57331e-06
1.03004e-06
0
0
0
0
0
0
0
0
0
0
0
0
0
5.28476e-06
4.29478e-05
6.9908e-05
3.96027e-05
1.03818e-05
4.25796e-06
1.82876e-06
0
0
0
0
0
0
0
0
0
0
0
0
0
0
0
0
0
0.0182847
5.27443
4.95615
2.90724
0.00262602
6.55102
0.0468984
0.13004
2.89988e-06
0
0
0
0
0
0
0
0
0
0
0
5.54813e-05
0.000409612
3.90227e-05
0.000147229
2.64851e-05
1.07828e-05
0
0
0
0
0
0
0
0
0
0
0
0
0
0
0
1.34424e-05
2.73366e-05
1.45415e-05
5.42937e-06
2.05931e-06
1.0303e-06
0
0
0
0
0
0
0
0
0
0
0
0
0
0
0
0
0
0.00516147
0.100131
0.782399
1.55331
0.0442541
6.85598
1.29876
1.68954
0.845193
0
0
0
0
0
0
0
0
0
0
0
1.25501e-06
4.32496e-05
2.05493e-06
2.37844e-05
6.87687e-05
0
0
0
0
0
0
0
0
0
0
0
0
0
0
0
0
2.30581e-06
6.19065e-06
3.65902e-06
2.22244e-06
0
0
0
0
0
0
0
0
0
0
0
0
0
0
0
0
0
0
0
0.016744
1.29879
0.0423189
17.4535
3.99602
2.16474
2.62859
3.92456
0.262753
1.58033
0
0
0
0
0
0
0
0
0
0
0
2.00485e-06
0
0
0
0
0
0
0
0
0
0
0
0
0
0
0
0
0
0
0
0
0
0
0
0
0
0
0
0
0
0
0
0
0
0
0
0
0
0
0
0
0
0
0
1.42716
5.01003
18.9981
0.577828
4.52461
1.29227
0.513971
1.71602
1.93906
0
0
0
0
0
0
0
0
0
0
0
0
0
0
0
0
0
0
0
0
0
0
0
0
0
0
0
0
0
0
0
0
0
0
0
0
0
0
0
0
0
0
0
0
0
0
0
0
0
0
0
0
0
0
2.46334e-06
0.00635025
0.0389712
5.22648
0.00714245
0.368286
0.626421
1.17855
0.516888
0.936611
0
0
0
0
0
0
0
0
0
0
0
0
0
0
0
0
0
0
0
0
0
0
0
0
0
0
0
0
0
0
0
0
0
0
0
0
0
0
0
0
0
0
0
0
0
0
0
0
0
0
0
0
0
0
3.17042e-06
0.369376
2.43408
5.1333
0.309267
0.177094
0.00288716
0.0325882
0.446057
0.0994034
0
0
0
0
0
0
0
0
0
0
0
0
0
0
0
0
0
0
0
0
0
0
0
0
0
0
0
0
0
0
0
0
0
0
0
0
0
0
0
0
0
0
0
0
0
0
0
0
0
0
0
0
0
0
6.83129e-06
0.0127096
1.37448
0.00584576
0.0296351
0
0
0.001322
0.31013
0.000103181
0
0
0
0
0
0
0
0
0
0
0
0
0
0
0
0
0
0
0
0
0
0
0
0
0
0
0
0
0
0
0
0
0
0
0
0
0
0
0
0
0
0
0
0
0
0
0
0
0
0
0
0
0
1.35611e-06
0.117691
0.0021993
0.000196079
7.64028
16.3574
5.43556e-05
0.0394991
0.0128815
0
0
0
0
0
0
0
0
0
0
0
0
0
0
0
0
0
0
0
0
0
0
0
0
0
0
0
0
0
0
0
0
0
0
0
0
0
0
0
0
0
0
0
0
0
0
0
0
0
0
0
0
0
0
0
3.74389e-06
0.0150563
0.00974455
3.45256
13.7755
8.30847
4.27333
1.08978
0.17931
0
0
0
0
0
0
0
0
0
0
0
0
0
0
0
0
0
0
0
0
0
0
0
0
0
0
0
0
0
0
0
0
0
0
0
0
0
0
0
0
0
0
0
0
0
0
0
0
0
0
0
0
0
0
0
9.99064e-06
0.194767
4.94247
2.67579
5.20858
22.3689
39.8708
12.1578
21.8527
0.315984
3.72414e-05
0
0
5.52864e-06
0
0
0
0
0
0
0
0
0
0
0
0
0
0
0
0
0
0
0
0
0
0
0
0
0
0
0
0
0
0
0
0
0
0
0
0
0
0
0
0
0
0
0
0
0
0
0
0
0
5.76634e-06
8.08039e-05
0.195347
5.23979
0.0485487
22.3463
27.1288
5.32459
5.4705
0.093607
1.35997
0.185564
0.000374522
0.0062677
7.9036e-05
0
0
0
0
0
0
0
0
0
0
0
0
0
0
0
0
0
0
0
0
0
0
0
0
0
0
0
0
0
0
0
0
0
0
0
0
0
0
0
0
0
0
0
0
0
0
0
0
0
9.74345e-06
0.000197069
0.00506999
13.1992
6.03282
0.448611
30.1176
5.82079
6.68531
7.27127
0.636995
0.106864
0
0
0
0
0
0
0
0
0
0
0
0
0
0
0
0
0
0
0
0
0
0
0
0
0
0
0
0
0
0
0
0
0
0
0
0
0
0
0
0
0
0
0
0
0
0
0
0
0
0
0
0
1.48458e-05
0.000776148
0.858755
0.736231
0.0899991
0.00682785
5.18814
1.00251
0.165022
0.634204
0.00373637
4.23361e-05
0
0
0
0
0
0
0
0
0
0
0
0
0
0
0
0
0
0
0
0
0
0
0
0
0
0
0
0
0
0
0
0
0
0
0
0
0
0
0
0
0
0
0
0
0
0
0
0
0
0
0
0
4.84073e-05
0.00822692
0.117509
0.00523678
2.36118
0.366652
8.48906
0.128162
0
0.745778
1.84377
0
0
0
0
0
0
0
0
0
0
0
0
0
0
0
0
0
0
0
0
0
0
0
0
0
0
0
0
0
0
0
0
0
0
0
0
0
0
0
0
0
0
0
0
0
0
0
0
0
0
0
0
0
7.40722e-05
0.000732862
0.0105343
0.00343655
27.012
0.09493
0
0
0
0.00250046
0.00551
0
0
0
0
0
0
0
0
0
0
0
0
0
0
0
0
0
0
0
0
0
0
0
0
0
0
0
0
0
0
0
0
0
0
0
0
0
0
0
0
0
0
0
0
0
0
0
0
0
0
0
0
0
8.51127e-05
0.00270537
0.00285411
3.33525
3.96055
0.139652
0
2.63716
0.18071
10.9239
0.289825
0.00460633
0
0
0
0
0
0
0
0
0
0
0
0
0
0
0
0
0
0
0
0
0
0
0
0
0
0
0
0
0
0
0
0
0
0
0
0
0
0
0
0
0
0
0
0
0
0
0
0
0
0
0
0
3.30564e-05
0.000451361
0.00506538
2.49393
32.8557
0.000469704
0.0304228
48.9413
0.803507
0.735258
3.07417
0.0123163
0.00266931
0
0
0
0
0
0
0
0
0
0
0
0
0
0
0
0
0
0
0
0
0
0
0
0
0
0
0
0
0
0
0
0
0
0
0
0
0
0
0
0
0
0
0
0
0
0
0
0
0
0
0
2.1876e-05
0.000636666
0.0291723
7.09291
0.0259293
0
19.7586
60.9703
35.5536
17.9425
22.3246
0.00844046
0.000449099
0
0
0
0
0
0
0
0
0
0
0
0
0
0
0
0
0
0
0
0
0
0
0
0
0
0
0
0
0
0
0
0
0
0
0
0
0
0
0
0
0
0
0
0
0
0
0
0
0
0
0
1.22166e-05
0.000527259
0.0105977
0.215964
0.00200261
0.339531
53.5243
1.53867
35.7146
12.4763
5.5237
4.98183e-06
0
0
0
0
0
0
0
0
0
0
0
0
0
0
0
0
0
0
0
0
0
0
0
0
0
0
0
0
0
0
0
0
0
0
0
0
0
0
0
0
0
0
0
0
0
0
0
0
0
0
0
0
3.49255e-06
0.00014405
0.000571838
0.0123124
1.19776
50.9062
8.74818
2.99486e-05
26.3423
33.7185
3.95654
0
0.000128891
0
0
0
0
0
0
0
0
0
0
0
0
0
0
0
0
0
0
0
0
0
0
0
0
0
0
0
0
0
0
0
0
0
0
0
0
0
0
0
0
0
0
0
0
0
0
0
0
0
0
0
0
1.63373e-05
9.74955e-05
0.000616208
4.2696
8.72593
14.2331
0
4.30871e-05
1.19193
1.55806
0.00621884
0.00300698
0
0
0
0
0
0
0
0
0
0
0
0
0
0
0
0
0
0
0
0
0
0
0
0
0
0
0
0
0
0
0
0
0
0
0
0
0
0
0
0
0
0
0
0
0
0
0
0
0
0
0
0
2.57989e-05
7.83277e-05
0
2.53548
21.7712
0.0558316
0.483578
2.80697e-05
2.6832e-05
0.00977427
1.26203e-05
0
0
0
0
0
0
0
0
0
0
0
0
0
0
0
0
0
0
0
0
0
0
0
0
0
0
0
0
0
0
0
0
0
0
0
0
0
0
0
0
0
0
0
0
0
0
0
0
0
0
0
0
0
0
1.32188e-05
0
0.00104049
14.5622
0.616532
0.728
3.13282e-06
4.61989e-05
1.12575
0.00504599
0
0
0
0
0
0
0
0
0
0
0
0
0
0
0
0
0
0
0
0
0
0
0
0
0
0
0
0
0
0
0
0
0
0
0
0
0
0
0
0
0
0
0
0
0
0
0
0
0
0
0
0
0
0
0
0
0.00205905
0
0
0.914404
4.89592e-06
4.96969e-05
3.80963e-05
0.01121
0
0
0
0
0
0
0
0
0
0
0
0
0
0
0
0
0
0
0
0
0
0
0
0
0
0
0
0
0
0
0
0
0
0
0
0
0
0
0
0
0
0
0
0
0
0
0
0
0
0
0
0
0
0
0
0
0
0
0
0
1.33771
2.68715e-05
0.40689
0.0280581
0.000394834
0
0
0
0
0
0
0
0
0
0
0
0
0
0
0
0
0
0
0
0
0
0
0
0
0
0
0
0
0
0
0
0
0
0
0
0
0
0
0
0
0
0
0
0
0
0
0
0
0
0
0
0
0
0
0
0
0
2.61313
5.80519
0
0.306864
0.248645
0.00631548
0
0
0
0
0
0
0
0
0
0
0
0
0
0
0
0
0
0
0
0
0
0
0
0
0
0
0
0
0
0
0
0
0
0
0
0
0
0
0
0
0
0
0
0
0
0
0
0
0
0
0
0
0
0
0
0
0
0
0.002242
1.22752
0
0.174951
0.247246
0.50271
0
0
0
0
0
0
0
0
0
0
0
0
0
0
0
0
0
0
0
0
0
0
0
0
0
0
0
0
0
0
0
0
0
0
0
0
0
0
0
0
0
0
0
0
0
0
0
0
0
0
0
0
0
0
0
0
0
0.00144077
0.439391
9.78171
0.00735224
2.25703
0.444916
0.449898
0
0
0
0
0
0
0
0
0
0
0
0
0
0
0
0
0
0
0
0
0
0
0
0
0
0
0
0
0
0
0
0
0
0
0
0
0
0
0
0
0
0
0
0
0
0
0
0
0
0
0
0
0
0
0
0
0
0
1.06589
23.1036
0.0130082
8.87122e-06
0.0121607
0.661528
0
0
0
0
0
0
0
0
0
0
0
0
0
0
0
0
0
0
0
0
0
0
0
0
0
0
0
0
0
0
0
0
0
0
0
0
0
0
0
0
0
0
0
0
0
0
0
0
0
0
0
0
0
0
0
0
0
0
1.36442
0.551852
10.0865
2.77755e-05
3.57314e-05
1.00649
0
0
0
0
0
0
0
0
0
0
0
0
0
0
0
0
0
0
0
0
0
0
0
0
0
0
0
0
0
0
0
0
0
0
0
0
0
0
0
0
0
0
0
0
0
0
0
0
0
0
0
0
0
0
0
0
0
0
3.03793
0
0
0.141086
0
3.95018e-06
0
0
0
0
0
0
0
0
0
0
0
0
0
0
0
0
0
0
0
0
0
0
0
0
0
0
0
0
0
0
0
0
0
0
0
0
0
0
0
0
0
0
0
0
0
0
0
0
0
0
0
0
0
0
0
0
0
0
0
0.208279
0
2.97359e-05
6.34623e-06
6.58813e-06
0
0
0
0
0
0
0
0
0
0
0
0
0
0
0
0
0
0
0
0
0
0
0
0
0
0
0
0
0
0
0
0
0
0
0
0
0
0
0
0
0
0
0
0
0
0
0
0
0
0
0
0
0
0
0
0
0
0
0.00562776
0.717612
0
6.71059e-05
4.95969e-06
8.18726e-06
0
0
0
0
0
0
0
0
0
0
0
0
0
0
0
0
0
0
0
0
0
0
0
0
0
0
0
0
0
0
0
0
0
0
0
0
0
0
0
0
0
0
0
0
0
0
0
0
0
0
0
0
0
0
0
0
0
0
0.184545
0
0
1.9484e-06
2.54942e-05
1.25006e-05
1.11689e-06
0
0
0
0
0
0
0
0
0
0
0
0
0
0
0
0
0
0
0
0
0
0
0
0
0
0
0
0
0
0
0
0
0
0
0
0
0
0
0
0
0
0
0
0
0
0
0
0
0
0
0
0
0
0
0
0
0
0
0
0
0.000101673
7.64838e-05
1.27868e-05
3.02845e-06
0
0
0
0
0
0
0
0
0
0
0
0
0
0
0
0
0
0
0
0
0
0
0
0
0
0
0
0
0
0
0
0
0
0
0
0
0
0
0
0
0
0
0
0
0
0
0
0
0
0
0
0
0
0
0
0
0
0
0
0
2.97159e-06
6.54333e-05
1.32038e-05
4.38412e-06
0
0
0
0
0
0
0
0
0
0
0
0
0
0
0
0
0
0
0
0
0
0
0
0
0
0
0
0
0
0
0
0
0
0
0
0
0
0
0
0
0
0
0
0
0
0
0
0
0
0
0
0
0
0
0
0
0
0
0
0
0.000108762
0
4.88188e-06
4.20141e-06
0
0
0
0
0
0
0
0
0
0
0
0
0
0
0
0
0
0
0
0
0
0
0
0
0
0
0
0
0
0
0
0
0
0
0
0
0
0
0
0
0
0
0
0
0
0
0
0
0
0
0
0
0
0
0
0
0
0
0
0
0.00241747
0.00374584
2.14946e-05
3.85488e-06
0
0
0
0
0
0
0
0
0
0
0
0
0
0
0
0
0
0
0
0
0
0
0
0
0
0
0
0
0
0
0
0
0
0
0
0
0
0
0
0
0
0
0
0
0
0
0
0
0
0
0
0
0
0
0
0
0
0
0
0
5.00328e-05
2.20458e-05
1.32139e-05
2.88042e-06
0
0
0
0
0
0
0
0
0
0
0
0
0
0
0
0
0
0
0
0
0
0
0
0
0
0
0
0
0
0
0
0
0
0
0
0
0
0
0
0
0
0
0
0
0
0
0
0
0
0
0
0
0
0
0
0
0
0
0
0
4.37939e-05
3.44602e-05
1.35242e-05
2.41517e-06
0
0
0
0
0
0
0
0
0
0
0
0
0
0
0
0
0
0
0
0
0
0
0
0
0
0
0
0
0
0
0
0
0
0
0
0
0
0
0
0
0
0
0
0
0
0
0
0
0
0
0
0
0
0
0
0
0
0
0
0
0
5.03856e-05
1.12614e-05
2.5573e-06
0
0
0
0
0
0
0
0
0
0
0
0
0
0
0
0
0
0
0
0
0
0
0
0
0
0
0
0
0
0
0
0
0
0
0
0
0
0
0
0
0
0
0
0
0
0
0
0
0
0
0
0
0
0
0
0
0
0
0
0
0
5.43053e-05
9.40343e-06
1.88718e-06
0
0
0
0
0
0
0
0
0
0
0
0
0
0
0
0
0
0
0
0
0
0
0
0
0
0
0
0
0
0
0
0
0
0
0
0
0
0
0
0
0
0
0
0
0
0
0
0
0
0
0
0
0
0
0
0
0
0
0
0
0
5.82614e-05
1.69973e-05
3.6347e-06
0
0
0
0
0
0
0
0
0
0
0
0
0
0
0
0
0
0
0
0
0
0
0
0
0
0
0
0
0
0
0
0
0
0
0
0
0
0
0
0
0
0
0
0
0
0
0
0
0
0
0
0
0
0
0
0
0
0
0
0
0
0
3.19945e-05
2.69119e-06
0
0
0
0
0
0
0
0
0
0
0
0
0
0
0
0
0
0
0
0
0
0
0
0
0
0
0
0
0
0
0
0
0
0
0
0
0
0
0
0
0
0
0
0
0
0
0
0
0
0
0
0
0
0
0
0
0
0
0
0
0
0
2.52213e-05
0
0
0
0
0
0
0
0
0
0
0
0
0
0
0
0
0
0
0
0
0
0
0
0
0
0
0
0
0
0
0
0
0
0
0
0
0
0
0
0
0
0
0
0
0
0
0
0
0
0
0
0
0
0
0
0
0
0
0
0
0
0
0
0
0
0
0
0
0
0
0
0
0
0
0
0
0
0
0
0
0
0
0
0
0
0
0
0
0
0
0
0
0
0
0
0
0
0
0
0
0
0
0
0
0
0
0
0
0
0
0
0
0
0
0
0
0
0
0
0
0
0
0
0
0
0
0
0
0
0
0
0
0
0
0
0
0
0
0
0
0
0
0
0
0
0
0
0
0
0
0
0
0
0
0
0
0
0
0
0
0
0
0
0
0
0
0
0
0
0
0
0
0
0
0
0
0
0
0
0
0
0
0
0
0
0
0
0
0
0
0
0
0
0
0
0
0
0
0
0
0
0
0
0
0
0
0
0
0
0
0
0
0
0
0
0
0
0
0
0
0
0
0
0
0
0
0
0
0
0
0
0
0
0
0
0
0
0
0
0
0
0
0
0
0
0
0
0
0
0
0
0
0
0
0
0
0
0
0
0
0
0
0
0
0
0
0
0
0
0
0
0
0
0
0
0
0
0
0
0
0
0
0
0
8.62667
8.15071
8.05851
9.41837
9.61556
8.78097
8.60505
8.76225
9.55555
11.2481
12.4487
11.9626
11.6081
9.40602
11.2069
11.1647
12.3708
10.108
10.4787
7.47808
10.2605
8.75244
8.15635
10.6732
12.1761
9.62479
13.3637
15.5152
5.32405
14.6617
1.72499
13.5604
8.04296
26.3067
13.9236
10.1816
13.8391
17.5723
22.167
8.77236
11.7948
11.6729
14.6767
5.90886
10.4119
15.3404
11.6792
12.3308
11.9139
9.6015
9.8427
11.546
11.1622
10.6264
11.2142
9.69173
8.59114
6.59634
7.65575
2.67451
0.899407
0.0741522
0.189144
0.362254
7.92111
7.5669
8.16977
9.41088
9.65004
8.95653
8.60501
8.12479
9.03838
10.6571
12.2883
11.9323
11.6287
10.0847
11.1191
11.066
10.5967
10.6918
9.24892
10.5679
9.83578
15.0966
10.3478
9.13861
18.1667
16.0802
18.1873
0.932174
15.1299
8.82792
7.0896
5.91306
11.3191
5.67826
34.4886
4.46494
7.57818
14.1979
12.6431
0.881535
22.5919
12.5638
14.3181
13.1609
11.8483
9.69512
15.1319
16.6645
11.8951
11.0741
11.5026
12.6832
11.071
10.3074
11.2882
8.89781
5.89906
5.60078
5.64701
3.90465
1.28683
0.356072
0.574727
0.440388
5.38746
1.18977
5.17796
7.05242
6.80529
8.75236
4.70976
7.54646
4.21037
5.72214
11.455
11.6208
11.4701
11.6682
11.1428
10.3454
10.9604
9.43681
9.27806
13.4574
13.3512
16.1718
13.1379
28.4461
10.0483
9.96068
20.6346
15.9404
2.21739
29.7664
3.59706
4.69875
2.84882
14.0485
9.3639
15.7803
16.8254
19.7058
7.52042
22.2058
0.992801
21.1698
14.8008
11.9741
7.90433
7.7517
7.03366
13.8691
10.5331
12.9788
12.2309
12.8955
11.5906
12.1613
11.8184
1.38147
3.18954
1.83537
4.76998
0.45316
0.43915
0.131931
0.502285
0.320197
0.799383
0.0611363
0.405193
1.01503
1.67467
5.42308
0.716853
5.56664
0.0676454
0.611333
4.71684
4.98616
9.91065
6.45197
10.682
6.99965
9.70354
2.94966
7.38062
6.62122
2.24612
5.99332
0.528164
0.987083
15.0834
4.57221
6.01829
3.29738
6.41329
9.32593
11.1848
35.6074
2.76531
10.9058
13.1098
21.5147
12.5486
1.53359
6.74647
0
0.000237997
6.78973
4.04122
3.33029
0.675501
1.16338
2.50003
12.1387
8.62903
12.0052
10.0106
13.1687
12.1292
9.0073
11.3049
3.35074e-06
0.712344
0.237469
1.90356
0.0761868
0.00824498
0.0259024
0.155168
0.0515538
0
0.00295326
0.00703978
0.0399805
0.0334142
0.0110955
0.00569763
0.000495459
9.04924e-05
0.0113343
0.255256
0.345094
0.581471
0.727906
3.00665
3.97737
1.83321
0.0893354
0.00950217
0.708437
0.0148368
0.0213213
0.0160518
0.00572304
0.00127889
0.2902
0.439277
6.237
4.42815
11.3804
24.0815
33.5619
25.2378
11.6759
4.65437
1.37173
0.00332933
0
0
0.230935
0.00264499
0.0204051
0.0219235
0.00138238
0.000464416
0.000203306
0.844185
0.70909
0.980061
7.73555
6.25459
7.69388
9.26402
3.56054
0.516254
0
0
0
0
0
0
7.81028e-06
0.000283451
2.29127e-06
0
7.34415e-06
1.69966e-05
3.92313e-05
1.91184e-06
0
1.37246e-06
0
0
0
1.12821e-05
5.07891e-06
3.25341e-06
2.32678e-06
3.31222e-05
0.00246369
0.00341111
0.0126324
0.0027606
0.000397974
0
0.000422002
1.16722e-05
4.7482e-05
0.00237165
0.162634
0.0173309
3.04807
0.122307
0.630476
0.0907767
3.31977
2.50452
15.1368
4.47185
0.00112838
0
0
0.539095
0
0
0
0
0
0
0
0.0468582
0.0112276
0.0927351
0.394464
1.61314
2.93464
1.30943
0.608585
0.00960057
0
0
0
0
0
0
0
0
0
0
0
0
0
0
0
0
0
0
0
0
0
0
0
0
0
0
0
0
0
0
0
0
0
8.30326e-05
0.00116773
0.107197
1.8099
0.123706
0.090967
4.55303
14.9526
1.38016
5.97613
9.73567
0.42928
0.00738968
0
2.40236e-06
0
0
0
0
0
0
0
0
0.000112521
0.00655411
0.0448505
0.591014
0.742562
0.0730843
0.0218103
0
0
0
0
0
0
0
0
0
0
0
0
0
0
0
0
0
0
0
0
0
0
0
0
0
0
0
0
0
0
0
0
0
0
4.22418e-05
7.1033e-06
0.222511
0.111795
3.14048
1.03164
8.29418
1.4977
0.215164
0.00435406
1.72738
0.000248991
0
0
0
0
0
0
0
0
0
0
0
0
5.81209e-05
0.0351483
0.105235
0.00138073
8.01725e-05
0
0
0
0
0
0
0
0
0
0
0
0
0
0
0
0
0
0
0
0
0
0
0
0
0
0
0
0
0
0
0
0
0
0
0
0
0.000121511
0.0329457
0.405821
0.492375
0.621868
12.1408
0.132669
24.4902
0.454878
0.0198427
0.00414624
5.14053e-05
0
0
0
0
0
0
0
0
1.64417e-06
2.42832e-06
5.58482e-06
0.00644843
0.0319807
0.000140907
0
0
0
0
0
0
0
0
0
0
0
0
0
0
0
0
0
0
0
0
0
0
0
0
0
0
0
0
0
0
0
0
0
0
0
0
0
0
0.000276818
0.100587
0.51362
3.5473
0.660816
11.121
4.45182
14.7736
0.569804
4.95878
0.219034
2.33621
0
0
0
0
0
0
0
9.88913e-06
3.16376e-05
7.25787e-06
0.000169907
0.00261647
0.0140986
7.75414e-06
4.2622e-06
0
0
0
0
0
0
0
0
0
0
0
0
0
0
0
0
0
0
0
0
0
0
0
0
0
0
0
0
0
0
0
0
0
0
0
0
0
0.00104368
0.0210398
0.000970406
0.262291
2.25392
1.20679
22.7829
1.49959
0.935951
0.252249
2.34144
0.000608178
0
0
0
0
0
0
0
5.78428e-06
0.000367136
0.000183352
0.00190362
0.0124286
0.00202198
4.7739e-05
0.000220753
0
0
0
0
0
0
0
0
0
0
0
0
0
0
2.59928e-06
4.66211e-06
1.87575e-06
1.88451e-06
0
0
0
0
0
0
0
0
0
0
0
0
0
0
0
0
0
0
0
0
0
0.000304175
5.22948
1.86985
0.208138
18.3568
3.90665
18.6922
0.317503
11.8695
1.67297e-05
0
0
0
0
0
0
0
1.55781e-05
0.00024543
0.00172347
0.00612779
0.00627609
1.97224e-05
1.14183e-05
0.00023489
0
0
0
0
0
0
0
0
0
0
0
0
0
1.21699e-06
6.85996e-06
1.48391e-05
7.58299e-06
5.87672e-06
1.84891e-06
0
0
0
0
0
0
0
0
0
0
0
0
0
0
0
0
0
0
0
1.36384e-06
0.305704
2.87012
5.0529
0.0298751
3.98435
1.23595
9.56411
0.740298
2.93651e-05
0
0
0
0
0
0
0
0
1.99644e-06
0.000187572
0.00130479
0.00305822
0.000750433
0
0
0
0
0
0
0
0
0
0
0
0
0
0
0
0
1.67539e-06
1.02203e-05
2.61827e-05
2.23867e-05
1.23311e-05
3.4701e-06
1.08977e-06
0
0
0
0
0
0
0
0
0
0
0
0
0
0
0
0
0
0
0.00767116
1.71699
0.000243322
1.0589
0.00961136
14.7371
0.750302
0.245383
4.29434
0.00410645
0
0
0
0
0
0
0
0
0
4.50023e-05
0.00101412
0.000856414
0
0
0
0
0
0
0
0
0
0
0
0
0
0
0
0
0
0
1.00652e-05
4.16292e-05
4.5721e-05
2.18812e-05
4.61492e-06
1.54867e-06
0
0
0
0
0
0
0
0
0
0
0
0
0
0
0
0
0
0
0.00405026
0.689981
5.73614
0.114048
0.00362142
0.00202916
0.234558
0.0649526
0.648487
0.606896
0
0
0
0
0
0
0
0
0
6.52729e-06
5.63093e-05
0.000199742
0
0
0
0
0
0
0
0
0
0
0
0
0
0
0
0
0
0
4.0457e-06
2.78106e-05
3.62568e-05
1.79492e-05
3.15907e-06
1.04646e-06
0
0
0
0
0
0
0
0
0
0
0
0
0
0
0
0
0
0
0.012437
0.000490053
0.124503
6.27691e-05
0.0989895
0.066598
0.595565
0.0697255
0.000105311
0
0
0
0
0
0
0
0
0
0
0
0
3.2809e-05
0
0
0
0
0
0
0
0
0
0
0
0
0
0
0
0
0
0
0
5.88756e-06
1.17988e-05
5.19324e-06
1.48949e-06
0
0
0
0
0
0
0
0
0
0
0
0
0
0
0
0
0
0
0
0.00343288
1.32392
2.97673
0.00253693
3.44608
1.17833
0.0109846
0.384682
0.0205862
0
0
0
0
0
0
0
0
0
0
0
0
0
0
0
0
0
0
0
0
0
0
0
0
0
0
0
0
0
0
0
0
0
1.96094e-06
1.1264e-06
0
0
0
0
0
0
0
0
0
0
0
0
0
0
0
0
0
0
0
0
3.27886e-06
1.47672
2.60304
7.71599
9.52825
5.68413e-05
0.026756
1.16828
0.0439386
0.0160756
0
0
0
0
0
0
0
0
0
0
0
0
0
0
0
0
0
0
0
0
0
0
0
0
0
0
0
0
0
0
0
0
0
0
0
0
0
0
0
0
0
0
0
0
0
0
0
0
0
0
0
0
0
0
0
0.0215686
0.677649
0.766194
0.79726
2.21862e-05
0.0663399
0.484648
0.0439906
7.16375e-05
1.81466e-06
0
0
0
0
0
0
0
0
0
0
0
0
0
0
0
0
0
0
0
0
0
0
0
0
0
0
0
0
0
0
0
0
0
0
0
0
0
0
0
0
0
0
0
0
0
0
0
0
0
0
0
0
0
0
0.0229693
0.401132
2.97624
0
0
0.270933
0.136497
1.35922e-05
0.0401365
0
2.41832e-06
0
0
0
0
0
0
0
0
0
0
0
0
0
0
0
0
0
0
0
0
0
0
0
0
0
0
0
0
0
0
0
0
0
0
0
0
0
0
0
0
0
0
0
0
0
0
0
0
0
0
0
0
0
0.0840671
0.901623
4.92427
0
0
0.00127376
0.21362
0.125134
6.02793e-05
0
3.49291e-06
1.18465e-06
0
0
0
0
0
0
0
0
0
0
0
0
0
0
0
0
0
0
0
0
0
0
0
0
0
0
0
0
0
0
0
0
0
0
0
0
0
0
0
0
0
0
0
0
0
0
0
0
0
0
0
1.16931e-05
0.0102838
0.0148721
2.80722e-05
0
0
1.14665e-05
0.00430032
0.0319007
5.03687e-06
2.75917e-06
3.12784e-06
1.29204e-06
0
0
0
0
0
0
0
0
0
0
0
0
0
0
0
0
0
0
0
0
0
0
0
0
0
0
0
0
0
0
0
0
0
0
0
0
0
0
0
0
0
0
0
0
0
0
0
0
0
0
0
6.14646e-05
0.000632068
2.42789e-05
2.7708e-05
0.000166743
0
0
0.00170627
0.104928
5.1655e-06
4.04805e-06
0
0
0
0
0
0
0
0
0
0
0
0
0
0
0
0
0
0
0
0
0
0
0
0
0
0
0
0
0
0
0
0
0
0
0
0
0
0
0
0
0
0
0
0
0
0
0
0
0
0
0
0
0
6.37101e-05
0
0.00024241
0.00144013
0.00773856
2.08e-05
0.00172835
0.0133357
0.0225118
0.0314678
9.16956e-06
1.40588e-05
0
0
0
0
0
0
0
0
0
0
0
0
0
0
0
0
0
0
0
0
0
0
0
0
0
0
0
0
0
0
0
0
0
0
0
0
0
0
0
0
0
0
0
0
0
0
0
0
0
0
0
0
1.25756e-06
0.201635
0.00906741
29.6404
0.11323
9.86798
1.12164
0.528512
0.277145
0.307689
3.78369e-05
0.000381426
0
0
0
0
0
0
0
0
0
0
0
0
0
0
0
0
0
0
0
0
0
0
0
0
0
0
0
0
0
0
0
0
0
0
0
0
0
0
0
0
0
0
0
0
0
0
0
0
0
0
0
3.65187e-06
0.00374462
2.3402
1.48583
22.1272
25.0141
7.93376
2.54282
0.0591874
0.000187543
0.150195
0.0100772
0
0
0
0
0
0
0
0
0
0
0
0
0
0
0
0
0
0
0
0
0
0
0
0
0
0
0
0
0
0
0
0
0
0
0
0
0
0
0
0
0
0
0
0
0
0
0
0
0
0
0
0
2.10383e-05
1.62578
5.47313
1.00821
0.523314
7.78775
0.0198093
0.0013613
0.15628
0.532031
0.582756
0.204577
0
0
0
0
0
0
0
0
0
0
0
0
0
0
0
0
0
0
0
0
0
0
0
0
0
0
0
0
0
0
0
0
0
0
0
0
0
0
0
0
0
0
0
0
0
0
0
0
0
0
0
0
0.000107316
0.603193
0.068118
0.564257
2.82981
0.166724
1.68274
3.01433e-06
0.0440604
0.0138138
0.00420491
0.000276017
0.00114823
0
0
0
0
0
0
0
0
0
0
0
0
0
0
0
0
0
0
0
0
0
0
0
0
0
0
0
0
0
0
0
0
0
0
0
0
0
0
0
0
0
0
0
0
0
0
0
0
0
0
0
0.000220208
0.0580113
0.115402
1.24639
0.0464121
0.613139
0.00510079
0
1.3763e-05
0.0118394
3.09262e-05
0
0
0
0
0
0
0
0
0
0
0
0
0
0
0
0
0
0
0
0
0
0
0
0
0
0
0
0
0
0
0
0
0
0
0
0
0
0
0
0
0
0
0
0
0
0
0
0
0
0
0
0
0
0.000106732
7.08848e-05
0.0667944
7.32774
0.237638
0.0139565
0
1.9425e-05
4.29853e-06
0.385517
3.81805e-06
0
0
0
0
0
0
0
0
0
0
0
0
0
0
0
0
0
0
0
0
0
0
0
0
0
0
0
0
0
0
0
0
0
0
0
0
0
0
0
0
0
0
0
0
0
0
0
0
0
0
0
0
0
1.67263e-05
0.000318943
5.6375
3.00539
0.375158
0
9.16881e-05
6.66874e-05
0.489996
1.5124
4.70128e-05
0
0
0
0
0
0
0
0
0
0
0
0
0
0
0
0
0
0
0
0
0
0
0
0
0
0
0
0
0
0
0
0
0
0
0
0
0
0
0
0
0
0
0
0
0
0
0
0
0
0
0
0
0
5.111e-06
0.000743325
2.36748
20.9666
0
0
0.441456
2.33429e-05
0.549284
1.17877
0.0191965
0
0
0
0
0
0
0
0
0
0
0
0
0
0
0
0
0
0
0
0
0
0
0
0
0
0
0
0
0
0
0
0
0
0
0
0
0
0
0
0
0
0
0
0
0
0
0
0
0
0
0
0
0
1.71232e-05
0.000790291
0.172102
0.0297375
0
23.3449
25.9272
4.25988e-05
0.510849
0.324178
0.219634
0.000203216
1.93359e-06
0
0
0
0
0
0
0
0
0
0
0
0
0
0
0
0
0
0
0
0
0
0
0
0
0
0
0
0
0
0
0
0
0
0
0
0
0
0
0
0
0
0
0
0
0
0
0
0
0
0
0
1.46309e-05
9.31768e-05
0.000513151
0
0.00082342
8.95258
7.90359
0.000195583
0.0323085
0.00012957
0
0
5.62804e-05
0
0
0
0
0
0
0
0
0
0
0
0
0
0
0
0
0
0
0
0
0
0
0
0
0
0
0
0
0
0
0
0
0
0
0
0
0
0
0
0
0
0
0
0
0
0
0
0
0
0
0
3.7257e-06
3.44974e-05
0
7.12338e-06
23.6657
2.04099
6.26526
6.91752
0.0684895
0.0191503
0
0
0
0
0
0
0
0
0
0
0
0
0
0
0
0
0
0
0
0
0
0
0
0
0
0
0
0
0
0
0
0
0
0
0
0
0
0
0
0
0
0
0
0
0
0
0
0
0
0
0
0
0
0
0
4.26365e-06
2.09491e-06
0
0.470583
22.6359
0.0354425
8.04202e-06
1.82923
0.170185
0.0636891
0
0
0
0
0
0
0
0
0
0
0
0
0
0
0
0
0
0
0
0
0
0
0
0
0
0
0
0
0
0
0
0
0
0
0
0
0
0
0
0
0
0
0
0
0
0
0
0
0
0
0
0
0
0
0
0.00251179
0
2.70341
0.345482
0
1.18716e-06
0.0556953
0.225972
0.946617
0
0
0
0
0
0
0
0
0
0
0
0
0
0
0
0
0
0
0
0
0
0
0
0
0
0
0
0
0
0
0
0
0
0
0
0
0
0
0
0
0
0
0
0
0
0
0
0
0
0
0
0
0
0
0
0.000358145
0.00011944
0.00164686
0
0
3.34897e-05
4.28609e-05
0.0201431
0.000439203
0
0
0
0
0
0
0
0
0
0
0
0
0
0
0
0
0
0
0
0
0
0
0
0
0
0
0
0
0
0
0
0
0
0
0
0
0
0
0
0
0
0
0
0
0
0
0
0
0
0
0
0
0
0
0
0
0
0
0
0
0
3.37588e-05
0.00844816
0.0530843
1.32041e-05
0
0
0
0
0
0
0
0
0
0
0
0
0
0
0
0
0
0
0
0
0
0
0
0
0
0
0
0
0
0
0
0
0
0
0
0
0
0
0
0
0
0
0
0
0
0
0
0
0
0
0
0
0
0
0
0
0
0.116895
0.0315128
0
3.52779e-06
0.000581998
0.0139374
0.00105646
0
0
0
0
0
0
0
0
0
0
0
0
0
0
0
0
0
0
0
0
0
0
0
0
0
0
0
0
0
0
0
0
0
0
0
0
0
0
0
0
0
0
0
0
0
0
0
0
0
0
0
0
0
0
0
0
0
0.27957
0
0
1.24926e-05
3.08447e-05
0.00226341
0
0
0
0
0
0
0
0
0
0
0
0
0
0
0
0
0
0
0
0
0
0
0
0
0
0
0
0
0
0
0
0
0
0
0
0
0
0
0
0
0
0
0
0
0
0
0
0
0
0
0
0
0
0
0
0
0
0
0.722007
0
0.000460125
0.000440254
0.0415962
0.236409
0
0
0
0
0
0
0
0
0
0
0
0
0
0
0
0
0
0
0
0
0
0
0
0
0
0
0
0
0
0
0
0
0
0
0
0
0
0
0
0
0
0
0
0
0
0
0
0
0
0
0
0
0
0
0
0
0
0.65271
0
0
0
0.29276
1.99535e-05
4.50635e-06
0
0
0
0
0
0
0
0
0
0
0
0
0
0
0
0
0
0
0
0
0
0
0
0
0
0
0
0
0
0
0
0
0
0
0
0
0
0
0
0
0
0
0
0
0
0
0
0
0
0
0
0
0
0
0
0
0
0
0
0
5.09849e-05
0.780001
2.41143e-05
1.1439e-05
0
0
0
0
0
0
0
0
0
0
0
0
0
0
0
0
0
0
0
0
0
0
0
0
0
0
0
0
0
0
0
0
0
0
0
0
0
0
0
0
0
0
0
0
0
0
0
0
0
0
0
0
0
0
0
0
0
0
0
0
3.50211e-05
4.77565e-05
5.11455e-05
2.08465e-05
0
0
0
0
0
0
0
0
0
0
0
0
0
0
0
0
0
0
0
0
0
0
0
0
0
0
0
0
0
0
0
0
0
0
0
0
0
0
0
0
0
0
0
0
0
0
0
0
0
0
0
0
0
0
0
0
0
0
0
0
1.73716e-05
1.14569e-05
6.30059e-05
2.21879e-05
2.0916e-06
0
0
0
0
0
0
0
0
0
0
0
0
0
0
0
0
0
0
0
0
0
0
0
0
0
0
0
0
0
0
0
0
0
0
0
0
0
0
0
0
0
0
0
0
0
0
0
0
0
0
0
0
0
0
0
0
0
0
0
1.9441e-05
3.3507e-05
5.73035e-05
1.44267e-05
1.00868e-05
0
0
0
0
0
0
0
0
0
0
0
0
0
0
0
0
0
0
0
0
0
0
0
0
0
0
0
0
0
0
0
0
0
0
0
0
0
0
0
0
0
0
0
0
0
0
0
0
0
0
0
0
0
0
0
0
0
0
0
0
0
4.67086e-05
1.95095e-05
1.26379e-05
0
0
0
0
0
0
0
0
0
0
0
0
0
0
0
0
0
0
0
0
0
0
0
0
0
0
0
0
0
0
0
0
0
0
0
0
0
0
0
0
0
0
0
0
0
0
0
0
0
0
0
0
0
0
0
0
0
0
0.190203
0
0
4.61081e-05
1.00067e-05
9.34183e-06
0
0
0
0
0
0
0
0
0
0
0
0
0
0
0
0
0
0
0
0
0
0
0
0
0
0
0
0
0
0
0
0
0
0
0
0
0
0
0
0
0
0
0
0
0
0
0
0
0
0
0
0
0
0
0
0
0
0
0
0
0
3.39574e-05
4.2261e-06
6.22079e-06
1.20402e-06
0
0
0
0
0
0
0
0
0
0
0
0
0
0
0
0
0
0
0
0
0
0
0
0
0
0
0
0
0
0
0
0
0
0
0
0
0
0
0
0
0
0
0
0
0
0
0
0
0
0
0
0
0
0
0
0
0
0
0
0
4.81606e-05
4.45044e-06
3.815e-06
1.67947e-06
0
0
0
0
0
0
0
0
0
0
0
0
0
0
0
0
0
0
0
0
0
0
0
0
0
0
0
0
0
0
0
0
0
0
0
0
0
0
0
0
0
0
0
0
0
0
0
0
0
0
0
0
0
0
0
0
0
0
0
0
4.68607e-06
1.8117e-06
2.24157e-06
1.3391e-06
0
0
0
0
0
0
0
0
0
0
0
0
0
0
0
0
0
0
0
0
0
0
0
0
0
0
0
0
0
0
0
0
0
0
0
0
0
0
0
0
0
0
0
0
0
0
0
0
0
0
0
0
0
0
0
0
0
0
0
0
6.5744e-05
1.96589e-06
0
1.51928e-06
0
0
0
0
0
0
0
0
0
0
0
0
0
0
0
0
0
0
0
0
0
0
0
0
0
0
0
0
0
0
0
0
0
0
0
0
0
0
0
0
0
0
0
0
0
0
0
0
0
0
0
0
0
0
0
0
0
0
0
0
8.33879e-05
2.73124e-06
0
0
0
0
0
0
0
0
0
0
0
0
0
0
0
0
0
0
0
0
0
0
0
0
0
0
0
0
0
0
0
0
0
0
0
0
0
0
0
0
0
0
0
0
0
0
0
0
0
0
0
0
0
0
0
0
0
0
0
0
0
0
7.58296e-05
3.8592e-06
0
0
0
0
0
0
0
0
0
0
0
0
0
0
0
0
0
0
0
0
0
0
0
0
0
0
0
0
0
0
0
0
0
0
0
0
0
0
0
0
0
0
0
0
0
0
0
0
0
0
0
0
0
0
0
0
0
0
0
0
0
0
8.35598e-05
2.3763e-06
0
0
0
0
0
0
0
0
0
0
0
0
0
0
0
0
0
0
0
0
0
0
0
0
0
0
0
0
0
0
0
0
0
0
0
0
0
0
0
0
0
0
0
0
0
0
0
0
0
0
0
0
0
0
0
0
0
0
0
0
0
0
5.49085e-05
1.99851e-06
0
0
0
0
0
0
0
0
0
0
0
0
0
0
0
0
0
0
0
0
0
0
0
0
0
0
0
0
0
0
0
0
0
0
0
0
0
0
0
0
0
0
0
0
0
0
0
0
0
0
0
0
0
0
0
0
0
0
0
0
0
0
4.48494e-05
3.05221e-06
0
0
0
0
0
0
0
0
0
0
0
0
0
0
0
0
0
0
0
0
0
0
0
0
0
0
0
0
0
0
0
0
0
0
0
0
0
0
0
0
0
0
0
0
0
0
0
0
0
0
0
0
0
0
0
0
0
0
0
0
0
0
4.56784e-05
2.98582e-06
0
0
0
0
0
0
0
0
0
0
0
0
0
0
0
0
0
0
0
0
0
0
0
0
0
0
0
0
0
0
0
0
0
0
0
0
0
0
0
0
0
0
0
0
0
0
0
0
0
0
0
0
0
0
0
0
0
0
0
0
0
0
4.51977e-06
0
0
0
0
0
0
0
0
0
0
0
0
0
0
0
0
0
0
0
0
0
0
0
0
0
0
0
0
0
0
0
0
0
0
0
0
0
0
0
0
0
0
0
0
0
0
0
0
0
0
0
0
0
0
0
0
0
0
0
0
0
0
0
0
0
0
0
0
0
0
0
0
0
0
0
0
0
0
0
0
0
0
0
0
0
0
0
0
0
0
0
0
0
0
0
0
0
0
0
0
0
0
0
0
0
0
0
0
0
0
0
0
0
0
0
0
0
0
0
0
0
0
0
0
0
0
0
0
0
0
0
0
0
0
0
0
0
0
0
0
0
0
0
0
0
0
0
0
0
0
0
0
0
0
0
0
0
0
0
0
0
0
0
0
0
0
0
0
0
0
0
0
0
0
0
0
0
0
0
0
0
0
0
0
0
0
0
0
0
0
0
0
0
0
0
0
0
0
0
0
0
0
0
0
0
0
0
0
0
0
0
0
0
0
0
0
0
0
0
0
0
0
0
0
0
0
0
0
0
0
0
0
0
0
0
0
0
0
0
0
0
0
0
0
0
0
0
0
0
0
0
0
0
0
0
0
0
0
0
0
0
0
0
0
0
0
0
0
0
0
0
0
0
0
0
0
0
0
0
0
0
0
0
0
0
8.75407
8.52807
7.84767
8.60835
8.55943
8.44242
8.47605
8.78725
9.16337
10.6102
12.1376
11.386
11.5495
8.653
10.5898
11.0111
12.3252
9.67397
9.9759
5.52322
14.4386
12.4604
13.247
10.2023
11.7706
9.34632
8.62277
10.7372
9.12844
13.6789
14.2077
17.8548
7.08779
13.7964
13.7757
26.0374
14.6112
9.70565
11.2638
14.2373
22.4453
14.5814
11.9512
10.1608
14.366
9.38801
11.5749
12.967
11.6876
10.913
11.2764
10.6813
11.3516
10.9018
9.85476
9.26201
8.2172
6.1599
2.81153
0.838458
0.260222
0.0215882
0.0357407
0.108949
7.99304
7.44
7.85108
8.5536
8.60627
8.4051
8.45387
7.64677
8.49798
10.3296
11.9526
11.571
11.1565
9.50276
10.4173
11.279
10.9843
12.1847
12.0854
11.7707
10.0327
15.9616
11.4667
8.2489
8.02072
5.28704
13.1273
10.6916
0.0214739
12.1512
10.0681
2.47305
16.4267
4.50778
28.3608
3.16289
36.383
14.5465
8.14188
12.2967
14.5092
14.4997
21.8079
11.1019
13.122
13.4883
16.6898
15.5476
12.1528
10.6536
11.9308
11.4776
11.4472
10.8414
9.12951
8.02858
5.93195
4.99914
2.6337
1.9686
0.426111
0.0924081
0.106183
0.187149
5.72353
1.00839
3.00558
6.1677
3.8661
8.19941
2.34518
6.56534
7.47912
5.5294
9.97367
11.5165
10.9752
10.513
10.917
10.8682
10.7196
10.7833
8.01271
12.235
12.8935
18.0761
20.6831
8.5168
16.8167
1.70148
10.3442
4.1134
14.3087
0.921035
11.503
15.2871
22.0385
13.8332
16.8006
12.8545
9.31879
19.8553
15.8298
10.8548
14.5584
13.9931
6.01341
13.2533
11.3248
12.8912
18.1483
13.9946
12.01
12.4063
13.3658
11.2815
11.4782
11.0383
0.656499
5.73145
2.23743
1.56277
2.47471
0.205571
0.246963
0.129055
0.0633486
0.210957
1.51059
0.145066
0.0473491
0.701593
0.46915
4.89271
0.209126
5.54047
5.90125
0.911752
2.28157
7.18946
7.24318
8.27269
9.74366
10.8771
7.536
7.11245
5.05939
9.83673
8.22881
13.5426
7.38759
5.79188
3.75864
6.2638
3.95601
11.5995
20.9365
7.09369
27.9591
5.23567
3.01564
9.34858
16.972
10.9825
4.9345
10.78
36.5174
0.400246
0.292746
0.99065
6.86565
6.99532
3.44966
1.91884
16.7702
16.8529
7.29932
12.3128
12.5099
12.3902
12.5405
5.85575
7.54905e-05
0.912274
0.2662
0.10784
0.950054
0.0240487
0.00355322
0.0395709
0.0202487
0.104996
0
0.00127505
0.00239377
0.0144968
0.00851685
0.00191246
0.000689138
0.000109677
4.14456e-05
0.00141478
0.0840759
0.414525
0.249907
0.139494
0.893115
2.36928
3.90642
1.6114
0.0128889
0.00475476
0.0166584
0.0166207
0.032047
0.108865
0.187848
0.72355
0.812911
21.5894
2.8832
1.5174
3.77532
30.7628
8.28309
3.13315
17.2645
0.281826
2.19366
0.00952517
8.00922e-05
0.23315
0.0207245
0
0.0325281
0.0175815
0.203022
0.0159421
4.28396
1.83022
2.11524
8.64834
4.05427
5.64477
2.90198
0.152325
0
1.50367e-06
0
0
0
0
0
0
0.000371588
0
0
4.55797e-06
5.36754e-06
1.82407e-06
0
0
0
0
0
0
3.16915e-06
2.24659e-05
3.33572e-06
2.66149e-06
3.7398e-06
5.35414e-06
0
0
0.00940322
0.000377859
0
2.44829e-05
3.0937e-05
4.74485e-05
0.026544
0.0234889
0.111962
1.79481
0.350655
0.0834608
2.18078
1.3844
1.65743
1.73357
0.333321
0.00152722
0.281322
0.28264
0.074477
0.402594
0
0
0
0
0
9.14875e-05
0.0768396
0.231563
0.991671
2.79582
1.91159
1.66929
0.00138558
0
0
0
0
0
0
0
0
0
0
0
0
0
0
0
0
0
0
0
0
0
0
0
0
0
0
0
0
0
0
0
0
0
0
0
0
0.00772443
0.0529256
0.23062
0.119521
1.77032
0.00893247
0.00618153
0.528352
0.425323
0.192638
0.055204
0.088227
0
0
0
0
0
0
0
0
0
0
0.00189876
0.0467445
0.646438
0.453206
0.321735
1.60428e-06
0
0
0
0
0
0
0
0
0
0
0
0
0
0
0
0
0
0
0
0
0
0
0
0
0
0
0
0
0
0
0
0
0
0
0
0
0
0.00346561
0.0283264
0.140327
6.73959
0.0129409
1.50604
0.86305
6.75561
0.157557
3.24793
0.00257569
0
0
0
0
0
0
0
0
0
0
0
0.0126481
0.0671385
0.00216778
0
0
0
0
0
0
0
0
0
0
0
0
0
0
0
0
0
0
0
0
0
0
0
0
0
0
0
0
0
0
0
0
0
0
0
0
0
0
0
0.0200311
0.0616549
0.00735352
2.10179
1.50571
5.34081
0.222572
0.996456
3.94513
2.71909
0.0107849
0
0
0
0
0
0
0
0
5.70237e-06
1.24485e-06
0.000624061
0.0235669
0.0207049
0
0
0
0
0
0
0
0
0
0
0
0
0
0
0
0
0
0
0
0
0
0
0
0
0
0
0
0
0
0
0
0
0
0
0
0
0
0
0
0
0.0042469
0.000565884
0.00655728
1.05868
3.64314
3.41268
0.711464
0.0466408
9.9397
0.886424
0
0
0
0
0
0
0
0
2.28672e-05
2.94956e-05
0.000285271
0.00446837
0.0197361
3.75914e-06
0
0
0
0
0
0
0
0
0
0
0
0
0
0
0
0
0
0
0
0
0
0
0
0
0
0
0
0
0
0
0
0
0
0
0
0
0
0
0
3.004e-06
0.022869
0.0063862
0.0674041
0.0075837
0.0673893
4.33559
0.932133
0.293763
0.0405212
0.153217
0.0190226
0
0
0
0
0
0
0
4.22001e-05
0.000261326
0.000720289
0.00828375
0.0067689
0
0
7.14585e-06
0
0
0
0
0
0
0
0
0
0
0
0
0
0
1.38479e-06
2.74221e-06
1.06409e-06
1.31943e-06
0
0
0
0
0
0
0
0
0
0
0
0
0
0
0
0
0
0
0
3.57933e-06
0
2.33843e-05
0.391541
0.00310326
1.70697
0.2002
7.11431
1.46184
0.00584991
0.00329418
6.4069e-06
0
0
0
0
0
0
0
0.000121128
0.000827676
0.00302834
0.00388151
2.68136e-05
0
0
0
0
0
0
0
0
0
0
0
0
0
0
0
0
0
4.0292e-06
8.55722e-06
4.2647e-06
3.78105e-06
0
0
0
0
0
0
0
0
0
0
0
0
0
0
0
0
0
0
0
0
0
0.0140621
0.295887
1.81463
0.0035399
0.183449
0.36084
7.05579
0.0147481
0.0014304
0
0
0
0
0
0
0
0
4.93515e-06
0.000320507
0.000937345
4.09626e-05
0
0
0
0
0
0
0
0
0
0
0
0
0
0
0
0
0
1.13788e-06
6.16008e-06
1.526e-05
1.27971e-05
6.53419e-06
1.01449e-06
0
0
0
0
0
0
0
0
0
0
0
0
0
0
0
0
0
0
0
1.46892e-06
0.0525538
0.00137989
2.40009
0.000456453
0.0221569
0.0249863
0.0392205
0.0171987
1.72171e-05
0
0
0
0
0
0
0
0
0
1.23881e-06
8.03847e-05
3.0256e-06
0
0
0
0
0
0
0
0
0
0
0
0
0
0
0
0
0
0
4.85356e-06
2.42063e-05
2.5427e-05
9.20967e-06
1.08518e-06
0
0
0
0
0
0
0
0
0
0
0
0
0
0
0
0
0
0
0
7.10685e-06
0.0180338
0.000191556
0.0616789
0.0142684
0.00876966
0.000208605
0.0105361
0.00167844
2.05931e-05
0
0
0
0
0
0
0
0
0
0
0
0
0
0
0
0
0
0
0
0
0
0
0
0
0
0
0
0
0
0
1.86555e-06
1.4021e-05
1.58813e-05
5.5825e-06
0
0
0
0
0
0
0
0
0
0
0
0
0
0
0
0
0
0
0
0
8.91931e-06
0.00937703
0.406162
0.0134709
0.0309294
0.000846979
0.000206626
0.0624047
0.00161046
2.01382e-05
0
0
0
0
0
0
0
0
0
0
0
0
0
0
0
0
0
0
0
0
0
0
0
0
0
0
0
0
0
0
0
2.26977e-06
4.33358e-06
1.37746e-06
0
0
0
0
0
0
0
0
0
0
0
0
0
0
0
0
0
0
0
0
1.05514e-05
0.000349979
0.0024429
0.100065
3.55657e-05
0.00687579
0.00619525
0.014541
0.00131174
4.42311e-06
0
0
0
0
0
0
0
0
0
0
0
0
0
0
0
0
0
0
0
0
0
0
0
0
0
0
0
0
0
0
0
0
0
0
0
0
0
0
0
0
0
0
0
0
0
0
0
0
0
0
0
0
0
0
0
0.000655508
0.00062635
0.00974139
0.12778
3.86596
0.108577
0.0151208
0.00605811
8.87576e-06
0
0
0
0
0
0
0
0
0
0
0
0
0
0
0
0
0
0
0
0
0
0
0
0
0
0
0
0
0
0
0
0
0
0
0
0
0
0
0
0
0
0
0
0
0
0
0
0
0
0
0
0
0
0
0
0.000793055
0.200667
1.95039e-05
15.578
0.411841
0.0513521
0.0581999
0.00987077
9.98757e-05
0
0
0
0
0
0
0
0
0
0
0
0
0
0
0
0
0
0
0
0
0
0
0
0
0
0
0
0
0
0
0
0
0
0
0
0
0
0
0
0
0
0
0
0
0
0
0
0
0
0
0
0
0
0
0
0.0003662
0.0833034
0.0201013
0.00932516
0.00243272
0.00450779
0
0.0131216
8.32744e-06
9.22997e-06
0
0
0
0
0
0
0
0
0
0
0
0
0
0
0
0
0
0
0
0
0
0
0
0
0
0
0
0
0
0
0
0
0
0
0
0
0
0
0
0
0
0
0
0
0
0
0
0
0
0
0
0
0
0
0.000234535
0.0450249
0.00603666
0.0065634
0.0037827
0.000271299
0
0.0504784
0.000483069
1.02384e-05
9.48986e-06
5.95573e-06
2.04845e-06
0
0
0
0
0
0
0
0
0
0
0
0
0
0
0
0
0
0
0
0
0
0
0
0
0
0
0
0
0
0
0
0
0
0
0
0
0
0
0
0
0
0
0
0
0
0
0
0
0
0
0
0.000439656
0.000901332
0.000475295
0
0
0.0111129
0.0146313
0.00306129
0.00135914
9.82425e-06
1.22181e-05
5.17543e-06
2.01224e-06
0
0
0
0
0
0
0
0
0
0
0
0
0
0
0
0
0
0
0
0
0
0
0
0
0
0
0
0
0
0
0
0
0
0
0
0
0
0
0
0
0
0
0
0
0
0
0
0
0
0
0
0.00380421
1.79721e-05
0
0
0
1.59496e-06
0.0090828
0.0363432
0.000594842
4.65143e-06
1.94314e-06
3.47193e-06
2.02526e-06
1.41854e-06
0
0
0
0
0
0
0
0
0
0
0
0
0
0
0
0
0
0
0
0
0
0
0
0
0
0
0
0
0
0
0
0
0
0
0
0
0
0
0
0
0
0
0
0
0
0
0
0
0
0
3.59949e-05
0.000607497
0.00318702
0.00257655
0.0119068
2.82182e-05
0.0216491
0.0255094
0.0189287
0.0342547
0
1.00476e-06
1.72161e-06
1.40639e-06
0
0
0
0
0
0
0
0
0
0
0
0
0
0
0
0
0
0
0
0
0
0
0
0
0
0
0
0
0
0
0
0
0
0
0
0
0
0
0
0
0
0
0
0
0
0
0
0
0
2.19836e-06
1.11796e-06
0.0217708
0.130923
0.0225881
0.0189634
0.000296329
0.280837
0.0835297
0.000205058
0.0178061
0
1.60767e-06
1.26946e-06
1.18329e-06
0
0
0
0
0
0
0
0
0
0
0
0
0
0
0
0
0
0
0
0
0
0
0
0
0
0
0
0
0
0
0
0
0
0
0
0
0
0
0
0
0
0
0
0
0
0
0
0
0
0
0.0257332
1.08496
1.81653
0.0425598
0.00240379
7.62401e-05
0.441635
0.151944
0.155747
0.0114899
0
1.25475e-06
1.39199e-06
1.11869e-06
0
0
0
0
0
0
0
0
0
0
0
0
0
0
0
0
0
0
0
0
0
0
0
0
0
0
0
0
0
0
0
0
0
0
0
0
0
0
0
0
0
0
0
0
0
0
0
0
0
5.59697e-05
0.43706
0.0024747
0.0276544
0.149966
0
1.47463e-05
0.433059
0.551795
0.108196
0.100877
0
0
1.10478e-06
1.07091e-06
0
0
0
0
0
0
0
0
0
0
0
0
0
0
0
0
0
0
0
0
0
0
0
0
0
0
0
0
0
0
0
0
0
0
0
0
0
0
0
0
0
0
0
0
0
0
0
0
0
0.0135411
0.00607417
8.85782e-06
0.340759
0.00213565
0
3.79602e-06
0.0180592
0.177189
0.000734676
0.000327731
0
0
0
0
0
0
0
0
0
0
0
0
0
0
0
0
0
0
0
0
0
0
0
0
0
0
0
0
0
0
0
0
0
0
0
0
0
0
0
0
0
0
0
0
0
0
0
0
0
0
0
0
4.09621e-05
3.70042e-05
1.27888e-05
9.30546e-05
3.98111
0.00504699
1.37182e-05
0
0.000314488
0.00366447
4.35801e-05
0
0
0
0
0
0
0
0
0
0
0
0
0
0
0
0
0
0
0
0
0
0
0
0
0
0
0
0
0
0
0
0
0
0
0
0
0
0
0
0
0
0
0
0
0
0
0
0
0
0
0
0
0
4.08731e-05
3.59887e-06
0
0.0254369
0.323279
0.0360788
0
0
0.001251
0.00367509
0
0
0
0
0
0
0
0
0
0
0
0
0
0
0
0
0
0
0
0
0
0
0
0
0
0
0
0
0
0
0
0
0
0
0
0
0
0
0
0
0
0
0
0
0
0
0
0
0
0
0
0
0
0
1.07787e-05
0
3.37183e-05
0.532271
0.145588
0
0
0
0.0010131
0.00751774
5.07366e-05
0
0
0
0
0
0
0
0
0
0
0
0
0
0
0
0
0
0
0
0
0
0
0
0
0
0
0
0
0
0
0
0
0
0
0
0
0
0
0
0
0
0
0
0
0
0
0
0
0
0
0
0
0
0
0
0.0142497
0.896007
0.0210381
0
0
0.0132489
0.00814473
1.56805
8.2928e-06
0
0
0
0
0
0
0
0
0
0
0
0
0
0
0
0
0
0
0
0
0
0
0
0
0
0
0
0
0
0
0
0
0
0
0
0
0
0
0
0
0
0
0
0
0
0
0
0
0
0
0
0
0
0
1.94734e-05
0.000136062
0
0
0
0.032703
0.00342818
0.236694
0.000187907
0.000791572
5.06745e-06
0
0
0
0
0
0
0
0
0
0
0
0
0
0
0
0
0
0
0
0
0
0
0
0
0
0
0
0
0
0
0
0
0
0
0
0
0
0
0
0
0
0
0
0
0
0
0
0
0
0
0
0
0
7.77184e-06
0
0
0
1.11163e-05
0.0186685
6.32994e-05
0.00927175
0.00020576
3.87685e-05
0.000198446
0
0
0
0
0
0
0
0
0
0
0
0
0
0
0
0
0
0
0
0
0
0
0
0
0
0
0
0
0
0
0
0
0
0
0
0
0
0
0
0
0
0
0
0
0
0
0
0
0
0
0
0
0
0
0
0
0.0566828
0.0492261
0.497801
0.0314743
0.0308619
0.00710096
0
0
0
0
0
0
0
0
0
0
0
0
0
0
0
0
0
0
0
0
0
0
0
0
0
0
0
0
0
0
0
0
0
0
0
0
0
0
0
0
0
0
0
0
0
0
0
0
0
0
0
0
0
0
0
0
0
8.21858e-05
0.0577871
0.624861
0.0040572
2.76868e-05
0.0170116
0.0133078
0.000467264
0
0
0
0
0
0
0
0
0
0
0
0
0
0
0
0
0
0
0
0
0
0
0
0
0
0
0
0
0
0
0
0
0
0
0
0
0
0
0
0
0
0
0
0
0
0
0
0
0
0
0
0
0
0
0
0
0.000158907
0.183667
1.39588
0.0271545
3.55075e-05
0.000243557
0.263376
0.00219406
0
0
0
0
0
0
0
0
0
0
0
0
0
0
0
0
0
0
0
0
0
0
0
0
0
0
0
0
0
0
0
0
0
0
0
0
0
0
0
0
0
0
0
0
0
0
0
0
0
0
0
0
0
0
0
0
2.5054e-05
0.0567591
0
0.00768471
1.79385e-05
0.00174906
0.00714863
0.0084516
3.02832e-05
0
0
0
0
0
0
0
0
0
0
0
0
0
0
0
0
0
0
0
0
0
0
0
0
0
0
0
0
0
0
0
0
0
0
0
0
0
0
0
0
0
0
0
0
0
0
0
0
0
0
0
0
0
0
0
0
0
0
9.87226e-05
0
5.5644e-06
0.0823158
0.0241797
2.60217e-05
0
0
0
0
0
0
0
0
0
0
0
0
0
0
0
0
0
0
0
0
0
0
0
0
0
0
0
0
0
0
0
0
0
0
0
0
0
0
0
0
0
0
0
0
0
0
0
0
0
0
0
0
0
0
0
0
0
0
0.000174662
0
1.93149e-06
3.97012e-05
0.00459834
0.00103269
0
0
0
0
0
0
0
0
0
0
0
0
0
0
0
0
0
0
0
0
0
0
0
0
0
0
0
0
0
0
0
0
0
0
0
0
0
0
0
0
0
0
0
0
0
0
0
0
0
0
0
0
0
0
0
0
0.000280555
1.41043e-06
0
0
0
3.05577e-05
0.00134916
0.00107328
0
0
0
0
0
0
0
0
0
0
0
0
0
0
0
0
0
0
0
0
0
0
0
0
0
0
0
0
0
0
0
0
0
0
0
0
0
0
0
0
0
0
0
0
0
0
0
0
0
0
0
0
0
0
0
0
0
0.0019531
0.000478954
0
7.80199e-06
2.66356e-05
0.0239401
0
0
0
0
0
0
0
0
0
0
0
0
0
0
0
0
0
0
0
0
0
0
0
0
0
0
0
0
0
0
0
0
0
0
0
0
0
0
0
0
0
0
0
0
0
0
0
0
0
0
0
0
0
0
0
0
0
0
0
0
0
0
3.56609e-05
1.55038e-05
0
0
0
0
0
0
0
0
0
0
0
0
0
0
0
0
0
0
0
0
0
0
0
0
0
0
0
0
0
0
0
0
0
0
0
0
0
0
0
0
0
0
0
0
0
0
0
0
0
0
0
0
0
0
0
0
0
0
0
0
0
0
1.34603e-05
2.59852e-05
5.05573e-06
0
0
0
0
0
0
0
0
0
0
0
0
0
0
0
0
0
0
0
0
0
0
0
0
0
0
0
0
0
0
0
0
0
0
0
0
0
0
0
0
0
0
0
0
0
0
0
0
0
0
0
0
0
0
0
0
0
0
0
0
8.7263e-06
1.2512e-06
2.35821e-05
9.69847e-06
0
0
0
0
0
0
0
0
0
0
0
0
0
0
0
0
0
0
0
0
0
0
0
0
0
0
0
0
0
0
0
0
0
0
0
0
0
0
0
0
0
0
0
0
0
0
0
0
0
0
0
0
0
0
0
0
0
0
0
0
5.36748e-06
1.32531e-05
8.5059e-06
1.50512e-05
0
0
0
1.02498e-06
0
0
0
0
0
0
0
0
0
0
0
0
0
0
0
0
0
0
0
0
0
0
0
0
0
0
0
0
0
0
0
0
0
0
0
0
0
0
0
0
0
0
0
0
0
0
0
0
0
0
0
0
0
0
0
0
0
3.70683e-06
1.15755e-06
1.25599e-05
1.79691e-06
0
0
0
0
0
0
0
0
0
0
0
0
0
0
0
0
0
0
0
0
0
0
0
0
0
0
0
0
0
0
0
0
0
0
0
0
0
0
0
0
0
0
0
0
0
0
0
0
0
0
0
0
0
0
0
0
0
0
0
0
5.30291e-05
3.69496e-05
9.32701e-06
3.89281e-06
0
0
0
0
0
0
0
0
0
0
0
0
0
0
0
0
0
0
0
0
0
0
0
0
0
0
0
0
0
0
0
0
0
0
0
0
0
0
0
0
0
0
0
0
0
0
0
0
0
0
0
0
0
0
0
0
0
0
0
0
0
1.86665e-05
5.35636e-06
5.0368e-06
1.09825e-06
0
0
0
0
0
0
0
0
0
0
0
0
0
0
0
0
0
0
0
0
0
0
0
0
0
0
0
0
0
0
0
0
0
0
0
0
0
0
0
0
0
0
0
0
0
0
0
0
0
0
0
0
0
0
0
0
0
0
0
0
0
1.78638e-06
4.96514e-06
1.56535e-06
0
0
0
0
0
0
0
0
0
0
0
0
0
0
0
0
0
0
0
0
0
0
0
0
0
0
0
0
0
0
0
0
0
0
0
0
0
0
0
0
0
0
0
0
0
0
0
0
0
0
0
0
0
0
0
0
0
0
0
0
0
1.19314e-06
2.4831e-06
0
0
0
0
0
0
0
0
0
0
0
0
0
0
0
0
0
0
0
0
0
0
0
0
0
0
0
0
0
0
0
0
0
0
0
0
0
0
0
0
0
0
0
0
0
0
0
0
0
0
0
0
0
0
0
0
0
0
0
0
0
0
0
1.71965e-06
0
0
0
0
0
0
0
0
0
0
0
0
0
0
0
0
0
0
0
0
0
0
0
0
0
0
0
0
0
0
0
0
0
0
0
0
0
0
0
0
0
0
0
0
0
0
0
0
0
0
0
0
0
0
0
0
0
0
0
0
0
0
0
0
0
0
0
0
0
0
0
0
0
0
0
0
0
0
0
0
0
0
0
0
0
0
0
0
0
0
0
0
0
0
0
0
0
0
0
0
0
0
0
0
0
0
0
0
0
0
0
0
0
0
0
0
0
0
0
0
0
0
0
0
0
0
0
0
0
0
0
0
0
0
0
0
0
0
0
0
0
0
0
0
0
0
0
0
0
0
0
0
0
0
0
0
0
0
0
0
0
0
0
0
0
0
0
0
0
0
0
0
0
0
0
0
0
0
0
0
0
0
0
0
0
0
0
0
0
0
0
0
0
0
0
0
0
0
0
0
0
0
0
0
0
0
0
0
0
0
0
0
0
0
0
0
0
0
0
0
0
0
0
0
0
0
0
0
0
0
0
0
0
0
0
0
0
0
0
0
0
0
0
0
0
0
0
0
0
0
0
0
0
0
0
0
0
0
0
0
0
0
0
0
0
0
0
0
0
0
0
0
0
0
0
0
0
0
0
0
0
0
0
0
0
0
0
0
0
0
0
0
0
0
0
0
0
0
0
0
0
0
0
0
0
0
0
0
0
0
0
0
0
0
0
0
0
0
0
0
0
0
0
0
0
0
0
0
0
0
0
0
0
0
0
0
0
0
0
0
0
0
0
0
0
0
0
0
0
0
0
0
0
0
0
0
0
0
0
0
0
0
0
0
0
0
0
0
0
0
0
0
0
0
0
0
0
0
0
0
0
0
0
0
0
0
0
0
0
0
0
0
0
0
0
0
0
0
0
0
0
0
0
0
0
0
0
0
0
0
0
0
0
0
0
0
0
0
0
0
0
0
0
0
0
0
0
0
0
0
0
0
0
0
0
0
0
0
0
0
0
0
0
0
0
0
0
0
0
0
0
0
0
0
0
0
0
0
0
0
0
0
0
0
0
0
0
0
0
0
0
0
0
0
0
0
0
0
0
0
0
0
0
0
0
0
0
0
0
0
0
0
0
0
0
0
0
0
0
0
0
0
0
0
0
0
0
0
0
0
0
0
0
0
0
0
0
0
0
0
0
0
0
0
0
0
0
0
0
0
0
0
0
0
0
0
0
0
0
0
0
0
0
0
0
0
0
0
0
0
0
0
0
0
0
0
0
0
0
0
0
0
0
0
0
0
0
0
0
0
0
0
0
0
0
0
0
0
0
0
0
0
0
0
0
0
0
0
0
0
0
0
0
0
0
0
0
0
0
0
0
0
0
0
0
0
0
0
0
0
0
0
0
0
0
0
0
0
0
0
0
0
0
0
0
0
0
0
0
0
0
0
0
0
0
0
0
0
0
0
0
0
0
0
0
0
0
0
0
0
0
0
0
0
0
0
0
0
0
0
0
0
0
0
0
0
0
0
0
0
0
0
0
0
0
0
0
0
0
0
0
0
0
0
0
0
0
0
0
0
0
0
0
0
0
0
0
0
0
0
0
0
0
0
0
0
0
0
0
0
0
0
0
0
0
0
0
0
0
0
0
0
0
0
0
0
0
0
0
0
0
0
0
0
0
0
0
0
0
0
0
0
0
0
0
0
0
0
0
0
0
0
0
0
0
0
0
0
0
0
0
0
0
0
0
0
0
0
0
0
0
0
0
0
0
0
0
0
0
0
0
0
0
0
0
0
0
0
0
0
0
0
0
0
8.86117
9.05188
8.02347
8.02291
7.9535
7.47197
7.23573
8.79893
8.8607
9.84645
10.8204
10.4756
11.0143
10.7194
10.0496
10.6553
11.0256
10.0844
10.7276
10.5704
9.61658
11.0262
12.1102
13.9362
13.6469
14.388
9.59259
9.93105
8.81848
25.076
10.2996
10.0142
37.9412
10.2434
16.8291
15.6188
21.5689
9.90329
14.1588
14.0154
9.24145
11.1107
14.7256
13.811
9.08066
11.3255
10.942
10.5248
10.4491
10.2028
10.9565
11.9562
11.1746
10.5249
10.0065
9.16063
7.56037
5.19259
1.72179
0.234809
0.0747723
0.00686789
0.0080152
0.019992
7.9837
7.48697
7.80638
7.97614
7.90664
8.1755
7.13451
6.76374
7.62834
9.3494
10.841
10.62
10.5532
10.2135
10.6349
10.9325
10.5777
12.6552
8.88105
9.49002
9.81054
12.8256
16.2072
10.6173
6.78302
24.6361
12.2473
11.292
1.40196
23.44
11.4513
4.11657
4.6448
6.71952
2.21088
8.19418
17.8746
13.766
13.7815
12.5585
14.4836
12.0038
12.2951
13.7114
13.7721
14.4661
15.476
13.3921
12.0748
11.4827
13.0922
11.5085
10.6795
10.3044
9.32605
7.90053
5.6439
3.87039
1.75932
0.936916
0.154415
0.028039
0.0200592
0.0406773
6.23915
1.0568
6.3098
3.24787
6.36807
4.50544
1.35803
5.12
6.45594
8.45098
8.96233
10.0307
10.294
10.3772
11.4769
11.4868
11.2345
11.6543
8.81083
10.4288
10.315
9.57371
16.781
15.9983
4.51349
9.79825
3.28808
14.1193
7.36419
0.000242364
5.42087
16.0161
22.9551
13.0785
13.0178
6.23667
17.1446
6.79238
9.73877
9.02738
34.0153
15.029
8.56615
14.7557
10.7082
18.5294
18.6999
14.8109
11.8343
13.6195
13.9042
11.9962
10.4577
7.27546
7.60337
4.69946
3.81623
1.11275
1.54084
0.0606187
0.0518797
0.0374448
0.0154427
0.0439931
2.27453
0.115758
1.14282
0.0853938
1.36833
0.542881
0.13299
4.92619
5.43127
5.10561
0.745366
4.21863
8.31835
3.99886
7.23515
11.5994
11.1513
5.17682
9.36427
4.82698
10.4595
4.79481
6.38669
6.86885
1.37222
4.40597
4.1921
10.8602
24.3082
6.29152
10.2264
2.66346
18.3886
13.9258
4.38421
6.9493
30.6758
3.89479
3.47719
0.706167
6.27959
5.94553
2.45294
2.07405
5.47756
8.5281
17.7803
15.4281
12.7101
13.0455
10.2462
10.0927
6.46643
0.37067
1.09066
0.604621
1.22352
0.215004
0.207531
0.0299197
0.000384309
0.0242258
0.00376963
0.0777441
0
0.000582616
0.00121053
0.00237934
0.00162043
1.947e-05
4.53236e-05
2.30333e-05
8.98842e-06
3.63386e-05
0.00728546
0.0472228
0.0294238
0.00520921
0.028678
0.298447
1.92187
3.76435
0.564328
0.00363149
0.00913013
0.00761874
0.031437
0.134308
0.0232528
0.173267
0.0129631
18.9353
10.8004
1.7442
1.09929
9.95615
5.01654
0.55765
2.34703
0.353154
1.17346
1.5923
1.7158
1.62987
0.000278088
0.00104065
0.00620703
0
0.000424776
1.29075
1.30051
0.641806
7.68149
5.31097
3.99281
3.76151
0.772649
0.00132693
1.54012e-05
2.79486e-06
0
0
0
0
0
0
0.000373231
0
0
2.04133e-06
0
0
0
0
0
0
0
0
0
0
0
0
0
0
0
0
0.0170823
0.0021473
1.46048e-06
1.25118e-06
8.64232e-05
7.32659e-05
0.0417725
0.0639458
0.0405402
0.0287943
5.97172
0.0746384
0.117773
2.3576
0.16838
0.53387
0.0502233
0.00799987
0.00379173
0.000154133
0.339722
0.197494
0
0
0
0
0
0.0663606
0.0057351
1.23811
0.821569
1.06432
2.57316
0.72523
0.00344686
0
0
0
0
0
0
0
0
0
1.58808e-06
0
0
0
0
0
0
0
0
0
0
0
0
0
0
0
0
0
0
0
0
0
0
0
0
0
0
0.00039315
0.00484555
0.0589197
1.7336
0.0259325
0.0340756
0.00643154
0.116328
0.0207971
0.324771
0.0333701
0.0551849
0
0
0
0
0
0
0
0
0
2.74596e-05
0.114467
0.480956
0.456717
0.233272
0.0523296
0
0
0
0
0
0
0
0
0
0
0
0
0
0
0
0
0
0
0
0
0
0
0
0
0
0
0
0
0
0
0
0
0
0
0
0
0
0
0
0.0352377
0.0809138
0.012882
0.000141845
0.00119347
0.0878133
0.820723
0.119602
0.00214305
0.000437091
1.27005e-05
0
0
0
0
0
0
0
0
0
0.00472546
0.00800999
0.0130703
0.000193357
0
0
0
0
0
0
0
0
0
0
0
0
0
0
0
0
0
0
0
0
0
0
0
0
0
0
0
0
0
0
0
0
0
0
0
0
0
0
0
1.91418e-06
0.0507436
0.00261466
0.0202705
0.00014504
1.72594
0.355653
1.51731
1.3273
0.00799439
0.0661238
1.81961e-06
0
0
0
0
0
0
0
1.40574e-05
6.10272e-06
0.000103429
0.0247192
0.000729887
0
0
0
0
0
0
0
0
0
0
0
0
0
0
0
0
0
0
0
0
0
0
0
0
0
0
0
0
0
0
0
0
0
0
0
0
0
0
0
0
9.49179e-06
0.000172631
0.00703158
0.012002
0.000447339
2.67215
1.89381
2.8337
1.61547
0.0952928
6.66651e-06
1.03357e-05
0
0
0
0
0
0
0
3.49424e-05
0.000607835
0.0147291
0.00919033
0
0
0
0
0
0
0
0
0
0
0
0
0
0
0
0
0
0
0
0
0
0
0
0
0
0
0
0
0
0
0
0
0
0
0
0
0
0
0
0
0
0.00166508
0.000406183
7.60523e-06
0.0576272
0.000614331
0.00637664
0.233713
1.04858
1.77688
0.0131293
2.94816e-05
1.45588e-05
0
0
0
0
0
0
0.00028209
0.00048635
0.00475167
0.0042873
0.000189852
0
0
0
0
0
0
0
0
0
0
0
0
0
0
0
0
0
0
1.10243e-06
0
0
0
0
0
0
0
0
0
0
0
0
0
0
0
0
0
0
0
0
0
0
1.1194e-06
0
0.00135427
0.1522
0.000199032
0.00345035
0.016348
0.0642047
0.0363615
0.00147778
7.9199e-05
4.07643e-05
0
0
0
0
0
0
0.000127855
0.00178716
0.000599097
0.000212324
0
0
0
0
0
0
0
0
0
0
0
0
0
0
0
0
0
0
2.36278e-06
3.52095e-06
3.59122e-06
1.3105e-06
0
0
0
0
0
0
0
0
0
0
0
0
0
0
0
0
0
0
0
0
0
0
0.0219258
0.00158124
7.812e-05
0.000603558
0.00320376
0.0194342
0.0118412
0.00277422
7.78648e-05
8.2316e-06
0
0
0
0
0
0
0
1.55478e-05
2.30695e-06
0
0
0
0
0
0
0
0
0
0
0
0
0
0
0
0
0
0
0
2.94359e-06
7.46749e-06
6.57637e-06
2.55398e-06
0
0
0
0
0
0
0
0
0
0
0
0
0
0
0
0
0
0
0
0
0
3.54424e-06
0.0428874
0.000343681
0
0
0.000112878
0.0158045
0.0105403
0.000168914
7.59496e-05
4.83529e-05
0
0
0
0
0
0
0
0
0
0
0
0
0
0
0
0
0
0
0
0
0
0
0
0
0
0
0
0
2.34185e-06
1.08631e-05
9.75445e-06
3.47402e-06
0
0
0
0
0
0
0
0
0
0
0
0
0
0
0
0
0
0
0
0
0
2.34711e-06
0.205796
0.00150768
0.000229652
0.00122595
0.000230456
0.00751405
0.00238388
0.000179848
2.26282e-05
1.03476e-06
0
0
0
0
0
0
0
0
0
0
0
0
0
0
0
0
0
0
0
0
0
0
0
0
0
0
0
0
0
4.85175e-06
6.15107e-06
1.25354e-06
0
0
0
0
0
0
0
0
0
0
0
0
0
0
0
0
0
0
0
0
0
2.29772e-05
0.00624187
0.019062
0.000907958
0.0143038
0.000191397
0.000392046
0.00189391
0.000317367
2.153e-05
0
0
0
0
0
0
0
0
0
0
0
0
0
0
0
0
0
0
0
0
0
0
0
0
0
0
0
0
0
0
0
1.04048e-06
0
0
0
0
0
0
0
0
0
0
0
0
0
0
0
0
0
0
0
0
0
0
0.00173025
5.98528e-06
0.0785613
0.0172306
0.000970869
0.00862613
0.00379414
0.00273321
0.00149015
2.21069e-05
0
0
0
0
0
0
0
0
0
0
0
0
0
0
0
0
0
0
0
0
0
0
0
0
0
0
0
0
0
0
0
0
0
0
0
0
0
0
0
0
0
0
0
0
0
0
0
0
0
0
0
0
0
0
0
0.000311221
0.0258297
0.0111627
0.000179852
0.0172985
0.065516
0.00298968
8.70385e-05
1.43032e-05
1.42758e-06
0
0
0
0
0
0
0
0
0
0
0
0
0
0
0
0
0
0
0
0
0
0
0
0
0
0
0
0
0
0
0
0
0
0
0
0
0
0
0
0
0
0
0
0
0
0
0
0
0
0
0
0
0
0
0.000305938
0.0332443
0.00118085
0.024014
0.003751
0.00262021
0.0027844
0.000889846
3.03082e-05
8.20872e-06
1.00983e-06
0
0
0
0
0
0
0
0
0
0
0
0
0
0
0
0
0
0
0
0
0
0
0
0
0
0
0
0
0
0
0
0
0
0
0
0
0
0
0
0
0
0
0
0
0
0
0
0
0
0
0
0
0
0.00123705
0.0735953
0.00280966
0.0371837
0.0417414
0.00906415
0.0057893
4.29052e-06
3.38718e-05
8.87894e-06
4.00638e-06
1.2675e-06
0
0
0
0
0
0
0
0
0
0
0
0
0
0
0
0
0
0
0
0
0
0
0
0
0
0
0
0
0
0
0
0
0
0
0
0
0
0
0
0
0
0
0
0
0
0
0
0
0
0
0
0
0.000519536
0.366292
0
0.00108345
0.00764567
0.00911637
0.00822255
0.00690577
1.64556e-05
1.4417e-05
8.56525e-06
2.81023e-06
0
0
0
0
0
0
0
0
0
0
0
0
0
0
0
0
0
0
0
0
0
0
0
0
0
0
0
0
0
0
0
0
0
0
0
0
0
0
0
0
0
0
0
0
0
0
0
0
0
0
0
0
1.4412e-05
0.00248383
0
0
0.000218048
0.0237067
0.000354176
1.18416e-05
2.16189e-05
2.99278e-05
6.42991e-06
3.00305e-06
0
0
0
0
0
0
0
0
0
0
0
0
0
0
0
0
0
0
0
0
0
0
0
0
0
0
0
0
0
0
0
0
0
0
0
0
0
0
0
0
0
0
0
0
0
0
0
0
0
0
0
0
0.00030369
7.29448e-06
0
0
0.00249812
0.00917322
0.000121962
0.00213159
1.91966e-06
1.71179e-05
1.07243e-05
3.2772e-06
0
0
0
0
0
0
0
0
0
0
0
0
0
0
0
0
0
0
0
0
0
0
0
0
0
0
0
0
0
0
0
0
0
0
0
0
0
0
0
0
0
0
0
0
0
0
0
0
0
0
0
0
0.000131604
7.72167e-05
0
0
0.000607659
0.000161022
1.06248e-05
0
0.00067645
4.88534e-06
4.39441e-06
3.64631e-06
1.12076e-06
0
0
0
0
0
0
0
0
0
0
0
0
0
0
0
0
0
0
0
0
0
0
0
0
0
0
0
0
0
0
0
0
0
0
0
0
0
0
0
0
0
0
0
0
0
0
0
0
0
0
2.22602e-05
2.08567e-05
0.00061802
0
0
0.00171276
0.023275
0.0205566
0
0
1.89806e-06
5.487e-06
2.67739e-06
1.13582e-06
0
0
0
0
0
0
0
0
0
0
0
0
0
0
0
0
0
0
0
0
0
0
0
0
0
0
0
0
0
0
0
0
0
0
0
0
0
0
0
0
0
0
0
0
0
0
0
0
0
0
1.84862e-05
0.00181473
6.29957e-05
0.00628185
0.00723749
2.41108e-05
0.0215756
0.0119555
0
0
0
7.05996e-06
2.80726e-06
1.18788e-06
0
0
0
0
0
0
0
0
0
0
0
0
0
0
0
0
0
0
0
0
0
0
0
0
0
0
0
0
0
0
0
0
0
0
0
0
0
0
0
0
0
0
0
0
0
0
0
0
0
0
0.0022917
0.00818889
0.01183
0.00917869
0.00643625
0.000185808
0.0237995
0.0130531
0.000854883
0.00529051
0
2.77992e-06
3.02877e-06
1.16739e-06
0
0
0
0
0
0
0
0
0
0
0
0
0
0
0
0
0
0
0
0
0
0
0
0
0
0
0
0
0
0
0
0
0
0
0
0
0
0
0
0
0
0
0
0
0
0
0
0
0
0
0.0279628
0.000235268
0.0160767
0.122057
0.00710041
0.000154936
0.0198097
1.96527e-05
0.0155413
0.0244101
1.361e-05
1.2716e-06
2.83129e-06
1.08469e-06
0
0
0
0
0
0
0
0
0
0
0
0
0
0
0
0
0
0
0
0
0
0
0
0
0
0
0
0
0
0
0
0
0
0
0
0
0
0
0
0
0
0
0
0
0
0
0
0
0
5.05582e-06
0.000381697
0.00340935
0.0259871
0.108118
0.00579044
0.000214569
1.82426e-05
0.0460996
0
2.41703e-06
0
1.36762e-06
2.4622e-06
1.04314e-06
0
0
0
0
0
0
0
0
0
0
0
0
0
0
0
0
0
0
0
0
0
0
0
0
0
0
0
0
0
0
0
0
0
0
0
0
0
0
0
0
0
0
0
0
0
0
0
0
0
0
0
0.000205798
0.0284853
0.0146154
9.2068e-05
0
3.76393e-05
0.0162883
0
0
0
1.98017e-06
2.23483e-06
1.00368e-06
0
0
0
0
0
0
0
0
0
0
0
0
0
0
0
0
0
0
0
0
0
0
0
0
0
0
0
0
0
0
0
0
0
0
0
0
0
0
0
0
0
0
0
0
0
0
0
0
0
0
0
0.0269199
0.061588
0.00382625
0
0
0.00055328
0.0701606
0
0
0
1.74265e-06
1.97485e-06
1.11666e-06
0
0
0
0
0
0
0
0
0
0
0
0
0
0
0
0
0
0
0
0
0
0
0
0
0
0
0
0
0
0
0
0
0
0
0
0
0
0
0
0
0
0
0
0
0
0
0
0
0
0
1.8316e-05
0.0923091
0.0272264
0
0
0
0.0029309
0.0925841
8.0746e-05
0
0
1.31564e-06
1.8125e-06
1.09475e-06
0
0
0
0
0
0
0
0
0
0
0
0
0
0
0
0
0
0
0
0
0
0
0
0
0
0
0
0
0
0
0
0
0
0
0
0
0
0
0
0
0
0
0
0
0
0
0
0
0
0
3.26656e-05
0.0146225
0
0
0
0.0144962
0.0169094
7.60528e-06
8.31096e-06
0
0
0
1.45775e-06
0
0
0
0
0
0
0
0
0
0
0
0
0
0
0
0
0
0
0
0
0
0
0
0
0
0
0
0
0
0
0
0
0
0
0
0
0
0
0
0
0
0
0
0
0
0
0
0
0
0
0
3.53915e-06
0
0
0
1.31471e-06
1.54118e-05
0.0227693
2.83241e-06
0
0
0
0
1.35563e-06
0
0
0
0
0
0
0
0
0
0
0
0
0
0
0
0
0
0
0
0
0
0
0
0
0
0
0
0
0
0
0
0
0
0
0
0
0
0
0
0
0
0
0
0
0
0
0
0
0
0
0
0
0
8.91933e-05
0
0.000406395
6.20972e-06
0.00834173
0.000193761
0
0
0
0
1.35529e-06
0
0
0
0
0
0
0
0
0
0
0
0
0
0
0
0
0
0
0
0
0
0
0
0
0
0
0
0
0
0
0
0
0
0
0
0
0
0
0
0
0
0
0
0
0
0
0
0
0
0
0
0
1.01295e-06
0.000116903
0
0.000194002
3.23054e-06
0.0297767
0.0263977
0.000379741
0
0
0
1.41785e-06
0
0
0
0
0
0
0
0
0
0
0
0
0
0
0
0
0
0
0
0
0
0
0
0
0
0
0
0
0
0
0
0
0
0
0
0
0
0
0
0
0
0
0
0
0
0
0
0
0
0
0
0
2.04146e-05
0.000276303
0
0
1.26948e-06
2.75354e-05
0.00193841
0.00319727
3.58445e-05
0
0
1.46788e-06
0
0
0
0
0
0
0
0
0
0
0
0
0
0
0
0
0
0
0
0
0
0
0
0
0
0
0
0
0
0
0
0
0
0
0
0
0
0
0
0
0
0
0
0
0
0
0
0
0
0
0
0
4.96169e-05
0.00015297
0
0
1.95344e-06
1.60194e-05
0.0361843
0.00148082
6.0391e-05
0
0
1.41961e-06
0
0
0
0
0
0
0
0
0
0
0
0
0
0
0
0
0
0
0
0
0
0
0
0
0
0
0
0
0
0
0
0
0
0
0
0
0
0
0
0
0
0
0
0
0
0
0
0
0
0
0
0
0
0
0
0
3.05769e-06
7.19837e-06
0.00799465
0.00979317
3.01419e-05
0
0
1.52031e-06
0
0
0
0
0
0
0
0
0
0
0
0
0
0
0
0
0
0
0
0
0
0
0
0
0
0
0
0
0
0
0
0
0
0
0
0
0
0
0
0
0
0
0
0
0
0
0
0
0
0
0
0
0
0
0
0
0
1.34492e-05
4.10316e-05
0.00225957
0.000180963
0
0
1.77533e-06
0
0
0
0
0
0
0
0
0
0
0
0
0
0
0
0
0
0
0
0
0
0
0
0
0
0
0
0
0
0
0
0
0
0
0
0
0
0
0
0
0
0
0
0
0
0
0
0
0
0
0
0
0
0
0
0
0
0
3.04244e-05
2.00134e-05
0.000195497
0
2.19063e-06
1.61767e-06
0
0
0
0
0
0
0
0
0
0
0
0
0
0
0
0
0
0
0
0
0
0
0
0
0
0
0
0
0
0
0
0
0
0
0
0
0
0
0
0
0
0
0
0
0
0
0
0
0
0
0
0
0
0
0
0
0
0
2.40475e-05
2.92081e-05
3.63833e-06
0
1.98281e-06
1.52196e-06
0
0
0
0
0
0
0
0
0
0
0
0
0
0
0
0
0
0
0
0
0
0
0
0
0
0
0
0
0
0
0
0
0
0
0
0
0
0
0
0
0
0
0
0
0
0
0
0
0
0
0
0
0
0
0
0
0
0
1.09622e-05
3.36485e-05
8.57873e-06
0
1.52026e-06
2.20013e-06
0
0
0
0
0
0
0
0
0
0
0
0
0
0
0
0
0
0
0
0
0
0
0
0
0
0
0
0
0
0
0
0
0
0
0
0
0
0
0
0
0
0
0
0
0
0
0
0
0
0
0
0
0
0
0
0
0
0
0
2.7051e-05
1.19431e-05
1.98096e-06
1.38845e-06
2.11426e-06
0
0
0
0
0
0
0
0
0
0
0
0
0
0
0
0
0
0
0
0
0
0
0
0
0
0
0
0
0
0
0
0
0
0
0
0
0
0
0
0
0
0
0
0
0
0
0
0
0
0
0
0
0
0
0
0
0
0
0
2.0593e-05
1.70751e-05
3.81872e-06
2.39489e-06
2.53351e-06
0
0
0
0
0
0
0
0
0
0
0
0
0
0
0
0
0
0
0
0
0
0
0
0
0
0
0
0
0
0
0
0
0
0
0
0
0
0
0
0
0
0
0
0
0
0
0
0
0
0
0
0
0
0
0
0
0
0
0
8.39896e-06
1.73798e-05
7.47272e-06
3.61178e-06
1.91825e-06
0
0
0
0
0
0
0
0
0
0
0
0
0
0
0
0
0
0
0
0
0
0
0
0
0
0
0
0
0
0
0
0
0
0
0
0
0
0
0
0
0
0
0
0
0
0
0
0
0
0
0
0
0
0
0
0
0
0
0
1.28387e-06
1.3408e-05
1.0731e-05
3.2999e-06
1.42738e-06
0
0
0
0
0
0
0
0
0
0
0
0
0
0
0
0
0
0
0
0
0
0
0
0
0
0
0
0
0
0
0
0
0
0
0
0
0
0
0
0
0
0
0
0
0
0
0
0
0
0
0
0
0
0
0
0
0
0
0
0
6.11823e-06
8.66011e-06
3.92434e-06
1.16574e-06
0
0
0
0
0
0
0
0
0
0
0
0
0
0
0
0
0
0
0
0
0
0
0
0
0
0
0
0
0
0
0
0
0
0
0
0
0
0
0
0
0
0
0
0
0
0
0
0
0
0
0
0
0
0
0
0
0
0
0
0
0
4.77068e-06
1.99449e-06
0
0
0
0
0
0
0
0
0
0
0
0
0
0
0
0
0
0
0
0
0
0
0
0
0
0
0
0
0
0
0
0
0
0
0
0
0
0
0
0
0
0
0
0
0
0
0
0
0
0
0
0
0
0
0
0
0
0
0
0
0
0
1.54221e-06
1.4684e-06
0
0
0
0
0
0
0
0
0
0
0
0
0
0
0
0
0
0
0
0
0
0
0
0
0
0
0
0
0
0
0
0
0
0
0
0
0
0
0
0
0
0
0
0
0
0
0
0
0
0
0
0
0
0
0
0
0
0
0
0
0
0
0
0
0
0
0
0
0
0
0
0
0
0
0
0
0
0
0
0
0
0
0
0
0
0
0
0
0
0
0
0
0
0
0
0
0
0
0
0
0
0
0
0
0
0
0
0
0
0
0
0
0
0
0
0
0
0
0
0
0
0
0
0
0
0
0
0
0
0
0
0
0
0
0
0
0
0
0
0
0
0
0
0
0
0
0
0
0
0
0
0
0
0
0
0
0
0
0
0
0
0
0
0
0
0
0
0
0
0
0
0
0
0
0
0
0
0
0
0
0
0
0
0
0
0
0
0
0
0
0
0
0
0
0
0
0
0
0
0
0
0
0
0
0
0
0
0
0
0
0
0
0
0
0
0
0
0
0
0
0
0
0
0
0
0
0
0
0
0
0
0
0
0
0
0
0
0
0
0
0
0
0
0
0
0
0
0
0
0
0
0
0
0
0
0
0
0
0
0
0
0
0
0
0
0
0
0
0
0
0
0
0
0
0
0
0
0
0
0
0
0
0
0
0
0
0
0
0
0
0
0
0
0
0
0
0
0
0
0
0
0
0
0
0
0
0
0
0
0
0
0
0
0
0
0
0
0
0
0
0
0
0
0
0
0
0
0
0
0
0
0
0
0
0
0
0
0
0
0
0
0
0
0
0
0
0
0
0
0
0
0
0
0
0
0
0
0
0
0
0
0
0
0
0
0
0
0
0
0
0
0
0
0
0
0
0
0
0
0
0
0
0
0
0
0
0
0
0
0
0
0
0
0
0
0
0
0
0
0
0
0
0
0
0
0
0
0
0
0
0
0
0
0
0
0
0
0
0
0
0
0
0
0
0
0
0
0
0
0
0
0
0
0
0
0
0
0
0
0
0
0
0
0
0
0
0
0
0
0
0
0
0
0
0
0
0
0
0
0
0
0
0
0
0
0
0
0
0
0
0
0
0
0
0
0
0
0
0
0
0
0
0
0
0
0
0
0
0
0
0
0
0
0
0
0
0
0
0
0
0
0
0
0
0
0
0
0
0
0
0
0
0
0
0
0
0
0
0
0
0
0
0
0
0
0
0
0
0
0
0
0
0
0
0
0
0
0
0
0
0
0
0
0
0
0
0
0
0
0
0
0
0
0
0
0
0
0
0
0
0
0
0
0
0
0
0
0
0
0
0
0
0
0
0
0
0
0
0
0
0
0
0
0
0
0
0
0
0
0
0
0
0
0
0
0
0
0
0
0
0
0
0
0
0
0
0
0
0
0
0
0
0
0
0
0
0
0
0
0
0
0
0
0
0
0
0
0
0
0
0
0
0
0
0
0
0
0
0
0
0
0
0
0
0
0
0
0
0
0
0
0
0
0
0
0
0
0
0
0
0
0
0
0
0
0
0
0
0
0
0
0
0
0
0
0
0
0
0
0
0
0
0
0
0
0
0
0
0
0
0
0
0
0
0
0
0
0
0
0
0
0
0
0
0
0
0
0
0
0
0
0
0
0
0
0
0
0
0
0
0
0
0
0
0
0
0
0
0
0
0
0
0
0
0
0
0
0
0
0
0
0
0
0
0
0
0
0
0
0
0
0
0
0
0
0
0
0
0
0
0
0
0
0
0
0
0
0
0
0
0
0
0
0
0
0
0
0
0
0
0
0
0
0
0
0
0
0
0
0
0
0
0
0
0
0
0
0
0
0
0
0
0
0
0
0
0
0
0
0
0
0
0
0
0
0
0
0
0
0
0
0
0
0
0
0
0
0
0
0
0
0
0
0
0
0
0
0
0
0
0
0
0
0
0
0
0
0
0
0
0
0
0
0
0
0
0
0
0
0
0
0
0
0
0
0
0
0
0
0
0
0
0
0
0
0
0
0
0
0
0
0
0
0
0
0
0
0
0
0
0
0
0
0
0
0
0
0
0
0
0
0
0
0
0
0
0
0
0
0
0
0
0
0
0
0
0
0
0
0
0
8.84699
9.52665
8.5336
7.76895
7.81194
6.22727
3.1523
7.18583
8.72099
9.16448
10.416
10.1223
10.8834
11.4645
10.0453
10.4037
10.2675
9.90213
9.9217
11.9204
9.67721
13.84
14.4138
13.431
11.4314
12.4909
23.5216
15.8362
11.513
14.4435
11.2527
11.5491
12.8218
13.8274
10.1148
12.2974
10.5709
15.2939
20.5492
14.7712
12.0412
12.2354
15.4712
9.67603
8.4855
12.0539
10.8349
11.3307
12.1894
12.0947
12.6524
12.1347
11.6849
11.039
10.0941
8.70386
6.70471
2.74097
0.323156
0.011731
0.00531422
0.00155566
0.0015155
0.0011794
7.79334
7.85136
8.05744
7.66084
7.77369
7.39793
4.27953
4.48802
5.88287
7.2362
10.0056
10.4494
10.2457
10.9538
10.1607
10.6904
11.2183
11.2118
10.1562
10.8873
7.98643
13.2568
14.7638
17.48
9.92759
3.18005
0.491701
12.2384
10.6553
10.0222
7.84436
1.64949
10.8251
17.1185
18.5538
14.0575
11.4952
12.0551
18.6385
9.47858
22.1234
9.63566
13.4915
10.068
13.162
18.9075
10.0928
16.4898
11.062
11.7765
13.4139
11.5547
11.0957
9.40861
8.78284
7.38415
4.46784
2.03514
0.599141
0.0672132
0.0192805
0.00322609
0.00419659
0.0050259
4.07234
3.2402
4.79725
2.97647
3.84069
6.32614
0.811641
2.84886
4.06254
4.08249
5.30601
7.83976
10.2399
10.2235
10.6929
11.7095
11.7008
10.1898
6.83715
8.86635
13.1462
9.0251
10.2922
13.1434
13.4022
4.96754
3.98717
18.5777
17.659
3.55584
5.38771
32.6909
20.1817
12.4572
14.3341
6.06847
13.0696
19.052
1.21387
17.6656
12.5859
12.2704
10.5759
13.0032
12.4303
19.1857
17.3267
12.1682
12.0839
12.5646
13.6263
11.729
6.28752
4.10435
5.4077
2.90874
2.30817
0.441027
1.07546
0.0880269
0.0631795
0.00430775
0.00713343
0.0169413
0.455055
0.626171
0.331743
0.0650027
0.155211
1.33665
0.0466565
4.01336
4.63728
3.95597
0.140799
2.22374
9.15543
5.68596
5.59206
8.48218
11.8158
10.188
4.72357
9.39878
6.2075
7.98508
3.67097
7.19421
11.706
5.31509
2.92806
8.43749
10.8669
14.1066
10.2483
27.7577
9.04037
10.384
4.79032
11.0503
6.1226
4.99573
0.826351
2.16298
6.39312
6.54574
3.28405
3.14472
7.7991
11.7623
3.73465
17.4294
9.41206
12.7955
12.6214
9.48458
1.31001
0.00602665
0.66816
0.362911
0.558564
0.0578182
0.476643
0.316783
0.0161584
0.0162222
0.0011532
0.00860527
3.98111e-06
0.000370151
0.00026668
0.000848456
0.000140959
8.8241e-06
2.31109e-06
3.56229e-06
4.71417e-06
1.24411e-06
1.05279e-05
0.000863678
0.0029605
0.00024176
9.78931e-05
6.46537e-05
0.000407393
3.08272
1.78571
0.0199676
0.0047679
0.000857007
0.000321847
0.0667522
0.04802
0.227365
0.120337
1.14255
8.33813
4.19648
6.348
2.04057
1.93957
5.10411
4.65066
0.868066
0.75102
0.2549
0.554702
0.010066
0
0.0513028
0.115758
0
0.0379952
2.15762
0.939461
1.75158
0.921958
3.46639
4.48356
1.73103
0.0732622
0.000309837
6.9569e-06
0
0
0
0
0
0
0
0.000238349
0
0
0
0
0
0
0
0
0
0
0
0
0
0
0
0
0
0
0
0.00147428
0.0059232
0.000455614
0
0
6.32966e-06
6.09478e-05
0.00153265
0.0177074
0.0165158
0.0288291
0.000710364
0.00865355
0.107157
0.0167109
0.0272672
0.0113464
0.000702389
0.00459332
0.0322077
0.00142597
1.01345e-06
0
0
0
0
0
0.0319312
0.132355
1.43881
1.07386
2.00946
1.45636
0.0539291
0
1.40182e-05
0
0
0
0
0
0
0
0
4.20228e-06
0
0
0
0
0
0
0
0
0
0
0
0
0
0
0
0
0
0
0
0
0
0
0
0
0
0
0
0.000268522
0.000115096
0.00592648
0.00586492
0.013964
0.301028
0.0313212
0.0155024
0.00717427
0.00120475
0.000241305
0.00159268
0.000267001
2.63697e-06
0
0
0
0
0
0
0.00188169
0.019945
0.48721
0.11471
0.0401098
0
0
0
0
0
0
0
0
0
0
0
0
0
0
0
0
0
0
0
0
0
0
0
0
0
0
0
0
0
0
0
0
0
0
0
0
0
0
0
0
0
0.00879979
0.00846186
0.00388797
0.0444423
0.0268498
0.0324077
0.0103371
0.00183164
0.000276583
0.000411239
7.80716e-05
2.63003e-06
0
0
0
0
0
0
0.000121289
0.00178023
0.0899992
0.00151346
0
0
0
0
0
0
0
0
0
0
0
0
0
0
0
0
0
0
0
0
0
0
0
0
0
0
0
0
0
0
0
0
0
0
0
0
0
0
0
0
0
5.11134e-05
3.33023e-06
0.0101997
0.00434154
0.000350804
0.0339467
0.043619
0.00998598
0.00525435
0.000204898
4.98406e-05
0.000101408
0
0
0
0
0
0
3.85485e-06
0.000222861
0.0249141
0.0213841
2.35238e-06
0
0
0
0
0
0
0
0
0
0
0
0
0
0
0
0
0
0
0
0
0
0
0
0
0
0
0
0
0
0
0
0
0
0
0
0
0
0
0
0
0
0.00677072
0.00326912
0.00478432
0.0157358
0.0154984
0.125105
0.0466276
0.0168166
0.00398722
0.000167215
6.95034e-05
0.000109617
0
0
0
0
0
9.34061e-05
9.27481e-05
0.00329517
0.00830915
0.00115443
0
0
0
0
0
0
0
0
0
0
0
0
0
0
0
0
0
0
0
0
0
0
0
0
0
0
0
0
0
0
0
0
0
0
0
0
0
0
0
0
0
1.11067e-06
0.00539072
0
4.08233e-06
0.0219104
0.0135717
0.0707725
0.036169
0.0114333
0.000442286
0.000106171
0.000320802
8.04757e-05
7.1908e-06
0
0
0
1.15027e-05
0.000777976
0.00334406
0.0031899
0.000933376
0
0
0
0
0
0
0
0
0
0
0
0
0
0
0
0
0
0
0
0
0
0
0
0
0
0
0
0
0
0
0
0
0
0
0
0
0
0
0
0
0
0
0
0
0
0.00048829
0.00487527
0.000228051
0.030702
0.0293965
0.0029632
0.00102631
0.000311901
0.000303067
5.08168e-05
1.63173e-06
0
0
0
0
2.57899e-05
0.000161622
3.41095e-05
9.34824e-06
0
0
0
0
0
0
0
0
0
0
0
0
0
0
0
0
0
0
0
1.53813e-06
1.17314e-06
0
0
0
0
0
0
0
0
0
0
0
0
0
0
0
0
0
0
0
0
0
0
0
2.59763e-06
0.0236061
0.00201983
6.58052e-06
0.0314053
0.0256493
0.00927993
0.00237418
0.000478858
0.000144674
5.62835e-05
2.4989e-06
0
0
0
0
0
0
0
0
0
0
0
0
0
0
0
0
0
0
0
0
0
0
0
0
0
0
1.04974e-06
2.72764e-06
2.06684e-06
0
0
0
0
0
0
0
0
0
0
0
0
0
0
0
0
0
0
0
0
0
0
0
3.21912e-06
7.85888e-05
0
3.12454e-06
0.0198123
0.0267557
0.00690993
0.00204515
0.00049485
0.000247912
3.75071e-05
1.44065e-06
0
0
0
0
0
0
0
0
0
0
0
0
0
0
0
0
0
0
0
0
0
0
0
0
0
0
0
3.97806e-06
2.86207e-06
1.15257e-06
0
0
0
0
0
0
0
0
0
0
0
0
0
0
0
0
0
0
0
0
0
0
1.28656e-05
0.000144219
0
3.02482e-05
0.021027
0.0197085
0.00283689
0.00201185
0.000376487
0.000151182
1.54875e-05
1.10989e-06
0
0
0
0
0
0
0
0
0
0
0
0
0
0
0
0
0
0
0
0
0
0
0
0
0
0
0
1.51153e-06
1.11189e-06
0
0
0
0
0
0
0
0
0
0
0
0
0
0
0
0
0
0
0
0
0
0
0
2.20233e-05
0.000364579
1.75917e-05
0
9.19791e-06
0.000831795
0.00182229
0.00087488
0.000424221
0.000132437
4.15987e-06
0
0
0
0
0
0
0
0
0
0
0
0
0
0
0
0
0
0
0
0
0
0
0
0
0
0
0
0
0
0
0
0
0
0
0
0
0
0
0
0
0
0
0
0
0
0
0
0
0
0
0
0
0
1.11277e-05
0.000328602
0.000261702
0.00155609
0.000212218
0.000291984
0.00147172
0.000914923
0.000219302
3.61327e-05
1.68485e-06
0
0
0
0
0
0
0
0
0
0
0
0
0
0
0
0
0
0
0
0
0
0
0
0
0
0
0
0
0
0
0
0
0
0
0
0
0
0
0
0
0
0
0
0
0
0
0
0
0
0
0
0
0
0
0.000389712
0.00365668
0.000124535
0.0112212
0.0129702
0.000520343
0.000138195
0.000112417
3.82914e-05
5.34268e-06
0
0
0
0
0
0
0
0
0
0
0
0
0
0
0
0
0
0
0
0
0
0
0
0
0
0
0
0
0
0
0
0
0
0
0
0
0
0
0
0
0
0
0
0
0
0
0
0
0
0
0
0
0
0
0.000105942
0.00366925
0.000238386
0.00373377
0.00862526
0.00394719
6.7575e-05
0.000106167
3.26558e-05
9.53281e-06
1.09179e-06
0
0
0
0
0
0
0
0
0
0
0
0
0
0
0
0
0
0
0
0
0
0
0
0
0
0
0
0
0
0
0
0
0
0
0
0
0
0
0
0
0
0
0
0
0
0
0
0
0
0
0
0
0
0.000131991
0.000291655
0.000108607
0.0177995
0.0388616
0.0201489
0.00167733
6.35468e-05
3.57107e-05
1.07169e-05
3.20065e-06
0
0
0
0
0
0
0
0
0
0
0
0
0
0
0
0
0
0
0
0
0
0
0
0
0
0
0
0
0
0
0
0
0
0
0
0
0
0
0
0
0
0
0
0
0
0
0
0
0
0
0
0
0
0.00039614
0.00970049
0.00144544
0.00219419
0.00315788
0.000939362
8.46761e-05
1.4213e-05
4.06692e-05
1.23533e-05
4.39963e-06
1.35162e-06
0
0
0
0
0
0
0
0
0
0
0
0
0
0
0
0
0
0
0
0
0
0
0
0
0
0
0
0
0
0
0
0
0
0
0
0
0
0
0
0
0
0
0
0
0
0
0
0
0
0
0
0
0.000211838
0.0044277
0
1.4394e-05
0.00244829
6.75812e-05
9.09728e-05
5.77243e-05
2.59624e-05
1.07172e-05
5.16559e-06
1.68067e-06
0
0
0
0
0
0
0
0
0
0
0
0
0
0
0
0
0
0
0
0
0
0
0
0
0
0
0
0
0
0
0
0
0
0
0
0
0
0
0
0
0
0
0
0
0
0
0
0
0
0
0
0
0
0
0
0.000133179
0.00257913
9.58756e-05
3.95656e-05
2.409e-05
3.20351e-05
2.85668e-05
4.56194e-06
0
0
0
0
0
0
0
0
0
0
0
0
0
0
0
0
0
0
0
0
0
0
0
0
0
0
0
0
0
0
0
0
0
0
0
0
0
0
0
0
0
0
0
0
0
0
0
0
0
0
0
0
0
0
0
0
4.36694e-06
0.00142298
0.00388898
6.96887e-05
0.000102348
2.39676e-05
1.2188e-05
7.81203e-06
0
0
0
0
0
0
0
0
0
0
0
0
0
0
0
0
0
0
0
0
0
0
0
0
0
0
0
0
0
0
0
0
0
0
0
0
0
0
0
0
0
0
0
0
0
0
0
0
0
0
0
0
0
0
0
0
6.78162e-06
0.00354746
0.00216172
1.49944e-05
3.86561e-06
6.57971e-06
1.65362e-05
4.62129e-06
1.13256e-06
0
0
0
0
0
0
0
0
0
0
0
0
0
0
0
0
0
0
0
0
0
0
0
0
0
0
0
0
0
0
0
0
0
0
0
0
0
0
0
0
0
0
0
0
0
0
0
0
0
0
7.85119e-06
0
4.07258e-05
0
0
0.000162346
0.00397393
0.0116012
2.60467e-05
5.95574e-06
7.39529e-06
1.53342e-05
5.03635e-06
0
0
0
0
0
0
0
0
0
0
0
0
0
0
0
0
0
0
0
0
0
0
0
0
0
0
0
0
0
0
0
0
0
0
0
0
0
0
0
0
0
0
0
0
0
0
0
0
0
0
0
0
2.33476e-05
0.000194623
0
0
0.000148826
0.00430959
0.00414058
1.4249e-05
1.07412e-06
3.5646e-06
7.67199e-06
4.57256e-06
0
0
0
0
0
0
0
0
0
0
0
0
0
0
0
0
0
0
0
0
0
0
0
0
0
0
0
0
0
0
0
0
0
0
0
0
0
0
0
0
0
0
0
0
0
0
0
0
0
0
0
0
0.00215774
7.51252e-06
0.00387342
0
2.02931e-05
7.11053e-05
0.0325543
3.27564e-06
0
0
5.67237e-06
2.30776e-06
0
0
0
0
0
0
0
0
0
0
0
0
0
0
0
0
0
0
0
0
0
0
0
0
0
0
0
0
0
0
0
0
0
0
0
0
0
0
0
0
0
0
0
0
0
0
0
0
0
0
0
6.66359e-05
0.000255891
5.34135e-05
0.00513416
0
5.02329e-06
2.64985e-05
0.016656
4.62021e-05
0
1.94382e-06
5.83362e-06
1.78743e-06
0
0
0
0
0
0
0
0
0
0
0
0
0
0
0
0
0
0
0
0
0
0
0
0
0
0
0
0
0
0
0
0
0
0
0
0
0
0
0
0
0
0
0
0
0
0
0
0
0
0
0
9.04826e-06
0
0.000159311
0.0175465
0
0
1.54724e-06
0.00187229
0.00208237
5.77297e-05
2.10925e-06
6.66816e-06
1.40573e-06
0
0
0
0
0
0
0
0
0
0
0
0
0
0
0
0
0
0
0
0
0
0
0
0
0
0
0
0
0
0
0
0
0
0
0
0
0
0
0
0
0
0
0
0
0
0
0
0
0
0
0
0
3.21472e-06
0.00406549
0.00864542
0
0
2.09117e-06
0.000758949
0.00207178
0.000115147
3.63953e-06
5.73437e-06
1.49347e-06
0
0
0
0
0
0
0
0
0
0
0
0
0
0
0
0
0
0
0
0
0
0
0
0
0
0
0
0
0
0
0
0
0
0
0
0
0
0
0
0
0
0
0
0
0
0
0
0
0
0
0
0
6.05632e-05
0.007803
1.46465e-05
0
0
6.61158e-05
0.00780697
0.000639999
3.16475e-06
3.57748e-06
3.83883e-06
1.40916e-06
0
0
0
0
0
0
0
0
0
0
0
0
0
0
0
0
0
0
0
0
0
0
0
0
0
0
0
0
0
0
0
0
0
0
0
0
0
0
0
0
0
0
0
0
0
0
0
0
0
0
0
0
0.000320065
0.000169067
0
0
0
0.000203176
0.0100223
0.0013018
1.30954e-06
1.93187e-06
2.75558e-06
0
0
0
0
0
0
0
0
0
0
0
0
0
0
0
0
0
0
0
0
0
0
0
0
0
0
0
0
0
0
0
0
0
0
0
0
0
0
0
0
0
0
0
0
0
0
0
0
0
0
0
0
0
7.31766e-06
0
0
0
1.2441e-05
0.00598039
0.0182593
0.000934357
0
0
3.10055e-06
1.04699e-06
0
0
0
0
0
0
0
0
0
0
0
0
0
0
0
0
0
0
0
0
0
0
0
0
0
0
0
0
0
0
0
0
0
0
0
0
0
0
0
0
0
0
0
0
0
0
0
0
0
0
0
0
0
0
0
0
4.54571e-06
0.000750046
0.010643
0.000471636
1.77379e-05
0
3.26998e-06
1.49547e-06
0
0
0
0
0
0
0
0
0
0
0
0
0
0
0
0
0
0
0
0
0
0
0
0
0
0
0
0
0
0
0
0
0
0
0
0
0
0
0
0
0
0
0
0
0
0
0
0
0
0
0
0
0
0
0
0
0
0.000189962
0.0118577
0.000472603
2.18285e-05
0
3.61058e-06
1.61363e-06
0
0
0
0
0
0
0
0
0
0
0
0
0
0
0
0
0
0
0
0
0
0
0
0
0
0
0
0
0
0
0
0
0
0
0
0
0
0
0
0
0
0
0
0
0
0
0
0
0
0
0
0
0
0
0
0
0
0.00221244
0.000676426
0.000929236
1.89463e-05
1.93565e-06
3.44809e-06
1.43543e-06
0
0
0
0
0
0
0
0
0
0
0
0
0
0
0
0
0
0
0
0
0
0
0
0
0
0
0
0
0
0
0
0
0
0
0
0
0
0
0
0
0
0
0
0
0
0
0
0
0
0
0
0
0
0
0
0
0
2.42145e-05
0.00680259
0.00021157
7.00478e-05
1.96772e-06
3.00867e-06
1.12807e-06
0
0
0
0
0
0
0
0
0
0
0
0
0
0
0
0
0
0
0
0
0
0
0
0
0
0
0
0
0
0
0
0
0
0
0
0
0
0
0
0
0
0
0
0
0
0
0
0
0
0
0
0
0
0
0
0
0
1.33733e-05
0.00192359
9.59748e-05
1.72876e-05
1.84284e-06
3.70561e-06
1.12528e-06
0
0
0
0
0
0
0
0
0
0
0
0
0
0
0
0
0
0
0
0
0
0
0
0
0
0
0
0
0
0
0
0
0
0
0
0
0
0
0
0
0
0
0
0
0
0
0
0
0
0
0
0
0
0
0
0
0
0
4.32152e-05
0.000254456
4.35461e-06
2.54969e-06
4.50332e-06
1.38387e-06
0
0
0
0
0
0
0
0
0
0
0
0
0
0
0
0
0
0
0
0
0
0
0
0
0
0
0
0
0
0
0
0
0
0
0
0
0
0
0
0
0
0
0
0
0
0
0
0
0
0
0
0
0
0
0
0
0
0
2.06804e-05
2.70219e-05
8.26912e-06
7.438e-06
4.24138e-06
1.49513e-06
0
0
0
0
0
0
0
0
0
0
0
0
0
0
0
0
0
0
0
0
0
0
0
0
0
0
0
0
0
0
0
0
0
0
0
0
0
0
0
0
0
0
0
0
0
0
0
0
0
0
0
0
0
0
0
0
0
0
5.56141e-06
3.17674e-05
1.16988e-05
8.44731e-06
4.34576e-06
0
0
0
0
0
0
0
0
0
0
0
0
0
0
0
0
0
0
0
0
0
0
0
0
0
0
0
0
0
0
0
0
0
0
0
0
0
0
0
0
0
0
0
0
0
0
0
0
0
0
0
0
0
0
0
0
0
0
0
0
3.05035e-05
2.08151e-05
9.37236e-06
7.5322e-06
0
0
0
0
0
0
0
0
0
0
0
0
0
0
0
0
0
0
0
0
0
0
0
0
0
0
0
0
0
0
0
0
0
0
0
0
0
0
0
0
0
0
0
0
0
0
0
0
0
0
0
0
0
0
0
0
0
0
0
0
1.57675e-05
2.88967e-05
1.94094e-05
6.30897e-06
1.95719e-06
0
0
0
0
0
0
0
0
0
0
0
0
0
0
0
0
0
0
0
0
0
0
0
0
0
0
0
0
0
0
0
0
0
0
0
0
0
0
0
0
0
0
0
0
0
0
0
0
0
0
0
0
0
0
0
0
0
0
0
5.35356e-06
2.26907e-05
2.51182e-05
1.01564e-05
1.26467e-06
0
0
0
0
0
0
0
0
0
0
0
0
0
0
0
0
0
0
0
0
0
0
0
0
0
0
0
0
0
0
0
0
0
0
0
0
0
0
0
0
0
0
0
0
0
0
0
0
0
0
0
0
0
0
0
0
0
0
0
0
1.12061e-05
1.64947e-05
5.10774e-06
1.68813e-06
0
0
0
0
0
0
0
0
0
0
0
0
0
0
0
0
0
0
0
0
0
0
0
0
0
0
0
0
0
0
0
0
0
0
0
0
0
0
0
0
0
0
0
0
0
0
0
0
0
0
0
0
0
0
0
0
0
0
0
0
1.64112e-06
1.02251e-05
3.31834e-06
0
0
0
0
0
0
0
0
0
0
0
0
0
0
0
0
0
0
0
0
0
0
0
0
0
0
0
0
0
0
0
0
0
0
0
0
0
0
0
0
0
0
0
0
0
0
0
0
0
0
0
0
0
0
0
0
0
0
0
0
0
0
1.87576e-06
1.53511e-06
0
0
0
0
0
0
0
0
0
0
0
0
0
0
0
0
0
0
0
0
0
0
0
0
0
0
0
0
0
0
0
0
0
0
0
0
0
0
0
0
0
0
0
0
0
0
0
0
0
0
0
0
0
0
0
0
0
0
0
0
0
0
1.01301e-06
0
0
0
0
0
0
0
0
0
0
0
0
0
0
0
0
0
0
0
0
0
0
0
0
0
0
0
0
0
0
0
0
0
0
0
0
0
0
0
0
0
0
0
0
0
0
0
0
0
0
0
0
0
0
0
0
0
0
0
0
0
0
0
0
0
0
0
0
0
0
0
0
0
0
0
0
0
0
0
0
0
0
0
0
0
0
0
0
0
0
0
0
0
0
0
0
0
0
0
0
0
0
0
0
0
0
0
0
0
0
0
0
0
0
0
0
0
0
0
0
0
0
0
0
0
0
0
0
0
0
0
0
0
0
0
0
0
0
0
0
0
0
0
0
0
0
0
0
0
0
0
0
0
0
0
0
0
0
0
0
0
0
0
0
0
0
0
0
0
0
0
0
0
0
0
0
0
0
0
0
0
0
0
0
0
0
0
0
0
0
0
0
0
0
0
0
0
0
0
0
0
0
0
0
0
0
0
0
0
0
0
0
0
0
0
0
0
0
0
0
0
0
0
0
0
0
0
0
0
0
0
0
0
0
0
0
0
0
0
0
0
0
0
0
0
0
0
0
0
0
0
0
0
0
0
0
0
0
0
0
0
0
0
0
0
0
0
0
0
0
0
0
0
0
0
0
0
0
0
0
0
0
0
0
0
0
0
0
0
0
0
0
0
0
0
0
0
0
0
0
0
0
0
0
0
0
0
0
0
0
0
0
0
0
0
0
0
0
0
0
0
0
0
0
0
0
0
0
0
0
0
0
0
0
0
0
0
0
0
0
0
0
0
0
0
0
0
0
0
0
0
0
0
0
0
0
0
0
0
0
0
0
0
0
0
0
0
0
0
0
0
0
0
0
0
0
0
0
0
0
0
0
0
0
0
0
0
0
0
0
0
0
0
0
0
0
0
0
0
0
0
0
0
0
0
0
0
0
0
0
0
0
0
0
0
0
0
0
0
0
0
0
0
0
0
0
0
0
0
0
0
0
0
0
0
0
0
0
0
0
0
0
0
0
0
0
0
0
0
0
0
0
0
0
0
0
0
0
0
0
0
0
0
0
0
0
0
0
0
0
0
0
0
0
0
0
0
0
0
0
0
0
0
0
0
0
0
0
0
0
0
0
0
0
0
0
0
0
0
0
0
0
0
0
0
0
0
0
0
0
0
0
0
0
0
0
0
0
0
0
0
0
0
0
0
0
0
0
0
0
0
0
0
0
0
0
0
0
0
0
0
0
0
0
0
0
0
0
0
0
0
0
0
0
0
0
0
0
0
0
0
0
0
0
0
0
0
0
0
0
0
0
0
0
0
0
0
0
0
0
0
0
0
0
0
0
0
0
0
0
0
0
0
0
0
0
0
0
0
0
0
0
0
0
0
0
0
0
0
0
0
0
0
0
0
0
0
0
0
0
0
0
0
0
0
0
0
0
0
0
0
0
0
0
0
0
0
0
0
0
0
0
0
0
0
0
0
0
0
0
0
0
0
0
0
0
0
0
0
0
0
0
0
0
0
0
0
0
0
0
0
0
0
0
0
0
0
0
0
0
0
0
0
0
0
0
0
0
0
0
0
0
0
0
0
0
0
0
0
0
0
0
0
0
0
0
0
0
0
0
0
0
0
0
0
0
0
0
0
0
0
0
0
0
0
0
0
0
0
0
0
0
0
0
0
0
0
0
0
0
0
0
0
0
0
0
0
0
0
0
0
0
0
0
0
0
0
0
0
0
0
0
0
0
0
0
0
0
0
0
0
0
0
0
0
0
0
0
0
0
0
0
0
0
0
0
0
0
0
0
0
0
0
0
0
0
0
0
0
0
0
0
0
0
0
0
0
0
0
0
0
0
0
0
0
0
0
0
0
0
0
0
0
0
0
0
0
0
0
0
0
0
0
0
0
0
0
0
0
0
0
0
0
0
0
0
0
0
0
0
0
0
0
0
0
0
0
0
0
0
0
0
0
0
0
0
0
0
0
0
0
0
0
0
0
0
0
0
0
0
0
0
0
0
0
0
0
0
0
0
0
0
0
0
0
0
0
0
0
0
0
0
0
0
0
0
0
0
0
0
0
0
0
0
0
0
0
0
0
0
0
0
0
0
0
0
0
0
0
0
0
0
0
0
0
0
0
0
0
0
0
0
0
0
0
0
0
0
0
0
0
0
0
0
0
0
0
0
0
0
0
0
0
0
0
0
0
0
0
0
0
0
0
0
0
0
0
0
0
0
0
0
0
0
0
0
8.65331
9.87115
9.23147
7.81926
8.19135
5.52244
1.15839
3.88656
7.72553
8.54659
8.81435
9.15656
10.0682
11.2359
10.0017
10.5997
11.1884
10.1012
8.4677
10.4565
12.2508
11.5091
16.5231
14.5566
10.7288
11.316
14.3438
14.4314
13.1023
16.1418
7.89061
17.8023
7.12827
12.5507
9.79023
17.0385
7.40925
12.3141
8.48851
14.2946
7.50182
8.89991
11.5892
11.2243
11.7964
11.0375
11.3641
9.70307
13.6416
12.5882
12.5659
12.2985
12.0139
11.0363
9.34008
8.5413
6.40893
0.598547
0.0181795
0.0151277
0.0134467
0.00284276
0.000329569
4.05207e-05
7.6197
8.19762
8.60417
7.85852
8.17487
6.5561
3.20534
1.88924
1.92244
2.79177
7.35202
9.11311
9.22836
10.3716
10.2803
10.3283
12.353
12.1242
10.2236
11.5875
13.3036
9.37184
14.6846
13.4544
13.8992
6.33579
6.68081
2.90545
20.298
15.2421
1.30079
9.84205
10.3311
18.7686
12.4306
11.7546
15.4477
31.3205
18.0643
18.8662
18.71
13.3111
13.2631
14.0214
13.9453
13.0619
13.3802
10.9194
11.0841
12.5843
12.6024
11.6169
11.2348
10.2864
7.39439
7.23281
3.61858
0.440807
0.1397
0.035778
0.0162292
0.00253581
0.000774308
0.000304905
5.71265
2.31685
6.37751
2.3846
2.25564
6.38125
0.375506
0.883305
0.804788
0.175806
3.30209
3.84764
8.44506
9.6451
9.9249
10.0546
13.8242
10.9686
12.6876
8.55211
14.0295
11.2813
12.4732
16.6741
19.0803
14.2742
2.9536
5.22891
11.5826
11.8076
8.69193
13.8461
29.7439
3.43187
9.34327
13.6442
16.6283
21.1297
7.07894
5.1258
2.1156
12.0365
13.1458
12.9449
15.2523
18.4738
17.6083
16.7626
11.6445
14.1403
13.0439
12.0308
3.64929
6.6617
0.180461
1.75029
1.08334
0.0934534
0.527881
0.0703984
0.01873
0.000583536
0.00106592
0.00207125
1.41759
0.294744
1.11536
0.0470697
0.0087535
1.68968
0.239251
0.230444
0.65722
0.0783731
0.164692
0.696807
7.23184
0.494415
3.42009
9.62853
9.70073
11.8688
9.51902
6.51646
11.6683
0.773496
11.1083
10.5207
8.59213
9.63303
2.60316
3.40976
8.92052
4.56236
8.77581
9.04381
9.63683
13.8689
3.02918
1.15165
2.28577
0.34049
0.309118
0.356111
0.282935
3.42437
3.47367
11.9684
4.69299
4.38932
8.75008
12.9846
11.3878
9.51121
10.1475
12.053
0.8418
0.884863
0.00114054
0
0.0688859
0.0151875
0.0838443
0.0035038
0.00183619
0.000672728
0.000955727
0.00345553
0
0.000169387
0.000116463
0.000180489
3.55583e-05
1.87061e-06
0
0
0
0
2.04439e-06
0.000257612
6.43403e-05
9.88637e-06
1.61785e-05
1.30995e-05
6.04823e-05
2.05071
7.99566
0.297604
0.0113328
0.00418014
0.00648005
0.00917606
0.131353
0.0309085
0.22696
0.373152
3.0798
5.71103
3.16737
1.79458
4.69869
6.67611
1.26174
2.00537
1.39446
1.20002
0.378419
0
0.00777865
0.0137121
0.0090344
0.0139407
0.52389
0.828051
1.07757
5.96885
7.96364
4.22905
4.26007
1.07117
0.0049462
0.00675771
0
0
0
0
0
0
0
0
0.000145412
0
0
0
0
0
0
0
0
0
0
0
0
0
0
0
0
0
0
0
0
0.00257361
0.00394986
0.000949099
0
0
6.36634e-05
1.03981e-05
3.77842e-05
0.00153822
9.98681e-05
0.0263625
0.0123806
0.000822463
0.00530914
0.00812804
0.00419709
0.110387
0.003162
0.00276672
0.000285503
0
0
0
0
0
0
0
0.373894
1.90127
1.24008
1.83819
0.514196
6.7976e-05
0
0
0
0
0
0
0
0
0
0
4.7587e-06
0
0
0
0
0
0
0
0
0
0
0
0
0
0
0
0
0
0
0
0
0
0
0
0
0
0
0
0
0.000732629
0.00236196
0.000499582
0.00261886
0.00833943
0.00268183
0.000541233
0.000660193
0.00189242
0.000940368
0.000599177
0.000302488
0.000167612
3.17531e-05
1.2653e-05
0
0
0
0
0.000490304
0.149705
0.496451
0.00895777
0
0
0
0
0
0
0
0
0
0
0
0
0
0
0
0
0
0
0
0
0
0
0
0
0
0
0
0
0
0
0
0
0
0
0
0
0
0
0
0
0
0
0
4.6613e-06
5.41009e-06
0.000442489
0.000284735
0.000880772
0.000642177
0.000553799
0.00046235
0.000407341
0.000183106
2.59062e-05
1.43785e-05
8.12896e-06
2.31856e-06
0
0
0
0.00019061
0.0617171
0.0117759
5.52314e-05
0
0
0
0
0
0
0
0
0
0
0
0
0
0
0
0
0
0
0
0
0
0
0
0
0
0
0
0
0
0
0
0
0
0
0
0
0
0
0
0
0
0
3.46389e-06
5.10377e-05
0.000453886
0.000210309
0.00011326
0.00366816
0.000393479
0.000527948
0.00046073
0.000377208
0.000100518
4.2206e-05
2.28135e-05
8.43148e-06
0
0
0
4.60735e-05
0.000548415
0.0436079
5.92877e-05
0
0
0
0
0
0
0
0
0
0
0
0
0
0
0
0
0
0
0
0
0
0
0
0
0
0
0
0
0
0
0
0
0
0
0
0
0
0
0
0
0
0
0
1.36913e-05
0.00136243
0.00265381
0.000395718
0.000367801
0.00686565
0.000672263
0.000389575
0.000421166
0.000371648
0.000245413
1.28693e-05
5.62731e-06
0
0
2.29339e-06
0.000271142
0.000671715
0.00979366
0.00510846
0
0
0
0
0
0
0
0
0
0
0
0
0
0
0
0
0
0
0
0
0
0
0
0
0
0
0
0
0
0
0
0
0
0
0
0
0
0
0
0
0
0
0
0
0.000665949
0
0.000424925
0.000301343
0.000463974
0.00393224
0.000615345
0.00022057
0.000376332
0.000283689
0.000375441
4.1063e-05
3.62154e-06
0
0
1.00604e-05
0.000320035
0.00100284
0.000608455
0.00011642
0
0
0
0
0
0
0
0
0
0
0
0
0
0
0
0
0
0
0
0
0
0
0
0
0
0
0
0
0
0
0
0
0
0
0
0
0
0
0
0
0
0
0
0
0
0
0.000808532
0.000657136
0.00167094
0.00216483
0.000425309
0.000174621
0.000384892
0.000318198
0.000232078
6.60208e-05
5.54183e-06
0
0
0
0
4.11286e-06
0
0
0
0
0
0
0
0
0
0
0
0
0
0
0
0
0
0
0
0
0
0
0
0
0
0
0
0
0
0
0
0
0
0
0
0
0
0
0
0
0
0
0
0
0
0
0
0
0.0039316
5.01636e-05
0.00293209
0.00217737
0.000331121
0.000192891
0.000247602
0.000357682
0.000223421
8.16399e-05
5.10607e-06
0
0
0
0
0
0
0
0
0
0
0
0
0
0
0
0
0
0
0
0
0
0
0
0
0
0
0
0
0
0
0
0
0
0
0
0
0
0
0
0
0
0
0
0
0
0
0
0
0
0
0
0
0.000651405
0
6.79191e-05
0.00396753
0.00174253
0.000311481
0.000182423
0.000329712
0.000286258
0.000180589
4.79559e-05
5.80527e-06
0
0
0
0
0
0
0
0
0
0
0
0
0
0
0
0
0
0
0
0
0
0
0
0
0
0
0
0
0
0
0
0
0
0
0
0
0
0
0
0
0
0
0
0
0
0
0
0
0
0
0
0
0.000489697
0
0.000982554
0.00678586
0.000785542
0.00034381
0.000160794
0.000181307
0.000329391
0.000154143
3.1636e-05
5.69178e-06
0
0
0
0
0
0
0
0
0
0
0
0
0
0
0
0
0
0
0
0
0
0
0
0
0
0
0
0
0
0
0
0
0
0
0
0
0
0
0
0
0
0
0
0
0
0
0
0
0
0
0
0
0.00125131
0
0
1.86316e-05
0.000333735
0.00108109
9.88424e-05
0.000244954
0.00024115
9.59855e-05
2.03116e-05
6.60415e-06
0
0
0
0
0
0
0
0
0
0
0
0
0
0
0
0
0
0
0
0
0
0
0
0
0
0
0
0
0
0
0
0
0
0
0
0
0
0
0
0
0
0
0
0
0
0
0
0
0
0
0
0
0.000343053
0
2.64079e-05
3.36217e-06
6.87023e-05
0.000900066
0.000373699
0.00029497
0.00018746
4.83696e-05
6.50787e-06
4.51345e-06
1.17482e-06
0
0
0
0
0
0
0
0
0
0
0
0
0
0
0
0
0
0
0
0
0
0
0
0
0
0
0
0
0
0
0
0
0
0
0
0
0
0
0
0
0
0
0
0
0
0
0
0
0
0
0
0
0
0.000437921
0.000176094
0.000347412
0.000701691
0.00122133
0.000541738
0.000148693
2.41722e-05
6.3951e-06
4.84818e-06
1.61315e-06
0
0
0
0
0
0
0
0
0
0
0
0
0
0
0
0
0
0
0
0
0
0
0
0
0
0
0
0
0
0
0
0
0
0
0
0
0
0
0
0
0
0
0
0
0
0
0
0
0
0
0
0
0
5.15792e-05
0.00118669
0.000570628
0.000584969
0.000581971
0.000512885
0.000270281
2.65346e-05
7.07223e-06
4.22142e-06
2.79905e-06
0
0
0
0
0
0
0
0
0
0
0
0
0
0
0
0
0
0
0
0
0
0
0
0
0
0
0
0
0
0
0
0
0
0
0
0
0
0
0
0
0
0
0
0
0
0
0
0
0
0
0
0
0
1.30374e-05
0.000809954
0.00255851
0.00115358
0.000943907
0.000137462
0.000103107
3.40415e-05
1.28625e-05
5.0862e-06
3.51121e-06
0
0
0
0
0
0
0
0
0
0
0
0
0
0
0
0
0
0
0
0
0
0
0
0
0
0
0
0
0
0
0
0
0
0
0
0
0
0
0
0
0
0
0
0
0
0
0
0
0
0
0
0
0
0
0.000675978
0.00226743
0.00141563
0.00012844
6.45584e-05
8.66782e-05
3.37725e-05
2.36069e-05
8.33467e-06
2.82257e-06
0
0
0
0
0
0
0
0
0
0
0
0
0
0
0
0
0
0
0
0
0
0
0
0
0
0
0
0
0
0
0
0
0
0
0
0
0
0
0
0
0
0
0
0
0
0
0
0
0
0
0
0
0
0
3.93462e-05
0.000114179
0.00249636
0.000619715
8.16802e-05
8.26456e-05
5.329e-05
2.15517e-05
1.05324e-05
2.81852e-06
0
0
0
0
0
0
0
0
0
0
0
0
0
0
0
0
0
0
0
0
0
0
0
0
0
0
0
0
0
0
0
0
0
0
0
0
0
0
0
0
0
0
0
0
0
0
0
0
0
0
0
0
0
0
4.37206e-06
6.49069e-05
0.000124201
0.00166293
0.000104548
7.44764e-05
6.45996e-05
2.68659e-05
6.9401e-06
2.53039e-06
0
0
0
0
0
0
0
0
0
0
0
0
0
0
0
0
0
0
0
0
0
0
0
0
0
0
0
0
0
0
0
0
0
0
0
0
0
0
0
0
0
0
0
0
0
0
0
0
0
0
0
0
0
0
0
0
0.00010291
0.000261893
0.00011557
8.27118e-05
3.31419e-05
2.59997e-05
7.36947e-06
1.34156e-06
0
0
0
0
0
0
0
0
0
0
0
0
0
0
0
0
0
0
0
0
0
0
0
0
0
0
0
0
0
0
0
0
0
0
0
0
0
0
0
0
0
0
0
0
0
0
0
0
0
0
0
0
0
0
0
0
0.000163789
0.000158926
0.000108992
7.12761e-05
4.58665e-05
1.49546e-05
5.7417e-06
0
0
0
0
0
0
0
0
0
0
0
0
0
0
0
0
0
0
0
0
0
0
0
0
0
0
0
0
0
0
0
0
0
0
0
0
0
0
0
0
0
0
0
0
0
0
0
0
0
0
0
0
0
0
0
0
1.57323e-05
0.000976075
8.28437e-05
7.42008e-05
5.4401e-05
3.58572e-05
1.41823e-05
1.86528e-06
0
0
0
0
0
0
0
0
0
0
0
0
0
0
0
0
0
0
0
0
0
0
0
0
0
0
0
0
0
0
0
0
0
0
0
0
0
0
0
0
0
0
0
0
0
0
0
0
0
0
0
0
0
0
0
0
0.000866499
0.00678457
0.000642895
3.65401e-05
2.85423e-05
1.3758e-05
1.01741e-05
1.48732e-06
0
0
0
0
0
0
0
0
0
0
0
0
0
0
0
0
0
0
0
0
0
0
0
0
0
0
0
0
0
0
0
0
0
0
0
0
0
0
0
0
0
0
0
0
0
0
0
0
0
0
0
0
0
0
0
0
0.000173969
0.0090066
0.000952948
3.25846e-05
2.20072e-05
1.54532e-05
2.75214e-06
0
0
0
0
0
0
0
0
0
0
0
0
0
0
0
0
0
0
0
0
0
0
0
0
0
0
0
0
0
0
0
0
0
0
0
0
0
0
0
0
0
0
0
0
0
0
0
0
0
0
0
0
0
0
0
0
0
9.04289e-05
0.0107065
0.00104666
9.09297e-05
3.50931e-05
1.82606e-05
3.5674e-06
0
0
0
0
0
0
0
0
0
0
0
0
0
0
0
0
0
0
0
0
0
0
0
0
0
0
0
0
0
0
0
0
0
0
0
0
0
0
0
0
0
0
0
0
0
0
0
0
0
0
0
0
0
0
0
0
0
1.57115e-05
0.00247613
0.00233515
0.000145676
3.07005e-05
1.48592e-05
2.80772e-06
0
0
0
0
0
0
0
0
0
0
0
0
0
0
0
0
0
0
0
0
0
0
0
0
0
0
0
0
0
0
0
0
0
0
0
0
0
0
0
0
0
0
0
0
0
0
0
0
0
0
0
0
0
0
0
0
0
0
9.33511e-05
0.000863021
0.000194278
3.14749e-05
1.23871e-05
1.89088e-06
0
0
0
0
0
0
0
0
0
0
0
0
0
0
0
0
0
0
0
0
0
0
0
0
0
0
0
0
0
0
0
0
0
0
0
0
0
0
0
0
0
0
0
0
0
0
0
0
0
0
0
0
0
0
0
0
0
0
6.1424e-05
0.000469498
0.00021429
1.64597e-05
4.47697e-06
0
0
0
0
0
0
0
0
0
0
0
0
0
0
0
0
0
0
0
0
0
0
0
0
0
0
0
0
0
0
0
0
0
0
0
0
0
0
0
0
0
0
0
0
0
0
0
0
0
0
0
0
0
0
0
0
0
0
0
0.000240962
0.000325083
3.18307e-05
1.32488e-05
5.35925e-06
0
0
0
0
0
0
0
0
0
0
0
0
0
0
0
0
0
0
0
0
0
0
0
0
0
0
0
0
0
0
0
0
0
0
0
0
0
0
0
0
0
0
0
0
0
0
0
0
0
0
0
0
0
0
0
0
0
0
1.70735e-05
0.000456907
0.000241436
1.23194e-05
1.24525e-05
7.14658e-06
0
0
0
0
0
0
0
0
0
0
0
0
0
0
0
0
0
0
0
0
0
0
0
0
0
0
0
0
0
0
0
0
0
0
0
0
0
0
0
0
0
0
0
0
0
0
0
0
0
0
0
0
0
0
0
0
0
0
2.4746e-05
0.000239055
0.000288563
1.15509e-05
1.16637e-05
6.70298e-06
0
0
0
0
0
0
0
0
0
0
0
0
0
0
0
0
0
0
0
0
0
0
0
0
0
0
0
0
0
0
0
0
0
0
0
0
0
0
0
0
0
0
0
0
0
0
0
0
0
0
0
0
0
0
0
0
0
0
3.16155e-05
0.000199656
0.000114364
1.36173e-05
1.22295e-05
5.80536e-06
0
0
0
0
0
0
0
0
0
0
0
0
0
0
0
0
0
0
0
0
0
0
0
0
0
0
0
0
0
0
0
0
0
0
0
0
0
0
0
0
0
0
0
0
0
0
0
0
0
0
0
0
0
0
0
0
0
0
1.39996e-05
9.76892e-05
6.59568e-05
1.54883e-05
1.17737e-05
3.85585e-06
0
0
0
0
0
0
0
0
0
0
0
0
0
0
0
0
0
0
0
0
0
0
0
0
0
0
0
0
0
0
0
0
0
0
0
0
0
0
0
0
0
0
0
0
0
0
0
0
0
0
0
0
0
0
0
0
0
0
1.4338e-06
4.70754e-05
3.89332e-05
1.38464e-05
1.13783e-05
3.19956e-06
0
0
0
0
0
0
0
0
0
0
0
0
0
0
0
0
0
0
0
0
0
0
0
0
0
0
0
0
0
0
0
0
0
0
0
0
0
0
0
0
0
0
0
0
0
0
0
0
0
0
0
0
0
0
0
0
0
0
0
4.26953e-05
2.66249e-05
1.55328e-05
1.48959e-05
3.80283e-06
0
0
0
0
0
0
0
0
0
0
0
0
0
0
0
0
0
0
0
0
0
0
0
0
0
0
0
0
0
0
0
0
0
0
0
0
0
0
0
0
0
0
0
0
0
0
0
0
0
0
0
0
0
0
0
0
0
0
0
2.41286e-05
3.78023e-05
2.49299e-05
1.88606e-05
4.56176e-06
0
0
0
0
0
0
0
0
0
0
0
0
0
0
0
0
0
0
0
0
0
0
0
0
0
0
0
0
0
0
0
0
0
0
0
0
0
0
0
0
0
0
0
0
0
0
0
0
0
0
0
0
0
0
0
0
0
0
0
9.30253e-06
3.83832e-05
3.22273e-05
1.79321e-05
5.02118e-06
0
0
0
0
0
0
0
0
0
0
0
0
0
0
0
0
0
0
0
0
0
0
0
0
0
0
0
0
0
0
0
0
0
0
0
0
0
0
0
0
0
0
0
0
0
0
0
0
0
0
0
0
0
0
0
0
0
0
0
0
3.24209e-05
3.22242e-05
1.76473e-05
4.00034e-06
0
0
0
0
0
0
0
0
0
0
0
0
0
0
0
0
0
0
0
0
0
0
0
0
0
0
0
0
0
0
0
0
0
0
0
0
0
0
0
0
0
0
0
0
0
0
0
0
0
0
0
0
0
0
0
0
0
0
0
0
1.61725e-05
3.34565e-05
2.20593e-05
2.59328e-06
0
0
0
0
0
0
0
0
0
0
0
0
0
0
0
0
0
0
0
0
0
0
0
0
0
0
0
0
0
0
0
0
0
0
0
0
0
0
0
0
0
0
0
0
0
0
0
0
0
0
0
0
0
0
0
0
0
0
0
0
2.87365e-06
1.38015e-05
1.98428e-05
2.79883e-06
0
0
0
0
0
0
0
0
0
0
0
0
0
0
0
0
0
0
0
0
0
0
0
0
0
0
0
0
0
0
0
0
0
0
0
0
0
0
0
0
0
0
0
0
0
0
0
0
0
0
0
0
0
0
0
0
0
0
0
0
0
4.11574e-06
8.96104e-06
2.13662e-06
0
0
0
0
0
0
0
0
0
0
0
0
0
0
0
0
0
0
0
0
0
0
0
0
0
0
0
0
0
0
0
0
0
0
0
0
0
0
0
0
0
0
0
0
0
0
0
0
0
0
0
0
0
0
0
0
0
0
0
0
0
0
2.3269e-06
1.5618e-06
0
0
0
0
0
0
0
0
0
0
0
0
0
0
0
0
0
0
0
0
0
0
0
0
0
0
0
0
0
0
0
0
0
0
0
0
0
0
0
0
0
0
0
0
0
0
0
0
0
0
0
0
0
0
0
0
0
0
0
0
0
0
0
0
0
0
0
0
0
0
0
0
0
0
0
0
0
0
0
0
0
0
0
0
0
0
0
0
0
0
0
0
0
0
0
0
0
0
0
0
0
0
0
0
0
0
0
0
0
0
0
0
0
0
0
0
0
0
0
0
0
0
0
0
0
0
0
0
0
0
0
0
0
0
0
0
0
0
0
0
0
0
0
0
0
0
0
0
0
0
0
0
0
0
0
0
0
0
0
0
0
0
0
0
0
0
0
0
0
0
0
0
0
0
0
0
0
0
0
0
0
0
0
0
0
0
0
0
0
0
0
0
0
0
0
0
0
0
0
0
0
0
0
0
0
0
0
0
0
0
0
0
0
0
0
0
0
0
0
0
0
0
0
0
0
0
0
0
0
0
0
0
0
0
0
0
0
0
0
0
0
0
0
0
0
0
0
0
0
0
0
0
0
0
0
0
0
0
0
0
0
0
0
0
0
0
0
0
0
0
0
0
0
0
0
0
0
0
0
0
0
0
0
0
0
0
0
0
0
0
0
0
0
0
0
0
0
0
0
0
0
0
0
0
0
0
0
0
0
0
0
0
0
0
0
0
0
0
0
0
0
0
0
0
0
0
0
0
0
0
0
0
0
0
0
0
0
0
0
0
0
0
0
0
0
0
0
0
0
0
0
0
0
0
0
0
0
0
0
0
0
0
0
0
0
0
0
0
0
0
0
0
0
0
0
0
0
0
0
0
0
0
0
0
0
0
0
0
0
0
0
0
0
0
0
0
0
0
0
0
0
0
0
0
0
0
0
0
0
0
0
0
0
0
0
0
0
0
0
0
0
0
0
0
0
0
0
0
0
0
0
0
0
0
0
0
0
0
0
0
0
0
0
0
0
0
0
0
0
0
0
0
0
0
0
0
0
0
0
0
0
0
0
0
0
0
0
0
0
0
0
0
0
0
0
0
0
0
0
0
0
0
0
0
0
0
0
0
0
0
0
0
0
0
0
0
0
0
0
0
0
0
0
0
0
0
0
0
0
0
0
0
0
0
0
0
0
0
0
0
0
0
0
0
0
0
0
0
0
0
0
0
0
0
0
0
0
0
0
0
0
0
0
0
0
0
0
0
0
0
0
0
0
0
0
0
0
0
0
0
0
0
0
0
0
0
0
0
0
0
0
0
0
0
0
0
0
0
0
0
0
0
0
0
0
0
0
0
0
0
0
0
0
0
0
0
0
0
0
0
0
0
0
0
0
0
0
0
0
0
0
0
0
0
0
0
0
0
0
0
0
0
0
0
0
0
0
0
0
0
0
0
0
0
0
0
0
0
0
0
0
0
0
0
0
0
0
0
0
0
0
0
0
0
0
0
0
0
0
0
0
0
0
0
0
0
0
0
0
0
0
0
0
0
0
0
0
0
0
0
0
0
0
0
0
0
0
0
0
0
0
0
0
0
0
0
0
0
0
0
0
0
0
0
0
0
0
0
0
0
0
0
0
0
0
0
0
0
0
0
0
0
0
0
0
0
0
0
0
0
0
0
0
0
0
0
0
0
0
0
0
0
0
0
0
0
0
0
0
0
0
0
0
0
0
0
0
0
0
0
0
0
0
0
0
0
0
0
0
0
0
0
0
0
0
0
0
0
0
0
0
0
0
0
0
0
0
0
0
0
0
0
0
0
0
0
0
0
0
0
0
0
0
0
0
0
0
0
0
0
0
0
0
0
0
0
0
0
0
0
0
0
0
0
0
0
0
0
0
0
0
0
0
0
0
0
0
0
0
0
0
0
0
0
0
0
0
0
0
0
0
0
0
0
0
0
0
0
0
0
0
0
0
0
0
0
0
0
0
0
0
0
0
0
0
0
0
0
0
0
0
0
0
0
0
0
0
0
0
0
0
0
0
0
0
0
0
0
0
0
0
0
0
0
0
0
0
0
0
0
0
0
0
0
0
0
0
0
0
0
0
0
0
0
0
0
0
0
0
0
0
0
0
0
0
0
0
0
0
0
0
0
0
0
0
0
0
0
0
0
0
0
0
0
0
0
0
0
0
0
0
0
0
0
0
0
0
0
0
0
0
0
0
0
0
0
0
0
0
0
0
0
0
0
0
0
0
0
0
0
0
0
0
0
0
0
0
0
0
0
0
0
0
0
0
0
0
0
0
0
0
0
0
0
0
0
0
0
0
0
0
0
0
0
0
0
0
0
0
0
0
0
0
0
0
0
0
0
0
0
0
0
0
0
0
0
0
0
0
0
0
0
0
0
0
0
0
0
0
0
0
0
0
0
0
0
0
0
0
0
0
0
0
0
0
0
0
0
0
0
0
0
0
0
0
0
0
0
0
0
0
0
0
0
0
0
0
0
0
0
0
0
0
0
0
0
0
0
0
0
0
0
0
0
0
0
0
0
0
0
0
0
0
0
0
0
0
0
0
0
0
0
0
0
0
0
0
0
0
0
0
0
0
0
0
0
0
0
0
0
0
0
0
0
0
0
0
0
0
0
0
0
0
0
0
0
0
0
0
0
0
0
0
0
0
0
0
8.24053
10.0454
9.89783
8.47351
8.96619
4.98097
0.769444
1.15092
3.26452
6.43872
7.14027
6.61053
7.48236
9.95743
10.5429
9.61056
9.68187
11.8458
9.20762
11.7901
10.9824
8.18314
11.4594
17.9702
18.0435
5.24877
14.2045
13.163
6.19933
15.5119
13.0228
10.8988
22.3081
9.37992
9.90412
7.79205
21.2861
13.34
12.8902
12.7598
14.9053
10.9666
11.2111
10.285
11.0782
11.5602
11.6225
10.1523
10.7813
12.365
11.584
12.1067
12.0033
10.3961
8.77888
9.04106
6.5155
0.428175
0.0400838
0.0540044
0.0233205
0.00328937
0.000489643
4.09817e-05
7.18675
8.5253
9.3571
8.69181
8.99318
6.01008
2.67366
1.00989
1.06711
0.946715
3.50653
4.87465
4.75939
9.8772
9.89966
8.31509
10.673
11.6742
11.834
10.1961
13.6331
10.8529
14.3274
15.4933
14.243
18.6187
24.1859
14.7102
11.3645
11.5949
12.0709
11.1945
7.7715
10.8357
13.3955
17.8092
17.1803
13.64
19.362
23.3866
10.9616
12.3387
11.1267
14.8403
12.0721
14.7802
13.9686
10.5119
10.5009
12.921
11.6926
11.6196
10.9833
9.25186
7.09982
8.22146
3.55495
0.226374
0.0686115
0.0538894
0.0251725
0.00418604
0.000306655
4.3503e-05
5.03235
2.13607
9.14044
1.3616
4.99664
5.7357
1.33008
0.880946
0.46028
0.188877
0.85516
1.67259
1.68641
9.64873
9.68144
9.71342
10.6292
12.3219
11.561
8.12582
11.0953
11.8924
8.59359
8.14205
7.64025
10.9491
15.7956
21.6458
1.87794
8.01183
13.2202
7.61162
7.15316
14.325
4.2182
19.173
29.9825
11.9472
2.48668
16.4128
9.73831
14.5174
4.72747
6.946
18.5855
12.8983
16.4484
12.1647
12.3459
13.4887
12.4902
10.8479
8.05318
3.30155
0.680201
6.54958
1.87593
0.0196927
0.111416
0.0419558
0.0081089
0.00256509
0.000193522
0.00040483
1.21064
0.294561
5.23099
0.0484074
0.080294
1.27441
0.25516
0.300133
0.0693989
0.0134965
0.0215434
0.272349
0.0159819
0.223666
1.10031
8.47034
10.6529
12.6327
9.20033
3.81711
6.73138
3.45315
4.68101
1.55413
0.737362
3.7098
19.3136
0.606901
1.47991
4.78702
19.0374
20.6652
2.41759
6.95935
0.376271
0.787309
0.839181
0.309461
0.117507
2.98308
3.67472
4.85671
0.940943
0.274677
13.8119
4.29314
9.05421
9.47502
13.8613
12.4925
9.04495
2.37783
2.01659
0.192167
0
1.14882
0.65652
0.00274745
0.0352108
0.0228381
0.00187103
0.00156162
0.000120436
0.000315417
0
6.44038e-05
5.04688e-05
5.27257e-05
6.7092e-06
0
0
0
0
0
0
7.75475e-05
1.98946e-05
7.80951e-06
2.11227e-06
1.58592e-05
4.40034e-05
0.836785
7.45098
2.2339
0.0233333
0.0239128
0.00940152
0.0133428
5.80229e-06
0.0763464
0.12303
0.0361289
0.00337217
4.54844
1.30168
4.10638
9.87481
1.02032
0.0366999
0.474242
0.0923074
0.00504153
0.00139632
0.0173369
0.165935
0.394095
0.00156891
0.469738
1.94646
0.208619
1.27774
3.98372
5.22754
8.35565
2.74528
0.03726
0.00615939
7.23562e-05
0
0
0
0
0
0
0
0
5.03956e-05
0
0
0
0
0
0
0
0
0
0
0
0
0
0
0
0
0
0
0
0
0.000155559
0.00644144
0.0066262
0.00502562
0
0
0
0.000509838
0.000153398
7.1209e-06
0.00737622
0.0433955
0.00471197
0.0377076
0.0618298
0.0129969
0.194399
0.00623167
0.000367043
2.96347e-05
0
0
0.000149899
0.000118263
0.000290936
0
0.532328
0.623599
1.47078
1.72971
0.394861
0.183171
1.02306e-05
0
0
0
0
0
0
0
0
0
0
3.97433e-06
0
0
0
0
0
0
0
0
0
0
0
0
0
0
0
0
0
0
0
0
0
0
0
0
0
0
0
0
0
0.00100711
0.000102353
0.00151976
0.00195874
0.0078896
0.019367
0.00200733
0.00044805
0.000390413
0.00026717
0.000188006
0.000138625
5.82895e-05
8.75129e-06
2.49921e-06
0
0
0.000307674
0.00663125
0.45288
0.119963
5.2316e-05
0
0
0
0
0
0
0
0
0
0
0
0
0
0
0
0
0
0
0
0
0
0
0
0
0
0
0
0
0
0
0
0
0
0
0
0
0
0
0
0
0
0
2.59542e-05
1.30062e-06
0.000884727
0.000420837
0.00604132
0.000225885
2.03908e-06
0
5.34783e-05
4.09798e-05
0.000128985
0.000100716
6.64084e-05
2.16486e-06
0
0
0
3.13993e-06
0.000361964
0.017845
0.000919324
0
0
0
0
0
0
0
0
0
0
0
0
0
0
0
0
0
0
0
0
0
0
0
0
0
0
0
0
0
0
0
0
0
0
0
0
0
0
0
0
0
0
0
4.72955e-06
0
0
0.000567009
0.00149185
6.80702e-05
1.9369e-06
1.54186e-06
3.98355e-05
5.07972e-05
4.39408e-05
3.38259e-05
4.76378e-06
0
0
2.6966e-06
7.57315e-06
0.000162384
0.000971314
0.00165949
0
0
0
0
0
0
0
0
0
0
0
0
0
0
0
0
0
0
0
0
0
0
0
0
0
0
0
0
0
0
0
0
0
0
0
0
0
0
0
0
0
0
0
0
0
0
8.58862e-05
0.000573363
0.000223392
0.000128814
4.42304e-06
1.35788e-06
2.09379e-05
6.65266e-05
3.32468e-05
4.83598e-06
0
0
0
1.43318e-05
0.000154835
0.000257877
0.000936915
6.02561e-05
0
0
0
0
0
0
0
0
0
0
0
0
0
0
0
0
0
0
0
0
0
0
0
0
0
0
0
0
0
0
0
0
0
0
0
0
0
0
0
0
0
0
0
0
0
3.51289e-05
9.36635e-06
8.71779e-05
0.000139414
6.57124e-05
9.05497e-06
1.7972e-06
1.9499e-05
7.33229e-05
4.36989e-05
7.42904e-06
0
0
0
6.78249e-06
0.000149598
7.78096e-05
5.11751e-06
0
0
0
0
0
0
0
0
0
0
0
0
0
0
0
0
0
0
0
0
0
0
0
0
0
0
0
0
0
0
0
0
0
0
0
0
0
0
0
0
0
0
0
0
0
2.15875e-05
0
5.59266e-06
3.81778e-05
0.000128772
7.06664e-05
1.20342e-05
0
5.41346e-06
3.12407e-05
9.50644e-05
2.43029e-05
0
0
0
0
0
0
0
0
0
0
0
0
0
0
0
0
0
0
0
0
0
0
0
0
0
0
0
0
0
0
0
0
0
0
0
0
0
0
0
0
0
0
0
0
0
0
0
0
0
0
0
0
0
0
0
5.20916e-05
0.000139252
9.00496e-05
1.12202e-05
0
4.13148e-06
5.0611e-05
9.178e-05
2.03761e-05
0
0
0
0
0
0
0
0
0
0
0
0
0
0
0
0
0
0
0
0
0
0
0
0
0
0
0
0
0
0
0
0
0
0
0
0
0
0
0
0
0
0
0
0
0
0
0
0
0
0
0
0
0
0
0
4.39097e-05
0.000226632
7.64329e-05
9.41564e-06
3.07177e-06
2.83895e-06
0.000110797
0.000131022
3.3511e-05
1.92373e-06
0
0
0
0
0
0
0
0
0
0
0
0
0
0
0
0
0
0
0
0
0
0
0
0
0
0
0
0
0
0
0
0
0
0
0
0
0
0
0
0
0
0
0
0
0
0
0
0
0
0
0
0
0
0
6.12372e-05
0.000493963
8.0764e-05
3.05482e-05
8.05158e-06
1.40842e-05
0.000187616
0.000208961
6.57503e-05
4.73104e-06
0
0
0
0
0
0
0
0
0
0
0
0
0
0
0
0
0
0
0
0
0
0
0
0
0
0
0
0
0
0
0
0
0
0
0
0
0
0
0
0
0
0
0
0
0
0
0
0
0
0
0
0
0
3.33492e-06
5.92136e-05
0.000195141
7.49118e-05
6.69748e-05
3.08341e-05
5.7329e-05
0.000218008
0.000235498
0.000100406
1.55999e-05
0
0
0
0
0
0
0
0
0
0
0
0
0
0
0
0
0
0
0
0
0
0
0
0
0
0
0
0
0
0
0
0
0
0
0
0
0
0
0
0
0
0
0
0
0
0
0
0
0
0
0
0
0
0
2.2114e-05
0.000118699
0.000381537
4.30305e-05
2.85635e-05
0.000132646
0.000254038
0.000202168
0.000105809
2.43597e-05
1.51141e-06
0
0
0
0
0
0
0
0
0
0
0
0
0
0
0
0
0
0
0
0
0
0
0
0
0
0
0
0
0
0
0
0
0
0
0
0
0
0
0
0
0
0
0
0
0
0
0
0
0
0
0
0
0
0
4.2582e-05
0.000118209
0.000152063
0.000118262
0.000220647
0.000259923
0.000129746
5.79643e-05
2.29546e-05
2.34735e-06
0
0
0
0
0
0
0
0
0
0
0
0
0
0
0
0
0
0
0
0
0
0
0
0
0
0
0
0
0
0
0
0
0
0
0
0
0
0
0
0
0
0
0
0
0
0
0
0
0
0
0
0
0
0
1.5265e-05
9.30265e-05
0.000333909
0.000628655
0.000682977
0.000300718
8.82828e-05
4.44039e-05
2.42964e-05
5.68464e-06
0
0
0
0
0
0
0
0
0
0
0
0
0
0
0
0
0
0
0
0
0
0
0
0
0
0
0
0
0
0
0
0
0
0
0
0
0
0
0
0
0
0
0
0
0
0
0
0
0
0
0
0
0
0
6.25308e-06
2.55172e-05
3.55683e-05
0.000114538
0.000471312
0.000326847
9.59522e-05
4.48557e-05
2.03657e-05
7.1676e-06
0
0
0
0
0
0
0
0
0
0
0
0
0
0
0
0
0
0
0
0
0
0
0
0
0
0
0
0
0
0
0
0
0
0
0
0
0
0
0
0
0
0
0
0
0
0
0
0
0
0
0
0
0
0
4.36982e-05
0.000108497
7.14843e-05
0.000211791
0.000308755
0.000277502
0.00011001
4.79599e-05
2.17583e-05
6.31952e-06
0
0
0
0
0
0
0
0
0
0
0
0
0
0
0
0
0
0
0
0
0
0
0
0
0
0
0
0
0
0
0
0
0
0
0
0
0
0
0
0
0
0
0
0
0
0
0
0
0
0
0
0
0
0
2.81153e-06
1.73936e-05
0.000115569
0.000129606
0.000196599
0.000198311
0.000129618
5.74003e-05
2.35941e-05
6.04985e-06
0
0
0
0
0
0
0
0
0
0
0
0
0
0
0
0
0
0
0
0
0
0
0
0
0
0
0
0
0
0
0
0
0
0
0
0
0
0
0
0
0
0
0
0
0
0
0
0
0
0
0
0
0
0
0
3.22309e-06
6.59647e-05
0.000258507
0.000134968
0.000170429
0.000115325
5.84007e-05
1.78669e-05
5.38003e-06
0
0
0
0
0
0
0
0
0
0
0
0
0
0
0
0
0
0
0
0
0
0
0
0
0
0
0
0
0
0
0
0
0
0
0
0
0
0
0
0
0
0
0
0
0
0
0
0
0
0
0
0
0
0
0
0
2.24683e-05
0.000167168
0.000138417
0.000128451
7.57223e-05
4.85289e-05
1.65022e-05
3.04993e-06
0
0
0
0
0
0
0
0
0
0
0
0
0
0
0
0
0
0
0
0
0
0
0
0
0
0
0
0
0
0
0
0
0
0
0
0
0
0
0
0
0
0
0
0
0
0
0
0
0
0
0
0
0
0
0
0
7.26882e-06
9.92234e-05
0.000158114
0.000127961
6.80082e-05
2.99197e-05
1.11234e-05
1.1959e-06
0
0
0
0
0
0
0
0
0
0
0
0
0
0
0
0
0
0
0
0
0
0
0
0
0
0
0
0
0
0
0
0
0
0
0
0
0
0
0
0
0
0
0
0
0
0
0
0
0
0
0
0
0
0
0
0
5.60297e-06
7.88361e-05
0.0001351
0.000120986
5.89981e-05
2.2332e-05
3.78304e-06
0
0
0
0
0
0
0
0
0
0
0
0
0
0
0
0
0
0
0
0
0
0
0
0
0
0
0
0
0
0
0
0
0
0
0
0
0
0
0
0
0
0
0
0
0
0
0
0
0
0
0
0
0
0
0
0
2.35597e-06
9.5442e-05
0.000107374
8.92743e-05
8.64974e-05
3.97541e-05
1.29147e-05
1.53359e-06
0
0
0
0
0
0
0
0
0
0
0
0
0
0
0
0
0
0
0
0
0
0
0
0
0
0
0
0
0
0
0
0
0
0
0
0
0
0
0
0
0
0
0
0
0
0
0
0
0
0
0
0
0
0
0
0
4.33901e-06
0.000126436
0.000226197
0.00010669
5.97194e-05
2.91822e-05
5.43954e-06
1.03524e-06
0
0
0
0
0
0
0
0
0
0
0
0
0
0
0
0
0
0
0
0
0
0
0
0
0
0
0
0
0
0
0
0
0
0
0
0
0
0
0
0
0
0
0
0
0
0
0
0
0
0
0
0
0
0
0
0
4.78123e-06
0.00035106
0.000465209
0.000152136
6.93903e-05
3.13579e-05
4.19376e-06
0
0
0
0
0
0
0
0
0
0
0
0
0
0
0
0
0
0
0
0
0
0
0
0
0
0
0
0
0
0
0
0
0
0
0
0
0
0
0
0
0
0
0
0
0
0
0
0
0
0
0
0
0
0
0
0
0
1.08571e-06
8.1497e-05
0.000386755
0.000136193
6.6151e-05
2.97023e-05
1.76023e-06
0
0
0
0
0
0
0
0
0
0
0
0
0
0
0
0
0
0
0
0
0
0
0
0
0
0
0
0
0
0
0
0
0
0
0
0
0
0
0
0
0
0
0
0
0
0
0
0
0
0
0
0
0
0
0
0
0
0
3.59234e-05
0.000133061
0.000176763
5.9582e-05
1.67686e-05
1.81568e-06
0
0
0
0
0
0
0
0
0
0
0
0
0
0
0
0
0
0
0
0
0
0
0
0
0
0
0
0
0
0
0
0
0
0
0
0
0
0
0
0
0
0
0
0
0
0
0
0
0
0
0
0
0
0
0
0
0
0
1.98949e-05
0.000170021
0.000166957
5.01915e-05
9.73946e-06
0
0
0
0
0
0
0
0
0
0
0
0
0
0
0
0
0
0
0
0
0
0
0
0
0
0
0
0
0
0
0
0
0
0
0
0
0
0
0
0
0
0
0
0
0
0
0
0
0
0
0
0
0
0
0
0
0
0
0
1.35354e-05
6.18616e-05
6.63632e-05
3.696e-05
8.03827e-06
0
0
0
0
0
0
0
0
0
0
0
0
0
0
0
0
0
0
0
0
0
0
0
0
0
0
0
0
0
0
0
0
0
0
0
0
0
0
0
0
0
0
0
0
0
0
0
0
0
0
0
0
0
0
0
0
0
0
0
1.77161e-05
5.4114e-05
4.98237e-05
3.58118e-05
4.10523e-06
0
0
0
0
0
0
0
0
0
0
0
0
0
0
0
0
0
0
0
0
0
0
0
0
0
0
0
0
0
0
0
0
0
0
0
0
0
0
0
0
0
0
0
0
0
0
0
0
0
0
0
0
0
0
0
0
0
0
3.12583e-06
2.92738e-05
6.11815e-05
5.15e-05
3.43461e-05
2.90395e-06
0
0
0
0
0
0
0
0
0
0
0
0
0
0
0
0
0
0
0
0
0
0
0
0
0
0
0
0
0
0
0
0
0
0
0
0
0
0
0
0
0
0
0
0
0
0
0
0
0
0
0
0
0
0
0
0
0
0
5.13801e-06
3.23253e-05
6.2333e-05
5.57626e-05
3.20163e-05
3.71673e-06
0
0
0
0
0
0
0
0
0
0
0
0
0
0
0
0
0
0
0
0
0
0
0
0
0
0
0
0
0
0
0
0
0
0
0
0
0
0
0
0
0
0
0
0
0
0
0
0
0
0
0
0
0
0
0
0
0
0
1.4425e-06
2.80976e-05
5.69355e-05
5.50458e-05
2.61797e-05
3.25238e-06
0
0
0
0
0
0
0
0
0
0
0
0
0
0
0
0
0
0
0
0
0
0
0
0
0
0
0
0
0
0
0
0
0
0
0
0
0
0
0
0
0
0
0
0
0
0
0
0
0
0
0
0
0
0
0
0
0
0
0
2.2309e-05
5.29182e-05
4.84729e-05
2.06697e-05
1.83043e-06
0
0
0
0
0
0
0
0
0
0
0
0
0
0
0
0
0
0
0
0
0
0
0
0
0
0
0
0
0
0
0
0
0
0
0
0
0
0
0
0
0
0
0
0
0
0
0
0
0
0
0
0
0
0
0
0
0
0
0
1.40605e-05
4.77124e-05
4.79151e-05
1.7599e-05
0
0
0
0
0
0
0
0
0
0
0
0
0
0
0
0
0
0
0
0
0
0
0
0
0
0
0
0
0
0
0
0
0
0
0
0
0
0
0
0
0
0
0
0
0
0
0
0
0
0
0
0
0
0
0
0
0
0
0
0
7.22072e-06
3.0544e-05
3.53837e-05
1.52136e-05
0
0
0
0
0
0
0
0
0
0
0
0
0
0
0
0
0
0
0
0
0
0
0
0
0
0
0
0
0
0
0
0
0
0
0
0
0
0
0
0
0
0
0
0
0
0
0
0
0
0
0
0
0
0
0
0
0
0
0
0
2.04005e-06
1.15609e-05
1.97496e-05
1.26762e-05
0
0
0
0
0
0
0
0
0
0
0
0
0
0
0
0
0
0
0
0
0
0
0
0
0
0
0
0
0
0
0
0
0
0
0
0
0
0
0
0
0
0
0
0
0
0
0
0
0
0
0
0
0
0
0
0
0
0
0
0
0
4.95331e-06
1.53885e-05
8.41267e-06
0
0
0
0
0
0
0
0
0
0
0
0
0
0
0
0
0
0
0
0
0
0
0
0
0
0
0
0
0
0
0
0
0
0
0
0
0
0
0
0
0
0
0
0
0
0
0
0
0
0
0
0
0
0
0
0
0
0
0
0
0
1.28281e-06
8.09582e-06
3.63822e-06
0
0
0
0
0
0
0
0
0
0
0
0
0
0
0
0
0
0
0
0
0
0
0
0
0
0
0
0
0
0
0
0
0
0
0
0
0
0
0
0
0
0
0
0
0
0
0
0
0
0
0
0
0
0
0
0
0
0
0
0
0
0
0
1.24165e-06
0
0
0
0
0
0
0
0
0
0
0
0
0
0
0
0
0
0
0
0
0
0
0
0
0
0
0
0
0
0
0
0
0
0
0
0
0
0
0
0
0
0
0
0
0
0
0
0
0
0
0
0
0
0
0
0
0
0
0
0
0
0
0
0
0
0
0
0
0
0
0
0
0
0
0
0
0
0
0
0
0
0
0
0
0
0
0
0
0
0
0
0
0
0
0
0
0
0
0
0
0
0
0
0
0
0
0
0
0
0
0
0
0
0
0
0
0
0
0
0
0
0
0
0
0
0
0
0
0
0
0
0
0
0
0
0
0
0
0
0
0
0
0
0
0
0
0
0
0
0
0
0
0
0
0
0
0
0
0
0
0
0
0
0
0
0
0
0
0
0
0
0
0
0
0
0
0
0
0
0
0
0
0
0
0
0
0
0
0
0
0
0
0
0
0
0
0
0
0
0
0
0
0
0
0
0
0
0
0
0
0
0
0
0
0
0
0
0
0
0
0
0
0
0
0
0
0
0
0
0
0
0
0
0
0
0
0
0
0
0
0
0
0
0
0
0
0
0
0
0
0
0
0
0
0
0
0
0
0
0
0
0
0
0
0
0
0
0
0
0
0
0
0
0
0
0
0
0
0
0
0
0
0
0
0
0
0
0
0
0
0
0
0
0
0
0
0
0
0
0
0
0
0
0
0
0
0
0
0
0
0
0
0
0
0
0
0
0
0
0
0
0
0
0
0
0
0
0
0
0
0
0
0
0
0
0
0
0
0
0
0
0
0
0
0
0
0
0
0
0
0
0
0
0
0
0
0
0
0
0
0
0
0
0
0
0
0
0
0
0
0
0
0
0
0
0
0
0
0
0
0
0
0
0
0
0
0
0
0
0
0
0
0
0
0
0
0
0
0
0
0
0
0
0
0
0
0
0
0
0
0
0
0
0
0
0
0
0
0
0
0
0
0
0
0
0
0
0
0
0
0
0
0
0
0
0
0
0
0
0
0
0
0
0
0
0
0
0
0
0
0
0
0
0
0
0
0
0
0
0
0
0
0
0
0
0
0
0
0
0
0
0
0
0
0
0
0
0
0
0
0
0
0
0
0
0
0
0
0
0
0
0
0
0
0
0
0
0
0
0
0
0
0
0
0
0
0
0
0
0
0
0
0
0
0
0
0
0
0
0
0
0
0
0
0
0
0
0
0
0
0
0
0
0
0
0
0
0
0
0
0
0
0
0
0
0
0
0
0
0
0
0
0
0
0
0
0
0
0
0
0
0
0
0
0
0
0
0
0
0
0
0
0
0
0
0
0
0
0
0
0
0
0
0
0
0
0
0
0
0
0
0
0
0
0
0
0
0
0
0
0
0
0
0
0
0
0
0
0
0
0
0
0
0
0
0
0
0
0
0
0
0
0
0
0
0
0
0
0
0
0
0
0
0
0
0
0
0
0
0
0
0
0
0
0
0
0
0
0
0
0
0
0
0
0
0
0
0
0
0
0
0
0
0
0
0
0
0
0
0
0
0
0
0
0
0
0
0
0
0
0
0
0
0
0
0
0
0
0
0
0
0
0
0
0
0
0
0
0
0
0
0
0
0
0
0
0
0
0
0
0
0
0
0
0
0
0
0
0
0
0
0
0
0
0
0
0
0
0
0
0
0
0
0
0
0
0
0
0
0
0
0
0
0
0
0
0
0
0
0
0
0
0
0
0
0
0
0
0
0
0
0
0
0
0
0
0
0
0
0
0
0
0
0
0
0
0
0
0
0
0
0
0
0
0
0
0
0
0
0
0
0
0
0
0
0
0
0
0
0
0
0
0
0
0
0
0
0
0
0
0
0
0
0
0
0
0
0
0
0
0
0
0
0
0
0
0
0
0
0
0
0
0
0
0
0
0
0
0
0
0
0
0
0
0
0
0
0
0
0
0
0
0
0
0
0
0
0
0
0
0
0
0
0
0
0
0
0
0
0
0
0
0
0
0
0
0
0
0
0
0
0
0
0
0
0
0
0
0
0
0
0
0
0
0
0
0
0
0
0
0
0
0
0
0
0
0
0
0
0
0
0
0
0
0
0
0
0
0
0
0
0
0
0
0
0
0
0
0
0
0
0
0
0
0
0
0
0
0
0
0
0
0
0
0
0
0
0
0
0
0
0
0
0
0
0
0
0
0
0
0
0
0
0
0
0
0
0
0
0
0
0
0
0
0
0
0
0
0
0
0
0
0
0
0
0
0
0
0
0
0
0
0
0
0
0
0
0
0
0
0
0
0
0
0
0
0
0
0
0
0
0
0
0
0
0
0
0
0
0
0
0
0
0
0
0
0
0
0
0
0
0
0
0
0
0
0
0
0
0
0
0
0
0
0
0
0
0
0
0
0
0
0
0
0
0
0
0
0
0
0
0
0
0
0
0
0
0
0
0
0
0
0
0
0
0
0
0
0
0
0
0
0
0
0
0
0
0
0
0
0
0
0
0
0
0
0
0
0
0
0
0
0
0
0
0
0
0
0
0
0
0
0
0
0
0
0
0
0
0
0
0
0
0
0
0
0
0
0
0
0
0
0
0
0
0
0
0
0
0
0
0
0
0
0
0
0
0
0
0
0
0
0
0
0
0
0
0
0
0
0
0
0
0
0
0
0
0
0
0
0
0
0
0
0
0
0
0
0
0
0
0
0
0
0
0
0
0
0
0
0
0
0
0
0
0
0
0
0
0
0
0
0
0
0
0
0
0
0
0
0
0
0
0
0
0
0
0
0
0
0
0
0
0
0
0
0
0
0
0
0
0
0
0
0
0
0
0
0
0
0
0
0
0
0
0
0
0
0
0
0
0
0
0
0
0
0
0
0
0
0
0
0
0
0
0
0
0
0
0
0
0
0
0
0
0
0
0
0
0
0
0
0
0
0
0
0
0
0
0
0
0
0
0
0
0
0
0
0
0
0
0
0
0
0
0
7.58211
9.99256
10.2367
9.53854
9.36372
4.48467
1.00209
0.110437
0.0378205
0.838683
3.135
3.06454
2.57699
9.08699
9.97591
8.17233
9.62724
10.6502
10.0161
11.7722
10.7637
11.0496
8.27981
14.9784
12.3719
16.9441
12.8421
19.3698
17.6167
5.47527
8.85359
9.3791
9.41886
10.2556
10.6213
12.4361
17.7406
10.345
12.8556
9.38299
15.0746
13.0858
15.4006
14.0653
12.523
8.61042
10.2989
10.3739
11.0514
12.7177
11.3117
11.9337
11.2697
9.23979
9.09084
9.39342
6.46908
0.312642
0.11497
0.101246
0.023519
0.00271518
0.000375401
2.72833e-05
6.83114
8.88094
9.93593
9.49294
8.83828
4.50276
2.3096
0.892763
0.220952
0.249727
0.512202
1.23486
1.00238
8.1932
9.84919
9.43888
10.3759
9.95081
10.5631
8.84751
9.24745
14.1627
9.96633
13.6441
13.0969
12.7681
15.0699
14.8452
5.0816
5.06325
2.61816
11.4499
5.60786
12.4807
19.2935
7.29849
11.7487
18.3824
14.9635
13.7769
12.4273
14.1198
15.2288
13.0713
10.28
10.131
11.4452
10.5864
10.0134
13.9873
11.1052
11.8434
10.2772
8.44947
8.79386
8.49681
3.4725
0.11536
0.115159
0.0920131
0.0291401
0.00491553
0.000665152
4.54716e-05
5.49512
1.26842
8.0003
5.45909
3.67855
4.43376
1.10406
0.485009
0.290759
0.141467
0.0310082
0.00784612
0.441121
7.57111
9.08679
10.1185
9.43924
10.7462
10.9768
11.0385
8.02276
11.5912
12.5271
9.04058
13.8516
17.3027
9.1703
8.89452
16.7373
11.8909
13.7327
12.6288
12.4435
10.3725
2.08086
10.0184
17.695
13.9437
13.6387
13.998
13.0196
14.0718
3.62817
13.5163
13.0154
15.1251
13.4474
11.1551
10.9502
13.1658
11.7788
11.6434
2.71773
0.67182
6.78724
3.55731
1.43264
0.00700796
0.0668996
0.0223989
0.013615
0.000519792
4.32774e-05
3.88046e-05
2.57456
0.421211
1.91486
0.552976
0.139501
1.61732
0.177816
0.052421
0.0520282
0.0997657
0.0100504
0.000367933
0.00320153
0.0452725
0.040589
1.83439
9.58352
10.5251
13.6094
11.7678
4.76801
6.09503
6.22246
9.3552
5.99199
5.40108
11.8663
10.6909
16.4837
1.35907
13.4761
1.40453
4.95873
7.66633
0.228982
0.34626
0.457242
0.0370761
5.09437
10.7018
8.32074
15.2909
4.94764
9.44788
18.3711
5.44049
5.93287
7.72289
9.257
11.9689
12.0865
9.06155
0.0402509
0
1.84569
0.331388
0.420446
0.000131991
0.00516745
0.000128294
8.13566e-05
2.38466e-05
1.07131e-05
5.56758e-05
0
2.41761e-05
1.69081e-05
8.82731e-06
1.10268e-06
0
0
0
0
0
0
0
0
0
1.09578e-05
4.26704e-05
4.79887e-05
0.0795133
6.45026
8.51199
0.855919
0.0532523
0.0185379
0.000482128
0.00545429
0.0133414
1.99579e-05
0.404498
1.6219
0.0679185
0.0129499
0.680981
0.75072
0.0501841
0.00164793
0.0150012
0.00467196
1.70589e-05
0.0786639
2.25609
1.62186
0.783371
1.553
1.75512
0.00663186
1.37007
1.5084
2.0752
6.80925
5.25082
0.330426
0.0162523
2.99844e-05
0
0
0
0
0
0
0
0
0
6.12116e-06
0
0
0
0
0
0
0
0
0
0
0
0
0
0
0
0
0
0
0
0
0
0.000700815
0.0123752
0.0141454
5.56386e-05
0
0
0
0.000125117
0.000220546
0.00013505
0.00100624
0.00215115
0.00713772
0.00492519
0.00536841
0.00878342
0.000823852
0.00406942
0.000471191
0.00182442
0.00429372
0.000119875
5.97385e-06
0.00660289
0.0719851
0.31976
0.764211
2.38322
1.54015
0.0541409
5.47185e-06
0
0
0
0
0
0
0
0
0
0
0
1.11731e-06
0
0
0
0
0
0
0
0
0
0
0
0
0
0
0
0
0
0
0
0
0
0
0
0
0
0
0
0
0
0
3.62882e-06
9.93628e-05
7.32986e-05
9.4305e-05
0.000708211
2.90525e-05
1.27327e-06
2.60039e-06
8.81986e-06
8.16026e-06
4.35819e-06
2.74047e-05
1.15921e-05
0
0
0.0207791
0.00388173
0.0239622
0.297118
3.26432e-05
0
2.72052e-06
0
0
0
0
0
0
0
0
0
0
0
0
0
0
0
0
0
0
0
0
0
0
0
0
0
0
0
0
0
0
0
0
0
0
0
0
0
0
0
0
0
0
6.0848e-05
1.12159e-06
0.000464407
0.000101234
7.3936e-05
0
0
1.15463e-06
1.94779e-06
1.79725e-06
0
0
0
0
4.6881e-06
0
0.000190799
0.00501964
0.00214815
0
0
0
0
0
0
0
0
0
0
0
0
0
0
0
0
0
0
0
0
0
0
0
0
0
0
0
0
0
0
0
0
0
0
0
0
0
0
0
0
0
0
0
0
1.11987e-05
3.89054e-06
0
0.000136687
0.000126455
9.56604e-06
0
0
1.40043e-06
1.62064e-06
0
1.18863e-06
0
0
0
5.13332e-06
2.6012e-05
0.000210838
0.000605291
5.8286e-06
0
0
0
0
0
0
0
0
0
0
0
0
0
0
0
0
0
0
0
0
0
0
0
0
0
0
0
0
0
0
0
0
0
0
0
0
0
0
0
0
0
0
0
0
1.14365e-05
0
1.11687e-05
0.000298222
7.59457e-05
8.70207e-06
0
0
1.53163e-06
2.3624e-06
0
0
0
0
0
1.61653e-05
0.000112766
0.000218662
6.1131e-05
0
0
0
0
0
0
0
0
0
0
0
0
0
0
0
0
0
0
0
0
0
0
0
0
0
0
0
0
0
0
0
0
0
0
0
0
0
0
0
0
0
0
0
0
0
0
0
6.46867e-06
4.17278e-05
7.73971e-06
3.79155e-06
0
0
1.6747e-06
5.86227e-06
1.96215e-06
0
0
0
0
6.46374e-06
6.45666e-05
2.35047e-05
2.39647e-06
0
0
0
0
0
0
0
0
0
0
0
0
0
0
0
0
0
0
0
0
0
0
0
0
0
0
0
0
0
0
0
0
0
0
0
0
0
0
0
0
0
0
0
0
0
0
0
2.82686e-06
1.10618e-05
1.12969e-05
4.62962e-06
0
0
2.84063e-06
7.36611e-06
4.09799e-06
0
0
0
0
0
4.75017e-06
0
0
0
0
0
0
0
0
0
0
0
0
0
0
0
0
0
0
0
0
0
0
0
0
0
0
0
0
0
0
0
0
0
0
0
0
0
0
0
0
0
0
0
0
0
0
0
0
0
0
6.50186e-06
2.46919e-05
6.81953e-06
0
0
3.32041e-06
1.49383e-05
1.48328e-05
1.25508e-06
0
0
0
0
0
0
0
0
0
0
0
0
0
0
0
0
0
0
0
0
0
0
0
0
0
0
0
0
0
0
0
0
0
0
0
0
0
0
0
0
0
0
0
0
0
0
0
0
0
0
0
0
0
0
0
3.13335e-06
3.06786e-05
7.0522e-06
0
0
1.51332e-06
2.21318e-05
3.25912e-05
4.54419e-06
0
0
0
0
0
0
0
0
0
0
0
0
0
0
0
0
0
0
0
0
0
0
0
0
0
0
0
0
0
0
0
0
0
0
0
0
0
0
0
0
0
0
0
0
0
0
0
0
0
0
0
0
0
0
0
0
1.42608e-05
1.35625e-05
1.20211e-06
0
5.90155e-06
5.89742e-05
8.03046e-05
1.6054e-05
0
0
0
0
0
0
0
0
0
0
0
0
0
0
0
0
0
0
0
0
0
0
0
0
0
0
0
0
0
0
0
0
0
0
0
0
0
0
0
0
0
0
0
0
0
0
0
0
0
0
0
0
0
0
0
0
3.1048e-06
1.59313e-05
8.30848e-06
4.84451e-06
1.98522e-05
0.000141753
0.000134892
4.84313e-05
4.04505e-06
0
0
0
0
0
0
0
0
0
0
0
0
0
0
0
0
0
0
0
0
0
0
0
0
0
0
0
0
0
0
0
0
0
0
0
0
0
0
0
0
0
0
0
0
0
0
0
0
0
0
0
0
0
0
0
2.2559e-06
2.71816e-05
2.54705e-05
3.91555e-05
8.69198e-05
0.000199012
0.000159312
6.67982e-05
1.46045e-05
0
0
0
0
0
0
0
0
0
0
0
0
0
0
0
0
0
0
0
0
0
0
0
0
0
0
0
0
0
0
0
0
0
0
0
0
0
0
0
0
0
0
0
0
0
0
0
0
0
0
0
0
0
0
0
6.66985e-06
3.76095e-05
2.14324e-05
6.22066e-05
0.000138558
0.000207619
0.000178377
0.000103845
3.04317e-05
3.96271e-06
0
0
0
0
0
0
0
0
0
0
0
0
0
0
0
0
0
0
0
0
0
0
0
0
0
0
0
0
0
0
0
0
0
0
0
0
0
0
0
0
0
0
0
0
0
0
0
0
0
0
0
0
0
0
3.20076e-06
3.03589e-05
3.64975e-05
0.000186669
0.000192112
0.00024652
0.000178576
8.8622e-05
4.2044e-05
6.24371e-06
0
0
0
0
0
0
0
0
0
0
0
0
0
0
0
0
0
0
0
0
0
0
0
0
0
0
0
0
0
0
0
0
0
0
0
0
0
0
0
0
0
0
0
0
0
0
0
0
0
0
0
0
0
0
6.23815e-06
5.29242e-05
4.26066e-05
0.000130116
0.000316422
0.000229458
0.000166862
9.01173e-05
3.85944e-05
7.85023e-06
0
0
0
0
0
0
0
0
0
0
0
0
0
0
0
0
0
0
0
0
0
0
0
0
0
0
0
0
0
0
0
0
0
0
0
0
0
0
0
0
0
0
0
0
0
0
0
0
0
0
0
0
0
0
0
5.24875e-06
1.87379e-05
0.00010587
0.000274571
0.000276769
0.000181803
9.04561e-05
3.10601e-05
6.83539e-06
0
0
0
0
0
0
0
0
0
0
0
0
0
0
0
0
0
0
0
0
0
0
0
0
0
0
0
0
0
0
0
0
0
0
0
0
0
0
0
0
0
0
0
0
0
0
0
0
0
0
0
0
0
0
0
2.08114e-06
1.71155e-05
0.000106842
0.000303676
0.000286146
0.000159025
8.58125e-05
2.89296e-05
5.48426e-06
0
0
0
0
0
0
0
0
0
0
0
0
0
0
0
0
0
0
0
0
0
0
0
0
0
0
0
0
0
0
0
0
0
0
0
0
0
0
0
0
0
0
0
0
0
0
0
0
0
0
0
0
0
0
0
0
9.76966e-06
5.86782e-05
0.000206854
0.000229614
0.000152945
7.00574e-05
2.27579e-05
3.95568e-06
0
0
0
0
0
0
0
0
0
0
0
0
0
0
0
0
0
0
0
0
0
0
0
0
0
0
0
0
0
0
0
0
0
0
0
0
0
0
0
0
0
0
0
0
0
0
0
0
0
0
0
0
0
0
0
0
4.69775e-06
6.45734e-05
0.000124599
0.000149735
0.000117251
5.21571e-05
1.74593e-05
2.30614e-06
0
0
0
0
0
0
0
0
0
0
0
0
0
0
0
0
0
0
0
0
0
0
0
0
0
0
0
0
0
0
0
0
0
0
0
0
0
0
0
0
0
0
0
0
0
0
0
0
0
0
0
0
0
0
0
0
3.14664e-06
6.77554e-05
0.000126492
0.000100022
6.23182e-05
3.35707e-05
9.884e-06
0
0
0
0
0
0
0
0
0
0
0
0
0
0
0
0
0
0
0
0
0
0
0
0
0
0
0
0
0
0
0
0
0
0
0
0
0
0
0
0
0
0
0
0
0
0
0
0
0
0
0
0
0
0
0
0
0
2.3524e-06
3.42432e-05
0.000108245
9.52161e-05
4.19346e-05
1.85089e-05
3.78626e-06
0
0
0
0
0
0
0
0
0
0
0
0
0
0
0
0
0
0
0
0
0
0
0
0
0
0
0
0
0
0
0
0
0
0
0
0
0
0
0
0
0
0
0
0
0
0
0
0
0
0
0
0
0
0
0
0
0
1.42575e-06
9.28537e-06
7.14299e-05
9.12263e-05
3.12396e-05
8.24648e-06
1.16579e-06
0
0
0
0
0
0
0
0
0
0
0
0
0
0
0
0
0
0
0
0
0
0
0
0
0
0
0
0
0
0
0
0
0
0
0
0
0
0
0
0
0
0
0
0
0
0
0
0
0
0
0
0
0
0
0
0
0
3.08696e-06
1.17988e-05
4.62708e-05
6.61217e-05
2.69945e-05
4.59932e-06
0
0
0
0
0
0
0
0
0
0
0
0
0
0
0
0
0
0
0
0
0
0
0
0
0
0
0
0
0
0
0
0
0
0
0
0
0
0
0
0
0
0
0
0
0
0
0
0
0
0
0
0
0
0
0
0
0
0
7.21725e-06
2.35284e-05
4.43691e-05
3.4896e-05
2.0564e-05
3.13241e-06
0
0
0
0
0
0
0
0
0
0
0
0
0
0
0
0
0
0
0
0
0
0
0
0
0
0
0
0
0
0
0
0
0
0
0
0
0
0
0
0
0
0
0
0
0
0
0
0
0
0
0
0
0
0
0
0
0
0
8.35688e-06
2.8961e-05
4.01733e-05
1.70279e-05
1.2428e-05
1.32649e-06
0
0
0
0
0
0
0
0
0
0
0
0
0
0
0
0
0
0
0
0
0
0
0
0
0
0
0
0
0
0
0
0
0
0
0
0
0
0
0
0
0
0
0
0
0
0
0
0
0
0
0
0
0
0
0
0
0
0
7.96774e-06
2.7039e-05
3.74595e-05
1.37857e-05
8.00142e-06
1.01051e-06
0
0
0
0
0
0
0
0
0
0
0
0
0
0
0
0
0
0
0
0
0
0
0
0
0
0
0
0
0
0
0
0
0
0
0
0
0
0
0
0
0
0
0
0
0
0
0
0
0
0
0
0
0
0
0
0
0
0
4.21274e-06
2.24251e-05
4.50977e-05
1.89092e-05
5.88669e-06
0
0
0
0
0
0
0
0
0
0
0
0
0
0
0
0
0
0
0
0
0
0
0
0
0
0
0
0
0
0
0
0
0
0
0
0
0
0
0
0
0
0
0
0
0
0
0
0
0
0
0
0
0
0
0
0
0
0
0
3.29468e-06
1.77771e-05
4.06396e-05
2.18271e-05
4.05957e-06
0
0
0
0
0
0
0
0
0
0
0
0
0
0
0
0
0
0
0
0
0
0
0
0
0
0
0
0
0
0
0
0
0
0
0
0
0
0
0
0
0
0
0
0
0
0
0
0
0
0
0
0
0
0
0
0
0
0
0
3.64463e-06
2.42164e-05
3.75979e-05
1.7583e-05
2.20461e-06
0
0
0
0
0
0
0
0
0
0
0
0
0
0
0
0
0
0
0
0
0
0
0
0
0
0
0
0
0
0
0
0
0
0
0
0
0
0
0
0
0
0
0
0
0
0
0
0
0
0
0
0
0
0
0
0
0
0
0
4.4144e-06
2.45112e-05
2.37783e-05
1.34145e-05
1.8144e-06
0
0
0
0
0
0
0
0
0
0
0
0
0
0
0
0
0
0
0
0
0
0
0
0
0
0
0
0
0
0
0
0
0
0
0
0
0
0
0
0
0
0
0
0
0
0
0
0
0
0
0
0
0
0
0
0
0
0
0
4.86024e-06
1.54586e-05
1.5705e-05
1.29147e-05
1.62351e-06
0
0
0
0
0
0
0
0
0
0
0
0
0
0
0
0
0
0
0
0
0
0
0
0
0
0
0
0
0
0
0
0
0
0
0
0
0
0
0
0
0
0
0
0
0
0
0
0
0
0
0
0
0
0
0
0
0
0
0
4.16811e-06
9.16787e-06
1.59726e-05
1.03631e-05
0
0
0
0
0
0
0
0
0
0
0
0
0
0
0
0
0
0
0
0
0
0
0
0
0
0
0
0
0
0
0
0
0
0
0
0
0
0
0
0
0
0
0
0
0
0
0
0
0
0
0
0
0
0
0
0
0
0
0
0
2.00624e-06
6.76404e-06
1.59006e-05
6.27775e-06
0
0
0
0
0
0
0
0
0
0
0
0
0
0
0
0
0
0
0
0
0
0
0
0
0
0
0
0
0
0
0
0
0
0
0
0
0
0
0
0
0
0
0
0
0
0
0
0
0
0
0
0
0
0
0
0
0
0
0
0
0
5.28876e-06
1.39798e-05
3.37609e-06
0
0
0
0
0
0
0
0
0
0
0
0
0
0
0
0
0
0
0
0
0
0
0
0
0
0
0
0
0
0
0
0
0
0
0
0
0
0
0
0
0
0
0
0
0
0
0
0
0
0
0
0
0
0
0
0
0
0
0
0
0
3.14759e-06
8.83328e-06
1.56851e-06
0
0
0
0
0
0
0
0
0
0
0
0
0
0
0
0
0
0
0
0
0
0
0
0
0
0
0
0
0
0
0
0
0
0
0
0
0
0
0
0
0
0
0
0
0
0
0
0
0
0
0
0
0
0
0
0
0
0
0
0
0
1.43781e-06
2.5559e-06
0
0
0
0
0
0
0
0
0
0
0
0
0
0
0
0
0
0
0
0
0
0
0
0
0
0
0
0
0
0
0
0
0
0
0
0
0
0
0
0
0
0
0
0
0
0
0
0
0
0
0
0
0
0
0
0
0
0
0
0
0
0
0
0
0
0
0
0
0
0
0
0
0
0
0
0
0
0
0
0
0
0
0
0
0
0
0
0
0
0
0
0
0
0
0
0
0
0
0
0
0
0
0
0
0
0
0
0
0
0
0
0
0
0
0
0
0
0
0
0
0
0
0
0
0
0
0
0
0
0
0
0
0
0
0
0
0
0
0
0
0
0
0
0
0
0
0
0
0
0
0
0
0
0
0
0
0
0
0
0
0
0
0
0
0
0
0
0
0
0
0
0
0
0
0
0
0
0
0
0
0
0
0
0
0
0
0
0
0
0
0
0
0
0
0
0
0
0
0
0
0
0
0
0
0
0
0
0
0
0
0
0
0
0
0
0
0
0
0
0
0
0
0
0
0
0
0
0
0
0
0
0
0
0
0
0
0
0
0
0
0
0
0
0
0
0
0
0
0
0
0
0
0
0
0
0
0
0
0
0
0
0
0
0
0
0
0
0
0
0
0
0
0
0
0
0
0
0
0
0
0
0
0
0
0
0
0
0
0
0
0
0
0
0
0
0
0
0
0
0
0
0
0
0
0
0
0
0
0
0
0
0
0
0
0
0
0
0
0
0
0
0
0
0
0
0
0
0
0
0
0
0
0
0
0
0
0
0
0
0
0
0
0
0
0
0
0
0
0
0
0
0
0
0
0
0
0
0
0
0
0
0
0
0
0
0
0
0
0
0
0
0
0
0
0
0
0
0
0
0
0
0
0
0
0
0
0
0
0
0
0
0
0
0
0
0
0
0
0
0
0
0
0
0
0
0
0
0
0
0
0
0
0
0
0
0
0
0
0
0
0
0
0
0
0
0
0
0
0
0
0
0
0
0
0
0
0
0
0
0
0
0
0
0
0
0
0
0
0
0
0
0
0
0
0
0
0
0
0
0
0
0
0
0
0
0
0
0
0
0
0
0
0
0
0
0
0
0
0
0
0
0
0
0
0
0
0
0
0
0
0
0
0
0
0
0
0
0
0
0
0
0
0
0
0
0
0
0
0
0
0
0
0
0
0
0
0
0
0
0
0
0
0
0
0
0
0
0
0
0
0
0
0
0
0
0
0
0
0
0
0
0
0
0
0
0
0
0
0
0
0
0
0
0
0
0
0
0
0
0
0
0
0
0
0
0
0
0
0
0
0
0
0
0
0
0
0
0
0
0
0
0
0
0
0
0
0
0
0
0
0
0
0
0
0
0
0
0
0
0
0
0
0
0
0
0
0
0
0
0
0
0
0
0
0
0
0
0
0
0
0
0
0
0
0
0
0
0
0
0
0
0
0
0
0
0
0
0
0
0
0
0
0
0
0
0
0
0
0
0
0
0
0
0
0
0
0
0
0
0
0
0
0
0
0
0
0
0
0
0
0
0
0
0
0
0
0
0
0
0
0
0
0
0
0
0
0
0
0
0
0
0
0
0
0
0
0
0
0
0
0
0
0
0
0
0
0
0
0
0
0
0
0
0
0
0
0
0
0
0
0
0
0
0
0
0
0
0
0
0
0
0
0
0
0
0
0
0
0
0
0
0
0
0
0
0
0
0
0
0
0
0
0
0
0
0
0
0
0
0
0
0
0
0
0
0
0
0
0
0
0
0
0
0
0
0
0
0
0
0
0
0
0
0
0
0
0
0
0
0
0
0
0
0
0
0
0
0
0
0
0
0
0
0
0
0
0
0
0
0
0
0
0
0
0
0
0
0
0
0
0
0
0
0
0
0
0
0
0
0
0
0
0
0
0
0
0
0
0
0
0
0
0
0
0
0
0
0
0
0
0
0
0
0
0
0
0
0
0
0
0
0
0
0
0
0
0
0
0
0
0
0
0
0
0
0
0
0
0
0
0
0
0
0
0
0
0
0
0
0
0
0
0
0
0
0
0
0
0
0
0
0
0
0
0
0
0
0
0
0
0
0
0
0
0
0
0
0
0
0
0
0
0
0
0
0
0
0
0
0
0
0
0
0
0
0
0
0
0
0
0
0
0
0
0
0
0
0
0
0
0
0
0
0
0
0
0
0
0
0
0
0
0
0
0
0
0
0
0
0
0
0
0
0
0
0
0
0
0
0
0
0
0
0
0
0
0
0
0
0
0
0
0
0
0
0
0
0
0
0
0
0
0
0
0
0
0
0
0
0
0
0
0
0
0
0
0
0
0
0
0
0
0
0
0
0
0
0
0
0
0
0
0
0
0
0
0
0
0
0
0
0
0
0
0
0
0
0
0
0
0
0
0
0
0
0
0
0
0
0
0
0
0
0
0
0
0
0
0
0
0
0
0
0
0
0
0
0
0
0
0
0
0
0
0
0
0
0
0
0
0
0
0
0
0
0
0
0
0
0
0
0
0
0
0
0
0
0
0
0
0
0
0
0
0
0
0
0
0
0
0
0
0
0
0
0
0
0
0
0
0
0
0
0
0
0
0
0
0
0
0
0
0
0
0
0
0
0
0
0
0
0
0
0
0
0
0
0
0
0
0
0
0
0
0
0
0
0
0
0
0
0
0
0
0
0
0
0
0
0
0
0
0
0
0
0
0
0
0
0
0
0
0
0
0
0
0
0
0
0
0
0
0
0
0
0
0
0
0
0
0
0
0
0
0
0
0
0
0
0
0
0
0
0
0
0
0
0
0
0
0
0
0
0
0
0
0
0
0
0
0
0
0
0
0
0
0
0
0
0
0
0
0
0
0
0
0
0
0
0
0
0
0
0
0
0
0
0
0
0
0
0
0
0
0
0
0
0
0
0
0
0
0
0
0
0
0
0
0
0
0
0
0
0
0
0
0
0
0
0
0
0
0
0
0
0
0
0
0
0
0
0
0
0
0
0
0
0
0
0
0
0
0
0
0
0
0
0
0
0
0
0
0
0
0
0
0
0
0
0
0
0
0
0
0
0
0
0
0
0
0
0
0
0
0
0
0
0
0
0
0
0
0
0
0
0
0
0
0
0
0
0
0
0
0
0
0
0
0
0
0
0
0
0
0
0
0
0
0
0
0
0
0
0
0
0
0
0
0
0
0
0
0
0
0
0
0
0
0
0
0
0
0
0
0
0
0
0
0
0
0
0
0
0
0
0
0
0
0
0
0
0
0
0
0
0
0
0
0
0
0
0
0
0
0
0
0
0
0
0
0
0
0
0
0
0
0
0
0
0
0
0
0
0
0
0
0
0
0
0
0
0
0
0
0
0
0
0
0
0
0
0
0
0
0
0
0
0
0
0
0
0
0
0
0
0
0
0
0
6.77903
9.52075
9.99228
9.39038
7.35642
3.81097
1.61568
0.579731
0.150521
0.0333102
0.318959
0.70861
0.148409
2.29955
10.1202
9.15802
9.51265
9.08048
9.11974
9.63326
10.4924
9.50211
11.2097
11.0193
13.603
9.85092
14.2591
9.82748
10.0251
9.73187
7.6157
9.18921
11.0105
13.1132
8.73766
10.422
13.7133
13.8933
11.9258
13.4075
12.0136
11.5597
11.4669
9.73613
14.0807
10.6891
10.1248
10.099
12.1683
12.014
11.3318
11.9383
10.2928
9.03253
9.24751
9.42956
6.44866
0.401592
0.261618
0.112838
0.0163762
0.00102239
0.000155063
1.57386e-05
6.1621
8.59185
9.65858
8.35612
6.3267
2.69604
1.56269
0.772341
0.33784
0.106023
0.0564033
0.213786
0.0679358
1.22308
8.55105
9.8764
9.44538
9.33846
9.05927
9.11331
10.9671
9.72506
13.2175
14.6262
14.5043
17.4931
14.9395
11.8284
2.80219
14.0395
15.9787
5.06916
19.3744
11.6237
6.71538
9.67205
19.4546
9.10057
12.3255
14.3797
10.2069
14.9233
13.681
13.9054
10.4256
10.5757
10.5383
9.54559
12.5575
13.1499
11.2276
11.6636
9.63517
8.40899
9.20992
8.43065
3.54006
0.181805
0.22892
0.113245
0.0317884
0.004141
0.000287328
1.45063e-05
5.27476
1.56129
9.78345
4.25842
4.10633
2.03341
1.00428
0.795454
0.149474
0.0423773
0.0263332
0.02064
0.00152106
0.403834
6.23727
10.1815
10.2295
9.71328
9.54747
10.3342
10.8225
10.6716
15.7085
14.8616
15.741
8.6105
5.0074
8.48747
10.7274
10.081
5.5771
16.0695
9.35937
2.81521
15.1753
18.3727
1.75891
13.9362
5.55433
12.6683
13.5288
17.078
19.9825
13.7595
13.9519
12.2394
11.7505
10.2912
12.0606
12.7733
10.4597
10.5016
3.10081
3.09958
3.70629
1.22658
1.97186
0.0133969
0.0567212
0.0864219
0.0129884
0.00425192
3.40295e-05
3.66849e-06
3.23196
0.780841
6.74799
0.582087
0.130323
0.278945
0.0258401
0.280039
0
0.000449703
0.00169055
0.000645999
6.30552e-06
0.000238611
0.00425368
2.18365
5.74078
9.0195
10.2202
8.86974
9.71571
5.69175
5.74746
13.0023
3.6137
13.4457
1.51206
10.0102
3.35399
0.585212
0.442852
8.52979
0.457941
0.265004
0.0116357
0.0251358
0.240959
4.26257
4.10535
8.81908
14.5899
9.48427
11.4141
18.9847
7.32527
9.31489
7.79397
10.0172
11.8514
11.6341
1.18457
1.26475
0.309444
0.196851
0
0
0.475471
0.0232304
0.00144139
0.00265281
9.9576e-05
0.00191008
3.449e-06
2.75279e-06
0
0.000561311
0.000330065
4.70762e-05
2.2055e-06
0
0
0
0
0
0
0
0
0
8.19721e-05
0.000193614
0.00012555
0.052561
1.80428
8.68605
4.99971
0.301394
0.0101389
0.0016476
0
0.00587828
0.144316
1.03653
0.00389965
0.000891007
0.00500891
0.0860574
0.00543591
0.0019411
0.000833234
0.00017367
0.00182678
0.00560288
0.000274508
0.0410196
0.800196
0.972509
3.74016
2.00732
0.284468
5.58197
2.05465
7.09873
8.55354
2.94756
0.0685754
0.000218313
0.00306359
0
0
0
0
0
0
0
0
0
0
0
0
0
0
0
0
0
0
0
0
0
0
0
0
0
0
0
0
0
0
0
0.000867918
0.0158009
0.0823946
0
0
0
0
5.97663e-06
0
5.49276e-06
0.000112307
0.00302114
0.00158019
0.000208618
9.60985e-05
0.000138605
0
0.000392965
0.000877205
0.000271109
5.1769e-05
8.32794e-06
0.222938
0.0123401
0.127162
0.245917
1.93942
4.27029
0.250987
0.0135041
0.00168443
0
0
0
0
0
0
0
0
0
0
0
0
0
0
0
0
0
0
0
0
0
0
0
0
0
0
0
0
0
0
0
0
0
0
0
0
0
0
0
0
0
0
0
1.31366e-06
9.2382e-06
2.58252e-05
6.24358e-05
4.60651e-05
4.79745e-06
0
0
2.50385e-06
1.21991e-06
1.68418e-05
1.02573e-06
0
0.0466431
0.0737827
0.00769712
0.0141726
0.152958
4.88884e-05
0
0
0
0
0
0
0
0
0
0
0
0
0
0
0
0
0
0
0
0
0
0
0
0
0
0
0
0
0
0
0
0
0
0
0
0
0
0
0
0
0
0
0
0
0
8.88843e-06
0
2.16875e-06
2.53203e-06
1.26847e-06
0
2.23705e-06
1.43666e-06
1.64733e-06
1.27119e-06
0
0
0
0.00028037
0
0.000110008
7.09669e-05
0.00013292
0
0
0
0
0
0
0
0
0
0
0
0
0
0
0
0
0
0
0
0
0
0
0
0
0
0
0
0
0
0
0
0
0
0
0
0
0
0
0
0
0
0
0
0
0
0
0
0
5.24795e-06
2.74466e-06
0
0
1.85169e-06
1.78157e-06
0
0
0
0
2.13132e-06
5.66379e-06
6.29834e-06
0.000145538
9.36563e-05
1.48254e-06
0
0
0
0
0
0
0
0
0
0
0
0
0
0
0
0
0
0
0
0
0
0
0
0
0
0
0
0
0
0
0
0
0
0
0
0
0
0
0
0
0
0
0
0
0
0
0
1.50418e-06
5.00043e-06
0
0
0
2.21953e-06
1.3607e-06
0
0
0
0
1.19443e-06
1.31048e-05
5.9024e-05
3.73505e-05
3.14031e-05
0
0
0
0
0
0
0
0
0
0
0
0
0
0
0
0
0
0
0
0
0
0
0
0
0
0
0
0
0
0
0
0
0
0
0
0
0
0
0
0
0
0
0
0
0
0
0
0
0
1.85393e-06
0
0
0
1.82263e-06
1.0684e-06
0
0
0
0
0
2.93532e-06
1.8629e-05
1.00659e-05
2.46634e-06
0
0
0
0
0
0
0
0
0
0
0
0
0
0
0
0
0
0
0
0
0
0
0
0
0
0
0
0
0
0
0
0
0
0
0
0
0
0
0
0
0
0
0
0
0
0
0
0
0
0
0
0
0
1.0679e-06
0
0
0
0
0
0
0
1.62404e-06
0
0
0
0
0
0
0
0
0
0
0
0
0
0
0
0
0
0
0
0
0
0
0
0
0
0
0
0
0
0
0
0
0
0
0
0
0
0
0
0
0
0
0
0
0
0
0
0
0
0
0
0
0
0
0
0
0
0
0
0
0
0
0
0
0
0
0
0
0
0
0
0
0
0
0
0
0
0
0
0
0
0
0
0
0
0
0
0
0
0
0
0
0
0
0
0
0
0
0
0
0
0
0
0
0
0
0
0
0
0
0
0
0
0
0
0
0
0
0
0
8.11663e-06
1.35091e-06
0
0
0
0
0
0
0
0
0
0
0
0
0
0
0
0
0
0
0
0
0
0
0
0
0
0
0
0
0
0
0
0
0
0
0
0
0
0
0
0
0
0
0
0
0
0
0
0
0
0
0
0
0
0
0
0
0
1.31993e-06
0
0
0
1.78196e-06
2.51632e-05
7.86451e-06
0
0
0
0
0
0
0
0
0
0
0
0
0
0
0
0
0
0
0
0
0
0
0
0
0
0
0
0
0
0
0
0
0
0
0
0
0
0
0
0
0
0
0
0
0
0
0
0
0
0
0
0
0
0
0
0
0
0
1.59187e-06
0
1.22915e-06
1.36162e-05
5.77957e-05
3.19114e-05
5.10152e-06
0
0
0
0
0
0
0
0
0
0
0
0
0
0
0
0
0
0
0
0
0
0
0
0
0
0
0
0
0
0
0
0
0
0
0
0
0
0
0
0
0
0
0
0
0
0
0
0
0
0
0
0
0
0
0
0
0
4.01592e-06
4.63131e-06
9.42204e-06
6.38122e-05
0.000106586
6.77222e-05
2.2929e-05
2.96939e-06
0
0
0
0
0
0
0
0
0
0
0
0
0
0
0
0
0
0
0
0
0
0
0
0
0
0
0
0
0
0
0
0
0
0
0
0
0
0
0
0
0
0
0
0
0
0
0
0
0
0
0
0
0
0
0
0
1.10047e-05
2.61706e-05
5.29728e-05
0.000113946
0.000120197
9.80084e-05
4.72248e-05
1.2401e-05
0
0
0
0
0
0
0
0
0
0
0
0
0
0
0
0
0
0
0
0
0
0
0
0
0
0
0
0
0
0
0
0
0
0
0
0
0
0
0
0
0
0
0
0
0
0
0
0
0
0
0
0
0
0
0
0
5.21053e-06
2.96496e-05
6.03265e-05
0.000135264
0.000130696
8.8955e-05
6.17974e-05
2.00807e-05
3.51638e-06
0
0
0
0
0
0
0
0
0
0
0
0
0
0
0
0
0
0
0
0
0
0
0
0
0
0
0
0
0
0
0
0
0
0
0
0
0
0
0
0
0
0
0
0
0
0
0
0
0
0
0
0
0
0
0
6.12846e-06
3.27436e-05
7.29262e-05
0.000142544
0.000135633
0.000106461
5.60377e-05
2.56204e-05
4.6029e-06
0
0
0
0
0
0
0
0
0
0
0
0
0
0
0
0
0
0
0
0
0
0
0
0
0
0
0
0
0
0
0
0
0
0
0
0
0
0
0
0
0
0
0
0
0
0
0
0
0
0
0
0
0
0
0
2.90212e-06
2.7804e-05
6.02674e-05
0.000131754
0.000140467
0.000116316
5.88341e-05
1.8041e-05
4.86842e-06
0
0
0
0
0
0
0
0
0
0
0
0
0
0
0
0
0
0
0
0
0
0
0
0
0
0
0
0
0
0
0
0
0
0
0
0
0
0
0
0
0
0
0
0
0
0
0
0
0
0
0
0
0
0
0
1.14373e-06
1.8825e-05
6.53147e-05
0.000161041
0.000158981
0.000103464
6.34912e-05
1.6132e-05
3.3025e-06
0
0
0
0
0
0
0
0
0
0
0
0
0
0
0
0
0
0
0
0
0
0
0
0
0
0
0
0
0
0
0
0
0
0
0
0
0
0
0
0
0
0
0
0
0
0
0
0
0
0
0
0
0
0
0
0
3.61173e-06
4.13252e-05
9.25739e-05
0.000143466
9.36119e-05
4.50984e-05
1.32894e-05
1.55737e-06
0
0
0
0
0
0
0
0
0
0
0
0
0
0
0
0
0
0
0
0
0
0
0
0
0
0
0
0
0
0
0
0
0
0
0
0
0
0
0
0
0
0
0
0
0
0
0
0
0
0
0
0
0
0
0
0
0
1.38006e-05
6.32611e-05
0.000104648
9.70058e-05
2.82938e-05
1.08323e-05
0
0
0
0
0
0
0
0
0
0
0
0
0
0
0
0
0
0
0
0
0
0
0
0
0
0
0
0
0
0
0
0
0
0
0
0
0
0
0
0
0
0
0
0
0
0
0
0
0
0
0
0
0
0
0
0
0
0
8.10978e-06
5.24373e-05
6.1725e-05
3.78904e-05
2.30392e-05
4.32742e-06
0
0
0
0
0
0
0
0
0
0
0
0
0
0
0
0
0
0
0
0
0
0
0
0
0
0
0
0
0
0
0
0
0
0
0
0
0
0
0
0
0
0
0
0
0
0
0
0
0
0
0
0
0
0
0
0
0
0
1.32144e-05
4.45719e-05
2.69102e-05
9.38052e-06
1.12315e-05
2.01826e-06
0
0
0
0
0
0
0
0
0
0
0
0
0
0
0
0
0
0
0
0
0
0
0
0
0
0
0
0
0
0
0
0
0
0
0
0
0
0
0
0
0
0
0
0
0
0
0
0
0
0
0
0
0
0
0
0
0
0
4.41372e-06
2.68149e-05
2.54275e-05
5.90322e-06
3.5473e-06
0
0
0
0
0
0
0
0
0
0
0
0
0
0
0
0
0
0
0
0
0
0
0
0
0
0
0
0
0
0
0
0
0
0
0
0
0
0
0
0
0
0
0
0
0
0
0
0
0
0
0
0
0
0
0
0
0
0
0
1.27948e-06
1.0659e-05
2.28502e-05
6.197e-06
1.61559e-06
0
0
0
0
0
0
0
0
0
0
0
0
0
0
0
0
0
0
0
0
0
0
0
0
0
0
0
0
0
0
0
0
0
0
0
0
0
0
0
0
0
0
0
0
0
0
0
0
0
0
0
0
0
0
0
0
0
0
0
3.66131e-06
1.07971e-05
1.36106e-05
6.30099e-06
1.08141e-06
0
0
0
0
0
0
0
0
0
0
0
0
0
0
0
0
0
0
0
0
0
0
0
0
0
0
0
0
0
0
0
0
0
0
0
0
0
0
0
0
0
0
0
0
0
0
0
0
0
0
0
0
0
0
0
0
0
0
0
7.53471e-06
1.00527e-05
6.10853e-06
4.00974e-06
0
0
0
0
0
0
0
0
0
0
0
0
0
0
0
0
0
0
0
0
0
0
0
0
0
0
0
0
0
0
0
0
0
0
0
0
0
0
0
0
0
0
0
0
0
0
0
0
0
0
0
0
0
0
0
0
0
0
0
0
4.51201e-06
5.92322e-06
3.00826e-06
2.27584e-06
0
0
0
0
0
0
0
0
0
0
0
0
0
0
0
0
0
0
0
0
0
0
0
0
0
0
0
0
0
0
0
0
0
0
0
0
0
0
0
0
0
0
0
0
0
0
0
0
0
0
0
0
0
0
0
0
0
0
0
0
2.30157e-06
3.58262e-06
2.99792e-06
0
0
0
0
0
0
0
0
0
0
0
0
0
0
0
0
0
0
0
0
0
0
0
0
0
0
0
0
0
0
0
0
0
0
0
0
0
0
0
0
0
0
0
0
0
0
0
0
0
0
0
0
0
0
0
0
0
0
0
0
0
1.55465e-06
3.22294e-06
2.81341e-06
0
0
0
0
0
0
0
0
0
0
0
0
0
0
0
0
0
0
0
0
0
0
0
0
0
0
0
0
0
0
0
0
0
0
0
0
0
0
0
0
0
0
0
0
0
0
0
0
0
0
0
0
0
0
0
0
0
0
0
0
0
2.42185e-06
3.84329e-06
2.17005e-06
0
0
0
0
0
0
0
0
0
0
0
0
0
0
0
0
0
0
0
0
0
0
0
0
0
0
0
0
0
0
0
0
0
0
0
0
0
0
0
0
0
0
0
0
0
0
0
0
0
0
0
0
0
0
0
0
0
0
0
0
0
2.30901e-06
4.26747e-06
1.98576e-06
0
0
0
0
0
0
0
0
0
0
0
0
0
0
0
0
0
0
0
0
0
0
0
0
0
0
0
0
0
0
0
0
0
0
0
0
0
0
0
0
0
0
0
0
0
0
0
0
0
0
0
0
0
0
0
0
0
0
0
0
0
2.20051e-06
3.68473e-06
1.98965e-06
0
0
0
0
0
0
0
0
0
0
0
0
0
0
0
0
0
0
0
0
0
0
0
0
0
0
0
0
0
0
0
0
0
0
0
0
0
0
0
0
0
0
0
0
0
0
0
0
0
0
0
0
0
0
0
0
0
0
0
0
0
1.22036e-06
1.63382e-06
0
0
0
0
0
0
0
0
0
0
0
0
0
0
0
0
0
0
0
0
0
0
0
0
0
0
0
0
0
0
0
0
0
0
0
0
0
0
0
0
0
0
0
0
0
0
0
0
0
0
0
0
0
0
0
0
0
0
0
0
0
0
0
0
0
0
0
0
0
0
0
0
0
0
0
0
0
0
0
0
0
0
0
0
0
0
0
0
0
0
0
0
0
0
0
0
0
0
0
0
0
0
0
0
0
0
0
0
0
0
0
0
0
0
0
0
0
0
0
0
0
0
0
0
0
0
0
0
0
0
0
0
0
0
0
0
0
0
0
0
0
0
0
0
0
0
0
0
0
0
0
0
0
0
0
0
0
0
0
0
0
0
0
0
0
0
0
0
0
0
0
0
0
0
0
0
0
0
0
0
0
0
0
0
0
0
0
0
0
0
0
0
0
0
0
0
0
0
0
0
0
0
0
0
0
0
0
0
0
0
0
0
0
0
0
0
0
0
0
0
0
0
0
0
0
0
0
0
0
0
0
0
0
0
0
0
0
0
0
0
0
0
0
0
0
0
0
0
0
0
0
0
0
0
0
0
0
0
0
0
0
0
0
0
0
0
0
0
0
0
0
0
0
0
0
0
0
0
0
0
0
0
0
0
0
0
0
0
0
0
0
0
0
0
0
0
0
0
0
0
0
0
0
0
0
0
0
0
0
0
0
0
0
0
0
0
0
0
0
0
0
0
0
0
0
0
0
0
0
0
0
0
0
0
0
0
0
0
0
0
0
0
0
0
0
0
0
0
0
0
0
0
0
0
0
0
0
0
0
0
0
0
0
0
0
0
0
0
0
0
0
0
0
0
0
0
0
0
0
0
0
0
0
0
0
0
0
0
0
0
0
0
0
0
0
0
0
0
0
0
0
0
0
0
0
0
0
0
0
0
0
0
0
0
0
0
0
0
0
0
0
0
0
0
0
0
0
0
0
0
0
0
0
0
0
0
0
0
0
0
0
0
0
0
0
0
0
0
0
0
0
0
0
0
0
0
0
0
0
0
0
0
0
0
0
0
0
0
0
0
0
0
0
0
0
0
0
0
0
0
0
0
0
0
0
0
0
0
0
0
0
0
0
0
0
0
0
0
0
0
0
0
0
0
0
0
0
0
0
0
0
0
0
0
0
0
0
0
0
0
0
0
0
0
0
0
0
0
0
0
0
0
0
0
0
0
0
0
0
0
0
0
0
0
0
0
0
0
0
0
0
0
0
0
0
0
0
0
0
0
0
0
0
0
0
0
0
0
0
0
0
0
0
0
0
0
0
0
0
0
0
0
0
0
0
0
0
0
0
0
0
0
0
0
0
0
0
0
0
0
0
0
0
0
0
0
0
0
0
0
0
0
0
0
0
0
0
0
0
0
0
0
0
0
0
0
0
0
0
0
0
0
0
0
0
0
0
0
0
0
0
0
0
0
0
0
0
0
0
0
0
0
0
0
0
0
0
0
0
0
0
0
0
0
0
0
0
0
0
0
0
0
0
0
0
0
0
0
0
0
0
0
0
0
0
0
0
0
0
0
0
0
0
0
0
0
0
0
0
0
0
0
0
0
0
0
0
0
0
0
0
0
0
0
0
0
0
0
0
0
0
0
0
0
0
0
0
0
0
0
0
0
0
0
0
0
0
0
0
0
0
0
0
0
0
0
0
0
0
0
0
0
0
0
0
0
0
0
0
0
0
0
0
0
0
0
0
0
0
0
0
0
0
0
0
0
0
0
0
0
0
0
0
0
0
0
0
0
0
0
0
0
0
0
0
0
0
0
0
0
0
0
0
0
0
0
0
0
0
0
0
0
0
0
0
0
0
0
0
0
0
0
0
0
0
0
0
0
0
0
0
0
0
0
0
0
0
0
0
0
0
0
0
0
0
0
0
0
0
0
0
0
0
0
0
0
0
0
0
0
0
0
0
0
0
0
0
0
0
0
0
0
0
0
0
0
0
0
0
0
0
0
0
0
0
0
0
0
0
0
0
0
0
0
0
0
0
0
0
0
0
0
0
0
0
0
0
0
0
0
0
0
0
0
0
0
0
0
0
0
0
0
0
0
0
0
0
0
0
0
0
0
0
0
0
0
0
0
0
0
0
0
0
0
0
0
0
0
0
0
0
0
0
0
0
0
0
0
0
0
0
0
0
0
0
0
0
0
0
0
0
0
0
0
0
0
0
0
0
0
0
0
0
0
0
0
0
0
0
0
0
0
0
0
0
0
0
0
0
0
0
0
0
0
0
0
0
0
0
0
0
0
0
0
0
0
0
0
0
0
0
0
0
0
0
0
0
0
0
0
0
0
0
0
0
0
0
0
0
0
0
0
0
0
0
0
0
0
0
0
0
0
0
0
0
0
0
0
0
0
0
0
0
0
0
0
0
0
0
0
0
0
0
0
0
0
0
0
0
0
0
0
0
0
0
0
0
0
0
0
0
0
0
0
0
0
0
0
0
0
0
0
0
0
0
0
0
0
0
0
0
0
0
0
0
0
0
0
0
0
0
0
0
0
0
0
0
0
0
0
0
0
0
0
0
0
0
0
0
0
0
0
0
0
0
0
0
0
0
0
0
0
0
0
0
0
0
0
0
0
0
0
0
0
0
0
0
0
0
0
0
0
0
0
0
0
0
0
0
0
0
0
0
0
0
0
0
0
0
0
0
0
0
0
0
0
0
0
0
0
0
0
0
0
0
0
0
0
0
0
0
0
0
0
0
0
0
0
0
0
0
0
0
0
0
0
0
0
0
0
0
0
0
0
0
0
0
0
0
0
0
0
0
0
0
0
0
0
0
0
0
0
0
0
0
0
0
0
0
0
0
0
0
0
0
0
0
0
0
0
0
0
0
0
0
0
0
0
0
0
0
0
0
0
0
0
0
0
0
0
0
0
0
0
0
0
0
0
0
0
0
0
0
0
0
0
0
0
0
0
0
0
0
0
0
0
0
0
0
0
0
0
0
0
0
0
0
0
0
0
0
0
0
0
0
0
0
0
0
0
0
0
0
0
0
0
0
0
0
0
0
0
0
0
0
0
0
0
0
0
0
0
0
0
0
0
0
0
0
0
0
0
0
0
0
0
0
0
0
0
0
0
0
0
0
0
0
0
0
0
0
0
0
0
0
0
0
0
0
0
0
0
0
0
0
0
0
0
0
0
0
0
0
0
0
0
0
0
0
0
0
0
0
0
0
0
0
0
0
0
0
0
0
0
0
0
0
0
0
0
0
0
0
0
0
0
0
0
0
0
0
0
0
0
0
0
0
0
0
0
0
0
0
0
0
0
0
0
0
0
0
0
0
0
0
0
0
0
0
0
0
0
0
0
0
0
0
0
0
0
0
0
0
0
0
0
0
0
0
0
0
0
0
0
0
0
0
0
0
0
0
0
0
0
0
0
0
0
0
0
0
0
0
0
0
0
0
0
0
0
0
0
0
0
0
0
0
0
0
0
0
0
0
0
0
0
0
0
0
0
0
0
0
0
0
0
0
0
0
0
0
0
0
0
0
0
0
0
0
0
0
0
0
0
0
0
0
0
0
0
0
0
0
0
0
0
0
0
0
0
0
0
0
0
0
0
0
0
0
0
0
0
0
0
0
0
0
0
0
0
0
0
0
0
0
0
0
0
0
0
0
0
0
0
0
0
0
0
0
0
0
0
0
0
0
0
0
0
0
0
0
0
0
0
0
0
0
0
0
0
0
0
0
0
0
0
0
0
0
0
0
0
0
0
0
0
0
0
0
0
0
0
0
0
0
0
0
0
0
0
0
0
0
0
0
0
0
0
0
0
0
0
0
0
0
0
0
0
0
0
0
0
0
0
0
0
0
0
0
0
0
0
0
0
0
0
0
0
0
0
0
0
0
0
0
0
0
0
0
0
0
0
0
0
0
0
0
0
0
0
0
0
0
0
0
0
0
0
0
0
0
0
0
0
0
5.71015
8.40888
8.51388
7.11365
4.49802
2.56111
1.4804
0.709816
0.147555
0.0234687
0.00496696
0.000979214
0.00160675
0.225015
8.75051
9.71033
9.93204
10.1485
10.0083
10.8189
9.97369
9.20556
8.884
9.96897
11.1058
8.4503
16.0697
16.1715
12.9744
5.36031
13.0634
12.7365
11.7165
10.6568
8.31345
11.3759
10.248
11.2137
12.4299
13.7865
16.4656
15.0962
13.2671
10.4615
13.5461
10.0182
10.5851
10.3907
13.1138
10.2206
11.4178
11.5134
9.57918
9.09399
9.11938
9.33982
6.18604
0.734467
0.334573
0.082796
0.00910609
0.000345078
3.52312e-05
2.02641e-06
5.26219
7.44412
7.59406
5.84186
3.98645
1.93869
0.8986
0.576513
0.262658
0.0522049
0.00681654
0.00125281
0.00104253
0.0962812
5.42119
10.0334
10.3845
10.0633
10.5978
10.02
10.9677
10.7218
12.5715
14.8773
14.5854
15.3887
11.7189
12.1814
12.3153
6.75669
3.88965
4.89403
7.40539
16.2575
6.0435
6.93709
10.4097
10.7268
12.2342
14.9816
14.6501
13.299
11.4558
13.5903
13.5315
11.8645
10.0185
10.7423
14.3323
11.5587
11.539
11.3976
9.37909
9.0858
9.22665
8.52365
2.94735
0.375495
0.310692
0.102702
0.0229294
0.00262065
0.000186146
8.70569e-06
4.57966
1.43955
7.30887
2.6646
1.94125
1.9062
0.492209
0.39857
0.136768
0.0515591
0.013516
0.00163135
0.000660095
0.0077017
0.420967
9.53578
10.8009
10.5757
9.2486
8.24074
9.38865
13.8097
10.5139
9.64341
20.0668
12.7814
14.8931
6.04333
3.22862
8.46246
8.65204
19.9188
24.0401
0.147214
22.6416
17.8106
10.7809
13.268
11.7715
15.4515
9.71696
15.9974
16.1032
16.2985
13.2562
12.5176
10.4136
12.4441
13.8393
12.1961
9.66929
10.9234
1.72607
3.28074
8.26138
2.66127
1.55297
0.100785
0.226016
0.0215902
0.0117381
6.56945e-05
0
3.05016e-06
3.49081
0.755274
7.3726
1.39725
0.0805994
1.14167
0.0740547
0.217856
0.0306977
0.00729166
0.00233485
0.000140051
1.42711e-05
0.00113945
0.00908078
4.03604
2.83774
6.04395
9.7296
9.23141
7.79418
7.20013
12.144
4.55919
9.08431
3.34357
9.73402
7.06359
4.5013
2.14373
3.05033
3.41121
1.71966
0.0250014
0.201792
7.78699
8.74162
3.16076
5.63382
9.3009
1.32218
17.7625
17.3957
12.0246
11.6011
12.5988
8.71352
10.5172
11.9768
10.3876
0.672446
8.68277
0.647308
0.307135
3.70332
0.140568
0.546029
0.0167848
0.0151809
0.00111949
0.000168646
5.21849e-05
0
0
0
0.00354277
0.0024589
0.00142866
8.64555e-05
0
0
0
0
0
0
0
0
0
0.00018826
0.000360648
0.000380649
0.024415
0.103895
2.69078
6.85172
3.64466
2.03489
0.0113123
0.000115307
0
0.0265709
1.77331
0.160907
0.0192992
0.297016
1.61603
0.610693
0.0127701
0.000157506
0.000226747
0.053097
0.00802056
0.023885
0.257148
1.73144
12.4937
2.56225
5.90091
4.38015
8.11026
9.28362
10.3571
5.34212
3.41598
0.0564446
0.0403274
0.0207775
2.9658e-06
0
0
0
0
0
0
0
0
0
0
0
1.77165e-05
1.92458e-06
3.87549e-06
1.8633e-06
0
0
0
0
0
0
0
0
0
0
0
0
0
0
0
0
0.00377754
0.219333
0.162717
0
0
0
0
4.42283e-06
0
0.00016537
5.16628e-05
0.00048279
7.98294e-05
5.47154e-05
1.73606e-05
1.21706e-06
1.74849e-05
0.000415531
0.010027
0.0390627
0.532814
0.990593
0.585954
0.370329
1.18791
2.18366
3.35302
0.115468
0.0202985
0.00176551
6.53207e-06
0
0
0
0
0
0
0
0
0
0
0
0
0
0
0
0
0
0
0
0
0
0
0
0
0
0
0
0
0
0
0
0
0
0
0
0
0
0
0
0
0
0
0
0
3.58585e-06
8.12447e-05
2.28847e-05
0
0
0
2.92022e-06
2.01826e-06
2.66366e-06
0
0.000106057
0.0140428
0.0489821
0.0215404
0.00306217
0.0532748
0.000445119
0
0
0
0
0
0
0
0
0
0
0
0
0
0
0
0
0
0
0
0
0
0
0
0
0
0
0
0
0
0
0
0
0
0
0
0
0
0
0
0
0
0
0
0
0
0
0
0
0
0
0
1.68465e-06
2.76633e-06
3.30973e-06
2.40565e-06
1.73885e-06
1.10944e-06
3.00471e-05
1.52614e-05
5.46435e-05
0.000105003
1.33984e-05
2.09329e-06
0
0
0
0
0
0
0
0
0
0
0
0
0
0
0
0
0
0
0
0
0
0
0
0
0
0
0
0
0
0
0
0
0
0
0
0
0
0
0
0
0
0
0
0
0
0
0
0
0
0
0
0
2.48972e-06
2.35992e-06
0
0
1.10547e-06
0
0
3.77007e-06
3.51521e-05
5.00095e-05
4.65483e-06
0
0
0
0
0
0
0
0
0
0
0
0
0
0
0
0
0
0
0
0
0
0
0
0
0
0
0
0
0
0
0
0
0
0
0
0
0
0
0
0
0
0
0
0
0
0
0
0
0
0
0
0
0
2.10096e-06
2.2914e-06
2.00859e-06
0
0
0
0
5.92581e-06
1.34837e-05
3.57296e-06
5.94829e-06
0
0
0
0
0
0
0
0
0
0
0
0
0
0
0
0
0
0
0
0
0
0
0
0
0
0
0
0
0
0
0
0
0
0
0
0
0
0
0
0
0
0
0
0
0
0
0
0
0
0
0
0
0
1.91014e-06
1.98419e-06
1.20444e-06
2.06389e-06
1.67583e-06
1.93923e-06
0
1.14508e-06
2.55539e-06
0
0
0
0
0
0
0
0
0
0
0
0
0
0
0
0
0
0
0
0
0
0
0
0
0
0
0
0
0
0
0
0
0
0
0
0
0
0
0
0
0
0
0
0
0
0
0
0
0
0
0
0
0
0
0
1.90724e-06
1.51405e-06
0
0
0
0
2.28675e-06
0
6.46063e-06
0
0
0
0
0
0
0
0
0
0
0
0
0
0
0
0
0
0
0
0
0
0
0
0
0
0
0
0
0
0
0
0
0
0
0
0
0
0
0
0
0
0
0
0
0
0
0
0
0
0
0
0
0
0
0
1.72932e-06
1.06382e-06
0
0
0
0
0
0
0
0
0
0
0
0
0
0
0
0
0
0
0
0
0
0
0
0
0
0
0
0
0
0
0
0
0
0
0
0
0
0
0
0
0
0
0
0
0
0
0
0
0
0
0
0
0
0
0
0
0
0
0
0
0
0
0
0
0
0
0
0
0
0
0
0
0
0
0
0
0
0
0
0
0
0
0
0
0
0
0
0
0
0
0
0
0
0
0
0
0
0
0
0
0
0
0
0
0
0
0
0
0
0
0
0
0
0
0
0
0
0
0
0
0
0
0
0
0
0
0
0
0
0
0
0
0
0
0
0
0
0
0
0
0
0
0
0
0
0
0
0
0
0
0
0
0
0
0
0
0
0
0
0
0
0
0
0
0
0
0
0
0
0
0
0
0
0
0
0
0
0
0
0
0
0
0
0
0
0
0
0
0
0
2.37005e-06
3.44129e-06
0
0
0
0
0
0
0
0
0
0
0
0
0
0
0
0
0
0
0
0
0
0
0
0
0
0
0
0
0
0
0
0
0
0
0
0
0
0
0
0
0
0
0
0
0
0
0
0
0
0
0
0
0
0
0
0
0
0
0
0
0
0
1.16844e-05
1.45841e-05
7.3304e-06
2.33034e-06
0
0
0
0
0
0
0
0
0
0
0
0
0
0
0
0
0
0
0
0
0
0
0
0
0
0
0
0
0
0
0
0
0
0
0
0
0
0
0
0
0
0
0
0
0
0
0
0
0
0
0
0
0
0
0
0
0
2.73908e-06
4.12141e-06
8.87668e-06
3.19924e-05
3.48707e-05
2.22077e-05
1.02169e-05
1.99331e-06
0
0
0
0
0
0
0
0
0
0
0
0
0
0
0
0
0
0
0
0
0
0
0
0
0
0
0
0
0
0
0
0
0
0
0
0
0
0
0
0
0
0
0
0
0
0
0
0
0
0
0
0
0
0
0
0
3.90228e-06
9.74751e-06
1.86087e-05
4.72281e-05
5.34334e-05
4.408e-05
2.0223e-05
5.77422e-06
0
0
0
0
0
0
0
0
0
0
0
0
0
0
0
0
0
0
0
0
0
0
0
0
0
0
0
0
0
0
0
0
0
0
0
0
0
0
0
0
0
0
0
0
0
0
0
0
0
0
0
0
0
0
0
0
3.23737e-06
1.18874e-05
2.33961e-05
5.29974e-05
5.34219e-05
4.36452e-05
2.4276e-05
1.02873e-05
1.8819e-06
0
0
0
0
0
0
0
0
0
0
0
0
0
0
0
0
0
0
0
0
0
0
0
0
0
0
0
0
0
0
0
0
0
0
0
0
0
0
0
0
0
0
0
0
0
0
0
0
0
0
0
0
0
0
0
1.16397e-06
1.13961e-05
2.00915e-05
4.72275e-05
6.12893e-05
4.72693e-05
2.18359e-05
8.0628e-06
2.50409e-06
0
0
0
0
0
0
0
0
0
0
0
0
0
0
0
0
0
0
0
0
0
0
0
0
0
0
0
0
0
0
0
0
0
0
0
0
0
0
0
0
0
0
0
0
0
0
0
0
0
0
0
0
0
0
0
0
4.97205e-06
1.35315e-05
4.50146e-05
5.81807e-05
5.4193e-05
2.55113e-05
6.52726e-06
2.28745e-06
0
0
0
0
0
0
0
0
0
0
0
0
0
0
0
0
0
0
0
0
0
0
0
0
0
0
0
0
0
0
0
0
0
0
0
0
0
0
0
0
0
0
0
0
0
0
0
0
0
0
0
0
0
0
0
0
0
3.21947e-06
3.35084e-05
5.43617e-05
3.01244e-05
1.37651e-05
6.1947e-06
0
0
0
0
0
0
0
0
0
0
0
0
0
0
0
0
0
0
0
0
0
0
0
0
0
0
0
0
0
0
0
0
0
0
0
0
0
0
0
0
0
0
0
0
0
0
0
0
0
0
0
0
0
0
0
0
0
0
3.70864e-06
2.98178e-05
3.71894e-05
3.46379e-05
7.52999e-06
4.94227e-06
0
0
0
0
0
0
0
0
0
0
0
0
0
0
0
0
0
0
0
0
0
0
0
0
0
0
0
0
0
0
0
0
0
0
0
0
0
0
0
0
0
0
0
0
0
0
0
0
0
0
0
0
0
0
0
0
0
0
1.85282e-06
1.60473e-05
2.02515e-05
2.32663e-05
4.5655e-06
2.25162e-06
0
0
0
0
0
0
0
0
0
0
0
0
0
0
0
0
0
0
0
0
0
0
0
0
0
0
0
0
0
0
0
0
0
0
0
0
0
0
0
0
0
0
0
0
0
0
0
0
0
0
0
0
0
0
0
0
0
0
3.65178e-06
1.14829e-05
6.36831e-06
5.93893e-06
3.35876e-06
0
0
0
0
0
0
0
0
0
0
0
0
0
0
0
0
0
0
0
0
0
0
0
0
0
0
0
0
0
0
0
0
0
0
0
0
0
0
0
0
0
0
0
0
0
0
0
0
0
0
0
0
0
0
0
0
0
0
0
1.88086e-06
3.3231e-06
1.82313e-06
1.39544e-06
1.43383e-06
0
0
0
0
0
0
0
0
0
0
0
0
0
0
0
0
0
0
0
0
0
0
0
0
0
0
0
0
0
0
0
0
0
0
0
0
0
0
0
0
0
0
0
0
0
0
0
0
0
0
0
0
0
0
0
0
0
0
0
0
0
1.09397e-06
0
0
0
0
0
0
0
0
0
0
0
0
0
0
0
0
0
0
0
0
0
0
0
0
0
0
0
0
0
0
0
0
0
0
0
0
0
0
0
0
0
0
0
0
0
0
0
0
0
0
0
0
0
0
0
0
0
0
0
0
0
0
0
0
0
0
0
0
0
0
0
0
0
0
0
0
0
0
0
0
0
0
0
0
0
0
0
0
0
0
0
0
0
0
0
0
0
0
0
0
0
0
0
0
0
0
0
0
0
0
0
0
0
0
0
0
0
0
0
0
0
0
0
0
0
0
0
0
0
0
0
0
0
0
0
0
0
0
0
0
0
0
0
0
0
0
0
0
0
0
0
0
0
0
0
0
0
0
0
0
0
0
0
0
0
0
0
0
0
0
0
0
0
0
0
0
0
0
0
0
0
0
0
0
0
0
0
0
0
0
0
0
0
0
0
0
0
0
0
0
0
0
0
0
0
0
0
0
0
0
0
0
0
0
0
0
0
0
0
0
0
0
0
0
0
0
0
0
0
0
0
0
0
0
0
0
0
0
0
0
0
0
0
0
0
0
0
0
0
0
0
0
0
0
0
0
0
0
0
0
0
0
0
0
0
0
0
0
0
0
0
0
0
0
0
0
0
0
0
0
0
0
0
0
0
0
0
0
0
0
0
0
0
0
0
0
0
0
0
0
0
0
0
0
0
0
0
0
0
0
0
0
0
0
0
0
0
0
0
0
0
0
0
0
0
0
0
0
0
0
0
0
0
0
0
0
0
0
0
0
0
0
0
0
0
0
0
0
0
0
0
0
0
0
0
0
0
0
0
0
0
0
0
0
0
0
0
0
0
0
0
0
0
0
0
0
0
0
0
0
0
0
0
0
0
0
0
0
0
0
0
0
0
0
0
0
0
0
0
0
0
0
0
0
0
0
0
0
0
0
0
0
0
0
0
0
0
0
0
0
0
0
0
0
0
0
0
0
0
0
0
0
0
0
0
0
0
0
0
0
0
0
0
0
0
0
0
0
0
0
0
0
0
0
0
0
0
0
0
0
0
0
0
0
0
0
0
0
0
0
0
0
0
0
0
0
0
0
0
0
0
0
0
0
0
0
0
0
0
0
0
0
0
0
0
0
0
0
0
0
0
0
0
0
0
0
0
0
0
0
0
0
0
0
0
0
0
0
0
0
0
0
0
0
0
0
0
0
0
0
0
0
0
0
0
0
0
0
0
0
0
0
0
0
0
0
0
0
0
0
0
0
0
0
0
0
0
0
0
0
0
0
0
0
0
0
0
0
0
0
0
0
0
0
0
0
0
0
0
0
0
0
0
0
0
0
0
0
0
0
0
0
0
0
0
0
0
0
0
0
0
0
0
0
0
0
0
0
0
0
0
0
0
0
0
0
0
0
0
0
0
0
0
0
0
0
0
0
0
0
0
0
0
0
0
0
0
0
0
0
0
0
0
0
0
0
0
0
0
0
0
0
0
0
0
0
0
0
0
0
0
0
0
0
0
0
0
0
0
0
0
0
0
0
0
0
0
0
0
0
0
0
0
0
0
0
0
0
0
0
0
0
0
0
0
0
0
0
0
0
0
0
0
0
0
0
0
0
0
0
0
0
0
0
0
0
0
0
0
0
0
0
0
0
0
0
0
0
0
0
0
0
0
0
0
0
0
0
0
0
0
0
0
0
0
0
0
0
0
0
0
0
0
0
0
0
0
0
0
0
0
0
0
0
0
0
0
0
0
0
0
0
0
0
0
0
0
0
0
0
0
0
0
0
0
0
0
0
0
0
0
0
0
0
0
0
0
0
0
0
0
0
0
0
0
0
0
0
0
0
0
0
0
0
0
0
0
0
0
0
0
0
0
0
0
0
0
0
0
0
0
0
0
0
0
0
0
0
0
0
0
0
0
0
0
0
0
0
0
0
0
0
0
0
0
0
0
0
0
0
0
0
0
0
0
0
0
0
0
0
0
0
0
0
0
0
0
0
0
0
0
0
0
0
0
0
0
0
0
0
0
0
0
0
0
0
0
0
0
0
0
0
0
0
0
0
0
0
0
0
0
0
0
0
0
0
0
0
0
0
0
0
0
0
0
0
0
0
0
0
0
0
0
0
0
0
0
0
0
0
0
0
0
0
0
0
0
0
0
0
0
0
0
0
0
0
0
0
0
0
0
0
0
0
0
0
0
0
0
0
0
0
0
0
0
0
0
0
0
0
0
0
0
0
0
0
0
0
0
0
0
0
0
0
0
0
0
0
0
0
0
0
0
0
0
0
0
0
0
0
0
0
0
0
0
0
0
0
0
0
0
0
0
0
0
0
0
0
0
0
0
0
0
0
0
0
0
0
0
0
0
0
0
0
0
0
0
0
0
0
0
0
0
0
0
0
0
0
0
0
0
0
0
0
0
0
0
0
0
0
0
0
0
0
0
0
0
0
0
0
0
0
0
0
0
0
0
0
0
0
0
0
0
0
0
0
0
0
0
0
0
0
0
0
0
0
0
0
0
0
0
0
0
0
0
0
0
0
0
0
0
0
0
0
0
0
0
0
0
0
0
0
0
0
0
0
0
0
0
0
0
0
0
0
0
0
0
0
0
0
0
0
0
0
0
0
0
0
0
0
0
0
0
0
0
0
0
0
0
0
0
0
0
0
0
0
0
0
0
0
0
0
0
0
0
0
0
0
0
0
0
0
0
0
0
0
0
0
0
0
0
0
0
0
0
0
0
0
0
0
0
0
0
0
0
0
0
0
0
0
0
0
0
0
0
0
0
0
0
0
0
0
0
0
0
0
0
0
0
0
0
0
0
0
0
0
0
0
0
0
0
0
0
0
0
0
0
0
0
0
0
0
0
0
0
0
0
0
0
0
0
0
0
0
0
0
0
0
0
0
0
0
0
0
0
0
0
0
0
0
0
0
0
0
0
0
0
0
0
0
0
0
0
0
0
0
0
0
0
0
0
0
0
0
0
0
0
0
0
0
0
0
0
0
0
0
0
0
0
0
0
0
0
0
0
0
0
0
0
0
0
0
0
0
0
0
0
0
0
0
0
0
0
0
0
0
0
0
0
0
0
0
0
0
0
0
0
0
0
0
0
0
0
0
0
0
0
0
0
0
0
0
0
0
0
0
0
0
0
0
0
0
0
0
0
0
0
0
0
0
0
0
0
0
0
0
0
0
0
0
0
0
0
0
0
0
0
0
0
0
0
0
0
0
0
0
0
0
0
0
0
0
0
0
0
0
0
0
0
0
0
0
0
0
0
0
0
0
0
0
0
0
0
0
0
0
0
0
0
0
0
0
0
0
0
0
0
0
0
0
0
0
0
0
0
0
0
0
0
0
0
0
0
0
0
0
0
0
0
0
0
0
0
0
0
0
0
0
0
0
0
0
0
0
0
0
0
0
0
0
0
0
0
0
0
0
0
0
0
0
0
0
0
0
0
0
0
0
0
0
0
0
0
0
0
0
0
0
0
0
0
0
0
0
0
0
0
0
0
0
0
0
0
0
0
0
0
0
0
0
0
0
0
0
0
0
0
0
0
0
0
0
0
0
0
0
0
0
0
0
0
0
0
0
0
0
0
0
0
0
0
0
0
0
0
0
0
0
0
0
0
0
0
0
0
0
0
0
0
0
0
0
0
0
0
0
0
0
0
0
0
0
0
0
0
0
0
0
0
0
0
0
0
0
0
0
0
0
0
0
0
0
0
0
0
0
0
0
0
0
0
0
0
0
0
0
0
0
0
0
0
0
0
0
0
0
0
0
0
0
0
0
0
0
0
0
0
0
0
0
0
0
0
0
0
0
0
0
0
0
0
0
0
0
0
0
0
0
0
0
0
0
0
0
0
0
0
0
0
0
0
0
0
0
0
0
0
0
0
0
0
0
0
0
0
0
0
0
0
0
0
0
0
0
0
0
0
0
0
0
0
0
0
0
0
0
0
0
0
0
0
0
0
0
0
0
0
0
0
0
0
0
0
0
0
0
0
0
0
0
0
0
0
0
0
0
0
0
0
0
0
0
0
0
0
0
0
0
0
0
0
0
0
0
0
0
0
0
0
0
0
0
0
0
0
0
0
0
0
0
0
0
0
0
0
0
0
0
0
0
0
0
0
0
0
0
0
0
0
0
0
0
0
0
0
0
0
0
0
0
0
0
0
0
0
0
0
0
0
0
0
0
0
0
0
0
0
0
0
0
0
0
0
0
0
0
0
0
0
0
0
0
0
0
0
0
0
0
0
0
0
0
0
0
0
0
0
0
0
0
0
0
0
0
0
0
0
0
0
0
0
0
0
0
0
0
0
0
0
0
0
0
0
0
0
0
0
0
0
0
0
0
0
0
0
0
0
0
0
0
0
0
0
0
0
0
0
0
0
0
0
0
0
0
0
0
0
0
0
0
0
0
0
0
0
0
0
0
0
0
0
0
0
0
0
0
0
0
0
0
0
0
0
0
0
0
0
0
0
0
0
0
0
0
0
0
0
0
0
0
0
0
0
0
0
0
0
0
0
0
0
0
0
0
0
0
0
0
0
0
0
0
0
0
0
0
0
0
0
0
0
0
0
0
0
0
0
0
0
0
0
0
0
0
0
0
0
0
0
0
0
0
0
0
0
0
0
0
0
0
0
0
0
0
0
0
0
0
0
0
0
0
0
0
0
0
0
0
0
0
0
0
0
0
0
0
0
0
0
0
0
0
0
0
0
0
0
0
0
0
0
0
0
0
0
0
0
0
0
0
0
0
0
0
0
0
0
0
0
0
0
0
0
0
0
0
0
0
0
0
0
0
0
0
0
0
0
0
0
0
0
0
0
0
0
0
0
0
0
0
0
0
0
0
0
0
0
0
0
0
0
0
0
0
0
0
0
0
0
0
0
0
0
0
0
0
0
0
0
0
0
0
0
0
0
0
0
0
0
0
0
0
0
0
0
0
0
0
0
0
0
0
0
0
0
0
0
0
0
0
0
0
0
0
0
0
0
0
0
0
0
0
0
0
0
0
0
0
0
0
0
0
0
0
0
0
0
0
0
0
0
0
0
0
0
0
0
0
0
0
0
0
0
0
0
0
0
0
0
0
0
0
0
0
0
0
0
0
0
0
0
0
0
0
0
0
0
0
0
0
0
0
0
0
0
0
0
0
0
0
0
0
0
0
0
0
0
0
0
0
0
0
0
0
0
0
0
0
0
0
0
0
0
0
0
0
0
0
0
0
0
0
0
0
0
0
0
0
0
0
0
0
0
0
0
0
0
0
0
0
4.63529
6.73124
6.32905
4.3714
2.4402
1.25462
0.694796
0.311439
0.0624167
0.0045852
0.000652046
8.84409e-05
1.43342e-05
1.75984e-05
1.01361
10.4293
10.2698
10.2273
10.8348
10.6448
11.2999
10.4555
10.4039
9.69153
13.8689
12.8803
10.5401
12.0361
13.3488
11.0483
12.8506
12.218
7.98991
14.9152
12.5801
7.90893
12.5374
15.2786
11.5499
11.4675
11.9696
15.3808
11.6411
12.3821
9.46662
10.0212
9.96385
12.048
13.6356
10.2492
11.6489
10.987
9.41451
9.05147
8.90039
9.18703
4.8877
0.871145
0.309667
0.0493632
0.00424735
0.000137548
1.04103e-05
0
4.14268
5.91818
5.38893
3.78725
2.32139
1.10695
0.441175
0.206375
0.0911201
0.0132782
0.000972541
0.000165763
3.38229e-05
0.00031931
0.811018
8.06784
10.4397
10.4758
10.8262
10.4391
10.6932
10.4119
13.1801
13.2249
14.5438
10.8203
16.3757
8.56081
6.58501
12.1741
6.867
7.19846
14.8333
11.6113
9.29995
11.2733
10.2704
12.3269
11.4032
12.3595
13.4415
14.9695
11.3946
15.207
11.5033
9.93031
10.4317
12.571
14.1883
10.8961
11.8337
10.8471
9.2611
9.04517
9.01947
8.60573
1.41903
0.51151
0.286261
0.0725037
0.0131641
0.000850973
6.39402e-06
0
2.67657
1.33886
4.49614
2.90541
0.888223
1.00882
0.0554181
0.0316608
0.0625216
0.00875651
0.00142415
0.000143085
5.57725e-05
0.00163355
0.516418
2.77052
10.3611
10.8824
10.6051
10.376
11.0897
12.7077
13.4894
11.5165
8.61205
15.5193
15.2794
10.6797
5.38791
7.76569
6.21734
7.34438
20.7889
10.8049
11.9792
9.8057
8.90503
9.63437
11.4302
10.5698
19.4882
13.1713
16.5871
15.1488
12.1575
10.1056
10.2089
12.9441
11.8317
12.0402
11.7719
9.82072
3.50986
6.7916
3.0618
6.72923
0.0845604
0.246373
0.188997
0.00807457
0.00398768
0.000365446
2.25341e-06
0
0.502246
0.714596
2.17572
1.33819
0.0441184
0.737914
0.112837
0.00666927
0.0082219
0.000358555
8.88714e-05
4.44198e-06
1.81136e-05
0.00395027
0.0999341
0.741304
4.82067
3.75842
6.63063
9.71342
8.68701
10.2994
8.74632
9.05362
1.59561
4.0828
17.8735
2.9429
8.912
3.90539
1.60639
9.72011
4.62208
4.58876
5.45465
0.886057
1.53604
2.42544
3.74945
0.485529
12.2842
12.4999
18.8388
8.69118
5.86022
9.60121
9.52139
11.4312
9.92798
7.85533
9.19509
9.56066
1.65413
2.39044
0.290616
1.25645
0.0273523
0.0119891
0.00635855
0.00014087
7.89718e-05
4.283e-06
0
0
0
0.0123197
0.0114548
0.0365267
0.00354781
9.47743e-05
1.34898e-05
1.2281e-06
0
0
0
0
0
0
0.000140914
0.000386552
0.000696957
0.001659
0.0213864
0.376852
2.0117
5.18283
3.23716
0.133067
0.000223787
0.000736836
0.00439738
0.385869
0.486288
0.0199923
0.264531
0.0244121
6.96435e-05
0.00817009
0.0113643
0.00560715
0.0420524
0.00284914
0.0073742
0.97854
0.0115965
14.9299
0.903413
1.53522
3.22792
7.25333
7.14651
8.01576
4.14512
2.05724
0.468412
0.379082
0.128076
2.53223e-05
0
0
0
0
0
0
0
0
0
0
0
0.000105732
6.79029e-05
2.80606e-05
2.11643e-05
1.24368e-06
0
0
0
0
0
0
0
0
0
0
0
0
0
0
0
0.000740759
0.0845322
0.171989
0.175978
0
0
0
4.0983e-06
0
0.000223333
0
0
3.52015e-06
6.87483e-06
8.25308e-05
0.000241177
3.74546e-06
0.00201224
0.00649805
0.395594
0.249523
0.561879
1.34651
0.811628
3.50956
2.55111
1.37496
0.0858863
0.0252422
0.00892463
5.59488e-05
0
0
0
0
0
0
0
0
0
0
0
0
0
0
0
0
0
0
0
0
0
0
0
0
0
0
0
0
0
0
0
0
0
0
0
0
0
0
0
0
0
0
0
0
0
0
1.21697e-06
0
0
2.90045e-06
1.78827e-06
1.74023e-06
0.00236046
0
1.67953e-05
0.320801
0.490742
0.230608
0.0258863
0.00996649
0.000434199
0
0
0
0
0
0
0
0
0
0
0
0
0
0
0
0
0
0
0
0
0
0
0
0
0
0
0
0
0
0
0
0
0
0
0
0
0
0
0
0
0
0
0
0
0
0
0
0
0
0
0
0
1.98442e-06
2.50036e-06
3.94353e-06
1.34669e-05
2.32427e-06
5.02579e-05
0.00512431
0.000303852
1.3788e-05
0.000170973
2.0669e-06
0
0
0
0
0
0
0
0
0
0
0
0
0
0
0
0
0
0
0
0
0
0
0
0
0
0
0
0
0
0
0
0
0
0
0
0
0
0
0
0
0
0
0
0
0
0
0
0
0
0
0
0
2.3943e-06
3.86358e-06
1.87799e-06
1.87889e-06
2.62064e-06
0
4.46767e-06
6.63027e-05
2.127e-05
3.56792e-06
1.83632e-05
0
0
0
0
0
0
0
0
0
0
0
0
0
0
0
0
0
0
0
0
0
0
0
0
0
0
0
0
0
0
0
0
0
0
0
0
0
0
0
0
0
0
0
0
0
0
0
0
0
0
0
0
0
1.48764e-06
3.72766e-06
7.82745e-06
2.39223e-06
0
2.40135e-06
1.54496e-05
8.4798e-06
1.77659e-06
0
0
0
0
0
0
0
0
0
0
0
0
0
0
0
0
0
0
0
0
0
0
0
0
0
0
0
0
0
0
0
0
0
0
0
0
0
0
0
0
0
0
0
0
0
0
0
0
0
0
0
0
0
0
0
0
2.67957e-06
9.07555e-06
1.52336e-05
1.89224e-05
2.22195e-05
4.89981e-06
2.27084e-06
1.71456e-06
0
0
0
0
0
0
0
0
0
0
0
0
0
0
0
0
0
0
0
0
0
0
0
0
0
0
0
0
0
0
0
0
0
0
0
0
0
0
0
0
0
0
0
0
0
0
0
0
0
0
0
0
0
0
0
1.37946e-06
1.99174e-06
2.66994e-06
1.38172e-05
1.34279e-05
5.33531e-06
1.53972e-05
8.15905e-05
0.000105381
0
0
0
0
0
0
0
0
0
0
0
0
0
0
0
0
0
0
0
0
0
0
0
0
0
0
0
0
0
0
0
0
0
0
0
0
0
0
0
0
0
0
0
0
0
0
0
0
0
0
0
0
0
0
0
1.5816e-06
1.58156e-06
0
0
1.31754e-06
1.37596e-06
2.73267e-06
1.60651e-05
8.98472e-06
0
0
0
0
0
0
0
0
0
0
0
0
0
0
0
0
0
0
0
0
0
0
0
0
0
0
0
0
0
0
0
0
0
0
0
0
0
0
0
0
0
0
0
0
0
0
0
0
0
0
0
0
0
0
0
1.25419e-06
1.37181e-06
0
0
0
0
0
0
0
0
0
0
0
0
0
0
0
0
0
0
0
0
0
0
0
0
0
0
0
0
0
0
0
0
0
0
0
0
0
0
0
0
0
0
0
0
0
0
0
0
0
0
0
0
0
0
0
0
0
0
0
0
0
0
0
0
0
0
0
0
0
0
0
0
0
0
0
0
0
0
0
0
0
0
0
0
0
0
0
0
0
0
0
0
0
0
0
0
0
0
0
0
0
0
0
0
0
0
0
0
0
0
0
0
0
0
0
0
0
0
0
0
0
0
0
0
0
0
0
0
0
0
0
0
0
0
0
0
0
0
0
0
0
0
0
0
0
0
0
0
0
0
0
0
0
0
0
0
0
0
0
0
0
0
0
0
0
0
0
0
0
0
0
0
0
0
0
0
0
0
0
0
0
0
0
0
0
0
0
0
0
0
0
0
0
0
0
0
0
0
0
0
0
0
0
0
0
0
0
0
0
0
0
0
0
0
0
0
0
0
0
0
0
0
0
0
0
0
0
0
0
0
0
0
0
0
0
0
0
0
0
0
0
0
0
0
0
0
0
0
0
0
0
0
0
1.21095e-06
3.84063e-06
3.89296e-06
3.05863e-06
1.29685e-06
0
0
0
0
0
0
0
0
0
0
0
0
0
0
0
0
0
0
0
0
0
0
0
0
0
0
0
0
0
0
0
0
0
0
0
0
0
0
0
0
0
0
0
0
0
0
0
0
0
0
0
0
0
0
0
0
0
0
0
2.3332e-06
8.93997e-06
1.13533e-05
8.02423e-06
3.95625e-06
1.06782e-06
0
0
0
0
0
0
0
0
0
0
0
0
0
0
0
0
0
0
0
0
0
0
0
0
0
0
0
0
0
0
0
0
0
0
0
0
0
0
0
0
0
0
0
0
0
0
0
0
0
0
0
0
0
0
0
0
0
2.16688e-06
4.03288e-06
1.45569e-05
1.80198e-05
1.66973e-05
8.34024e-06
2.42466e-06
0
0
0
0
0
0
0
0
0
0
0
0
0
0
0
0
0
0
0
0
0
0
0
0
0
0
0
0
0
0
0
0
0
0
0
0
0
0
0
0
0
0
0
0
0
0
0
0
0
0
0
0
0
0
0
0
0
1.01336e-06
2.3563e-06
1.23237e-05
1.61047e-05
1.11837e-05
6.41911e-06
2.77556e-06
0
0
0
0
0
0
0
0
0
0
0
0
0
0
0
0
0
0
0
0
0
0
0
0
0
0
0
0
0
0
0
0
0
0
0
0
0
0
0
0
0
0
0
0
0
0
0
0
0
0
0
0
0
0
0
0
0
0
2.30614e-06
8.76997e-06
1.31752e-05
1.15101e-05
5.59242e-06
1.86864e-06
0
0
0
0
0
0
0
0
0
0
0
0
0
0
0
0
0
0
0
0
0
0
0
0
0
0
0
0
0
0
0
0
0
0
0
0
0
0
0
0
0
0
0
0
0
0
0
0
0
0
0
0
0
0
0
0
0
0
1.02009e-06
8.13574e-06
9.53454e-06
9.49642e-06
5.03313e-06
0
0
0
0
0
0
0
0
0
0
0
0
0
0
0
0
0
0
0
0
0
0
0
0
0
0
0
0
0
0
0
0
0
0
0
0
0
0
0
0
0
0
0
0
0
0
0
0
0
0
0
0
0
0
0
0
0
0
0
0
6.96947e-06
4.80562e-06
4.44113e-06
3.23409e-06
0
0
0
0
0
0
0
0
0
0
0
0
0
0
0
0
0
0
0
0
0
0
0
0
0
0
0
0
0
0
0
0
0
0
0
0
0
0
0
0
0
0
0
0
0
0
0
0
0
0
0
0
0
0
0
0
0
0
0
0
3.15561e-06
1.65921e-06
1.18752e-06
1.14488e-06
0
0
0
0
0
0
0
0
0
0
0
0
0
0
0
0
0
0
0
0
0
0
0
0
0
0
0
0
0
0
0
0
0
0
0
0
0
0
0
0
0
0
0
0
0
0
0
0
0
0
0
0
0
0
0
0
0
0
0
0
0
0
0
0
0
0
0
0
0
0
0
0
0
0
0
0
0
0
0
0
0
0
0
0
0
0
0
0
0
0
0
0
0
0
0
0
0
0
0
0
0
0
0
0
0
0
0
0
0
0
0
0
0
0
0
0
0
0
0
0
0
0
0
0
0
0
0
0
0
0
0
0
0
0
0
0
0
0
0
0
0
0
0
0
0
0
0
0
0
0
0
0
0
0
0
0
0
0
0
0
0
0
0
0
0
0
0
0
0
0
0
0
0
0
0
0
0
0
0
0
0
0
0
0
0
0
0
0
0
0
0
0
0
0
0
0
0
0
0
0
0
0
0
0
0
0
0
0
0
0
0
0
0
0
0
0
0
0
0
0
0
0
0
0
0
0
0
0
0
0
0
0
0
0
0
0
0
0
0
0
0
0
0
0
0
0
0
0
0
0
0
0
0
0
0
0
0
0
0
0
0
0
0
0
0
0
0
0
0
0
0
0
0
0
0
0
0
0
0
0
0
0
0
0
0
0
0
0
0
0
0
0
0
0
0
0
0
0
0
0
0
0
0
0
0
0
0
0
0
0
0
0
0
0
0
0
0
0
0
0
0
0
0
0
0
0
0
0
0
0
0
0
0
0
0
0
0
0
0
0
0
0
0
0
0
0
0
0
0
0
0
0
0
0
0
0
0
0
0
0
0
0
0
0
0
0
0
0
0
0
0
0
0
0
0
0
0
0
0
0
0
0
0
0
0
0
0
0
0
0
0
0
0
0
0
0
0
0
0
0
0
0
0
0
0
0
0
0
0
0
0
0
0
0
0
0
0
0
0
0
0
0
0
0
0
0
0
0
0
0
0
0
0
0
0
0
0
0
0
0
0
0
0
0
0
0
0
0
0
0
0
0
0
0
0
0
0
0
0
0
0
0
0
0
0
0
0
0
0
0
0
0
0
0
0
0
0
0
0
0
0
0
0
0
0
0
0
0
0
0
0
0
0
0
0
0
0
0
0
0
0
0
0
0
0
0
0
0
0
0
0
0
0
0
0
0
0
0
0
0
0
0
0
0
0
0
0
0
0
0
0
0
0
0
0
0
0
0
0
0
0
0
0
0
0
0
0
0
0
0
0
0
0
0
0
0
0
0
0
0
0
0
0
0
0
0
0
0
0
0
0
0
0
0
0
0
0
0
0
0
0
0
0
0
0
0
0
0
0
0
0
0
0
0
0
0
0
0
0
0
0
0
0
0
0
0
0
0
0
0
0
0
0
0
0
0
0
0
0
0
0
0
0
0
0
0
0
0
0
0
0
0
0
0
0
0
0
0
0
0
0
0
0
0
0
0
0
0
0
0
0
0
0
0
0
0
0
0
0
0
0
0
0
0
0
0
0
0
0
0
0
0
0
0
0
0
0
0
0
0
0
0
0
0
0
0
0
0
0
0
0
0
0
0
0
0
0
0
0
0
0
0
0
0
0
0
0
0
0
0
0
0
0
0
0
0
0
0
0
0
0
0
0
0
0
0
0
0
0
0
0
0
0
0
0
0
0
0
0
0
0
0
0
0
0
0
0
0
0
0
0
0
0
0
0
0
0
0
0
0
0
0
0
0
0
0
0
0
0
0
0
0
0
0
0
0
0
0
0
0
0
0
0
0
0
0
0
0
0
0
0
0
0
0
0
0
0
0
0
0
0
0
0
0
0
0
0
0
0
0
0
0
0
0
0
0
0
0
0
0
0
0
0
0
0
0
0
0
0
0
0
0
0
0
0
0
0
0
0
0
0
0
0
0
0
0
0
0
0
0
0
0
0
0
0
0
0
0
0
0
0
0
0
0
0
0
0
0
0
0
0
0
0
0
0
0
0
0
0
0
0
0
0
0
0
0
0
0
0
0
0
0
0
0
0
0
0
0
0
0
0
0
0
0
0
0
0
0
0
0
0
0
0
0
0
0
0
0
0
0
0
0
0
0
0
0
0
0
0
0
0
0
0
0
0
0
0
0
0
0
0
0
0
0
0
0
0
0
0
0
0
0
0
0
0
0
0
0
0
0
0
0
0
0
0
0
0
0
0
0
0
0
0
0
0
0
0
0
0
0
0
0
0
0
0
0
0
0
0
0
0
0
0
0
0
0
0
0
0
0
0
0
0
0
0
0
0
0
0
0
0
0
0
0
0
0
0
0
0
0
0
0
0
0
0
0
0
0
0
0
0
0
0
0
0
0
0
0
0
0
0
0
0
0
0
0
0
0
0
0
0
0
0
0
0
0
0
0
0
0
0
0
0
0
0
0
0
0
0
0
0
0
0
0
0
0
0
0
0
0
0
0
0
0
0
0
0
0
0
0
0
0
0
0
0
0
0
0
0
0
0
0
0
0
0
0
0
0
0
0
0
0
0
0
0
0
0
0
0
0
0
0
0
0
0
0
0
0
0
0
0
0
0
0
0
0
0
0
0
0
0
0
0
0
0
0
0
0
0
0
0
0
0
0
0
0
0
0
0
0
0
0
0
0
0
0
0
0
0
0
0
0
0
0
0
0
0
0
0
0
0
0
0
0
0
0
0
0
0
0
0
0
0
0
0
0
0
0
0
0
0
0
0
0
0
0
0
0
0
0
0
0
0
0
0
0
0
0
0
0
0
0
0
0
0
0
0
0
0
0
0
0
0
0
0
0
0
0
0
0
0
0
0
0
0
0
0
0
0
0
0
0
0
0
0
0
0
0
0
0
0
0
0
0
0
0
0
0
0
0
0
0
0
0
0
0
0
0
0
0
0
0
0
0
0
0
0
0
0
0
0
0
0
0
0
0
0
0
0
0
0
0
0
0
0
0
0
0
0
0
0
0
0
0
0
0
0
0
0
0
0
0
0
0
0
0
0
0
0
0
0
0
0
0
0
0
0
0
0
0
0
0
0
0
0
0
0
0
0
0
0
0
0
0
0
0
0
0
0
0
0
0
0
0
0
0
0
0
0
0
0
0
0
0
0
0
0
0
0
0
0
0
0
0
0
0
0
0
0
0
0
0
0
0
0
0
0
0
0
0
0
0
0
0
0
0
0
0
0
0
0
0
0
0
0
0
0
0
0
0
0
0
0
0
0
0
0
0
0
0
0
0
0
0
0
0
0
0
0
0
0
0
0
0
0
0
0
0
0
0
0
0
0
0
0
0
0
0
0
0
0
0
0
0
0
0
0
0
0
0
0
0
0
0
0
0
0
0
0
0
0
0
0
0
0
0
0
0
0
0
0
0
0
0
0
0
0
0
0
0
0
0
0
0
0
0
0
0
0
0
0
0
0
0
0
0
0
0
0
0
0
0
0
0
0
0
0
0
0
0
0
0
0
0
0
0
0
0
0
0
0
0
0
0
0
0
0
0
0
0
0
0
0
0
0
0
0
0
0
0
0
0
0
0
0
0
0
0
0
0
0
0
0
0
0
0
0
0
0
0
0
0
0
0
0
0
0
0
0
0
0
0
0
0
0
0
0
0
0
0
0
0
0
0
0
0
0
0
0
0
0
0
0
0
0
0
0
0
0
0
0
0
0
0
0
0
0
0
0
0
0
0
0
0
0
0
0
0
0
0
0
0
0
0
0
0
0
0
0
0
0
0
0
0
0
0
0
0
0
0
0
0
0
0
0
0
0
0
0
0
0
0
0
0
0
0
0
0
0
0
0
0
0
0
0
0
0
0
0
0
0
0
0
0
0
0
0
0
0
0
0
0
0
0
0
0
0
0
0
0
0
0
0
0
0
0
0
0
0
0
0
0
0
0
0
0
0
0
0
0
0
0
0
0
0
0
0
0
0
0
0
0
0
0
0
0
0
0
0
0
0
0
0
0
0
0
0
0
0
0
0
0
0
0
0
0
0
0
0
0
0
0
0
0
0
0
0
0
0
0
0
0
0
0
0
0
0
0
0
0
0
0
0
0
0
0
0
0
0
0
0
0
0
0
0
0
0
0
0
0
0
0
0
0
0
0
0
0
0
0
0
0
0
0
0
0
0
0
0
0
0
0
0
0
0
0
0
0
0
0
0
0
0
0
0
0
0
0
0
0
0
0
0
0
0
0
0
0
0
0
0
0
0
0
0
0
0
0
0
0
0
0
0
0
0
0
0
0
0
0
0
0
0
0
0
0
0
0
0
0
0
0
0
0
0
0
0
0
0
0
0
0
0
0
0
0
0
0
0
0
0
0
0
0
0
0
0
0
0
0
0
0
0
0
0
0
0
0
0
0
0
0
0
0
0
0
0
0
0
0
0
0
0
0
0
0
0
0
0
0
0
0
0
0
0
0
0
0
0
0
0
0
0
0
0
0
0
0
0
0
0
0
0
0
0
0
0
0
0
0
0
0
0
0
0
0
0
0
0
0
0
0
0
0
0
0
0
0
0
0
0
0
0
0
0
0
0
0
0
0
0
0
0
0
0
0
0
0
0
0
0
0
0
0
0
0
0
0
0
0
0
0
0
0
0
0
0
0
0
0
0
0
0
0
0
0
0
0
0
0
0
0
0
0
0
0
0
0
0
0
0
0
0
0
0
0
0
0
0
0
0
0
0
0
0
0
0
0
0
0
0
0
0
0
0
0
0
0
0
0
0
0
0
0
0
0
0
0
0
0
0
0
0
0
0
0
0
0
0
0
0
0
0
0
0
0
0
0
0
0
0
0
0
0
0
0
0
0
0
0
0
0
0
0
0
0
0
0
0
0
0
0
0
0
0
0
0
0
0
0
0
0
0
0
0
0
0
0
0
0
0
0
0
0
0
0
0
0
0
0
0
0
0
0
0
0
0
0
0
0
0
0
0
0
0
0
0
0
0
0
0
0
0
0
0
0
0
0
0
0
0
0
0
0
0
0
0
0
0
0
0
0
0
0
0
0
0
0
0
0
0
0
0
0
0
0
0
0
0
0
0
0
0
0
0
0
0
0
0
0
0
0
0
0
0
0
0
0
0
0
0
0
0
0
0
0
0
0
0
0
0
0
0
0
0
0
0
0
0
0
0
0
0
0
0
0
0
0
0
0
0
0
0
0
0
0
0
0
0
0
0
0
0
0
0
0
0
0
0
0
0
0
0
0
0
0
0
0
0
0
0
0
0
0
0
0
0
0
0
0
0
0
0
0
0
0
0
0
0
0
0
0
0
0
0
0
0
0
0
0
0
0
0
0
0
0
0
0
0
0
0
0
0
0
0
0
0
0
0
0
0
0
0
0
0
0
0
0
0
0
0
0
0
0
0
0
0
0
0
0
0
0
0
0
0
0
0
0
0
0
0
0
0
0
0
0
0
0
0
0
0
0
0
0
0
0
0
0
0
0
0
0
0
0
0
0
0
0
0
0
0
0
0
0
0
0
0
0
0
0
0
0
0
0
0
0
0
0
0
0
0
0
0
0
0
0
0
0
0
0
0
0
0
0
0
0
0
0
0
0
0
0
0
0
0
0
0
0
0
0
0
0
0
0
0
0
0
0
0
0
0
0
0
0
0
0
0
0
0
0
0
0
0
0
0
0
0
0
0
0
0
0
0
0
0
0
0
0
0
0
0
0
0
0
0
0
0
0
0
0
3.33715
4.66776
3.96512
2.10818
0.537642
0.160482
0.0510246
0.0127745
0.00196476
6.23328e-05
7.26111e-05
0.000122845
9.57724e-05
0.000128828
0.119643
8.43467
10.6756
11.127
10.6177
10.9028
10.8265
12.0527
11.2965
8.84734
10.4236
9.39874
14.7528
13.5323
13.4353
10.817
10.3583
13.1991
13.014
13.1581
12.0071
11.9437
8.29364
10.2424
13.4192
11.0386
15.7088
12.814
11.2952
11.054
11.3019
10.3109
14.2053
15.3742
12.5913
10.6266
11.6674
10.7292
9.90485
9.08913
8.26186
8.99081
4.11739
0.89202
0.175825
0.01991
0.00184653
5.30936e-06
0
0
3.11174
4.2937
3.68456
1.9592
0.904527
0.26748
0.0784724
0.0200467
0.00455209
0.000453718
4.2499e-05
0.000158194
0.000414755
0.00182528
0.181118
5.88473
10.2923
11.0389
10.3002
11.1106
9.10924
12.4528
11.777
12.9273
16.1141
10.7845
16.1567
13.7602
13.0731
11.8428
4.32777
11.8551
10.754
13.941
11.9033
10.8779
9.4749
12.1888
12.5536
12.942
13.743
13.0125
9.9289
9.89939
11.349
10.7256
12.9351
14.4891
13.7922
11.5167
11.7302
10.4547
9.64633
9.02262
8.28237
7.736
2.15821
0.553012
0.168551
0.0309844
0.00519968
0.000294115
9.43016e-06
0
2.65107
1.14728
3.89062
1.20043
1.22288
0.304679
0.0543411
0.0271044
0.00679564
0.00113437
7.6978e-05
1.19575e-05
0.000194064
0.0165814
0.883428
0.798524
7.91216
10.8686
10.8008
10.5203
10.4583
12.0662
12.4583
11.8463
8.98563
10.4785
13.9802
13.8742
9.85944
12.4301
8.07241
10.5299
6.99326
8.10932
10.0375
10.6806
12.374
11.9127
18.2248
13.5323
10.819
18.2532
13.9707
12.1998
11.9176
10.7012
12.8229
14.3865
11.6845
12.019
11.776
4.65025
4.71029
4.41885
8.03181
1.99495
1.16744
0.223271
0.143279
0.00911584
0.00222306
0.000325157
0
0
1.00998
0.329928
2.53417
0.284064
0.739925
0.382434
0.0123026
0.00620303
0.000588208
0.000280182
1.66073e-05
0
1.29887e-05
0.00787176
0.524055
0.0922967
4.61103
7.58769
4.57862
7.85481
10.328
11.7058
5.23884
10.6218
5.76502
2.48594
10.6044
5.29042
13.9014
3.48203
4.09635
2.42209
1.64136
3.01022
3.74303
1.59095
5.94088
13.1042
17.16
17.8494
17.3936
11.5263
11.4924
13.8652
13.0691
9.65081
11.5326
11.2015
8.48743
9.87797
10.8802
2.69255
2.85841
0.889533
3.40508
0.213412
0.871806
0.00746853
0.0105549
0.00183023
0
9.06586e-05
0
0
0
0.0168759
0.0168974
0.0333196
0.00530252
0.000415874
6.54876e-05
3.98712e-06
0
0
0
0
0
0
2.25342e-05
0.00107536
0.00357276
0.00146052
0.0043613
0.0526228
0.572542
2.00854
3.41656
0.199631
0.101535
0.0023835
0.0119134
0.462196
0.414672
0.0824231
0.207481
0.0994861
0.000187722
0.000242646
8.75293e-05
7.68642e-05
0.00375057
0.00352123
0.582919
4.5084
15.8557
7.31235
6.7599
8.13713
4.51874
5.4995
6.07679
5.637
3.14475
2.6932
0.99903
0.187149
0.266785
2.64906e-05
0
0
0
0
0
0
0
0
0
0
0
0.000225973
3.32924e-05
5.15529e-05
8.39646e-06
0
0
0
0
0
0
0
0
0
0
0
4.74744e-06
1.73285e-06
1.19328e-06
0
0
0
0.0146126
0.0341491
0.0617429
0
0
6.60157e-05
0
1.28786e-06
2.79029e-06
0
0
1.08992e-06
2.50155e-05
2.79522e-06
0
0
0.0113132
1.95648
1.10251
0.406692
0.492864
1.36832
2.09895
3.34353
0.692305
0.434072
0.0865444
0.0474776
0.0492374
0.000274627
0
0
0
0
0
0
0
0
0
0
0
0
0
0
0
0
0
0
0
0
0
0
0
0
0
0
0
0
0
0
0
0
0
0
0
0
0
0
0
0
0
0
0
0
0
0
0
0
0
8.10318e-05
0.00173383
0.00476118
7.36908e-05
1.93112e-05
0.0694817
0.729351
0.790591
0.328671
0.0350392
0.00243206
0.000219286
9.56058e-06
0
0
0
0
0
0
0
0
0
0
0
0
0
0
0
0
0
0
0
0
0
0
0
0
0
0
0
0
0
0
0
0
0
0
0
0
0
0
0
0
0
0
0
0
0
0
0
0
0
0
1.52227e-06
2.84463e-06
4.69461e-06
0.000550883
0.000135975
7.85486e-06
0.10865
0.0385586
0.00547803
0.00353341
0.000129575
0
0
0
0
0
0
0
0
0
0
0
0
0
0
0
0
0
0
0
0
0
0
0
0
0
0
0
0
0
0
0
0
0
0
0
0
0
0
0
0
0
0
0
0
0
0
0
0
0
0
0
0
0
0
2.36208e-06
2.39095e-06
4.14089e-06
1.50384e-05
4.63699e-06
0.00270717
3.85719e-05
2.14469e-05
0.00119597
1.09535e-06
0
0
0
0
0
0
0
0
0
0
0
0
0
0
0
0
0
0
0
0
0
0
0
0
0
0
0
0
0
0
0
0
0
0
0
0
0
0
0
0
0
0
0
0
0
0
0
0
0
0
0
0
0
1.58227e-06
4.2682e-06
7.9173e-06
1.93372e-05
7.53061e-05
0.000462468
0.000579691
3.29353e-05
2.63465e-05
1.62615e-06
0
0
0
0
0
0
0
0
0
0
0
0
0
0
0
0
0
0
0
0
0
0
0
0
0
0
0
0
0
0
0
0
0
0
0
0
0
0
0
0
0
0
0
0
0
0
0
0
0
0
0
0
0
0
1.3102e-06
1.04995e-05
2.95176e-05
7.03918e-05
0.000218462
0.000178357
0.000211544
0.000487538
0.000559404
0
0
0
0
0
0
0
0
0
0
0
0
0
0
0
0
0
0
0
0
0
0
0
0
0
0
0
0
0
0
0
0
0
0
0
0
0
0
0
0
0
0
0
0
0
0
0
0
0
0
0
0
0
0
0
1.44533e-06
9.88065e-06
3.90021e-05
0.000189009
6.55844e-05
4.15837e-05
0.000108666
0.000704781
0.000321776
0
0
0
0
0
0
0
0
0
0
0
0
0
0
0
0
0
0
0
0
0
0
0
0
0
0
0
0
0
0
0
0
0
0
0
0
0
0
0
0
0
0
0
0
0
0
0
0
0
0
0
0
0
0
0
1.1609e-06
1.93965e-06
5.409e-06
9.35844e-06
1.04581e-05
8.21573e-06
6.37747e-06
1.75914e-05
8.25185e-06
0
0
0
0
0
0
0
0
0
0
0
0
0
0
0
0
0
0
0
0
0
0
0
0
0
0
0
0
0
0
0
0
0
0
0
0
0
0
0
0
0
0
0
0
0
0
0
0
0
0
0
0
0
0
0
1.09515e-06
1.49342e-06
1.32336e-06
1.27818e-06
0
0
0
0
0
0
0
0
0
0
0
0
0
0
0
0
0
0
0
0
0
0
0
0
0
0
0
0
0
0
0
0
0
0
0
0
0
0
0
0
0
0
0
0
0
0
0
0
0
0
0
0
0
0
0
0
0
0
0
0
0
1.36063e-06
1.18287e-06
0
0
0
0
0
0
0
0
0
0
0
0
0
0
0
0
0
0
0
0
0
0
0
0
0
0
0
0
0
0
0
0
0
0
0
0
0
0
0
0
0
0
0
0
0
0
0
0
0
0
0
0
0
0
0
0
0
0
0
0
0
0
0
0
0
0
0
0
0
0
0
0
0
0
0
0
0
0
0
0
0
0
0
0
0
0
0
0
0
0
0
0
0
0
0
0
0
0
0
0
0
0
0
0
0
0
0
0
0
0
0
0
0
0
0
0
0
0
0
0
0
0
0
0
0
0
0
0
0
0
0
0
0
0
0
0
0
0
0
0
0
0
0
0
0
0
0
0
0
0
0
0
0
0
0
0
0
0
0
0
0
0
0
0
0
0
0
0
0
0
0
0
0
0
0
0
0
0
0
0
0
0
0
0
0
0
0
0
0
0
0
0
0
0
0
0
0
0
0
0
0
0
0
0
0
0
0
0
0
0
0
0
0
0
0
0
0
0
0
0
0
0
0
0
0
0
0
0
0
0
0
0
0
0
0
0
0
0
0
0
0
0
0
0
0
0
0
0
0
0
0
0
0
1.13152e-06
1.40238e-06
1.31663e-06
0
0
0
0
0
0
0
0
0
0
0
0
0
0
0
0
0
0
0
0
0
0
0
0
0
0
0
0
0
0
0
0
0
0
0
0
0
0
0
0
0
0
0
0
0
0
0
0
0
0
0
0
0
0
0
0
0
0
0
0
0
2.75492e-06
3.91241e-06
3.3378e-06
1.55765e-06
0
0
0
0
0
0
0
0
0
0
0
0
0
0
0
0
0
0
0
0
0
0
0
0
0
0
0
0
0
0
0
0
0
0
0
0
0
0
0
0
0
0
0
0
0
0
0
0
0
0
0
0
0
0
0
0
0
0
0
0
3.03846e-06
4.06382e-06
4.11671e-06
1.92459e-06
0
0
0
0
0
0
0
0
0
0
0
0
0
0
0
0
0
0
0
0
0
0
0
0
0
0
0
0
0
0
0
0
0
0
0
0
0
0
0
0
0
0
0
0
0
0
0
0
0
0
0
0
0
0
0
0
0
0
0
0
1.9041e-06
1.50096e-06
1.83121e-06
1.38149e-06
0
0
0
0
0
0
0
0
0
0
0
0
0
0
0
0
0
0
0
0
0
0
0
0
0
0
0
0
0
0
0
0
0
0
0
0
0
0
0
0
0
0
0
0
0
0
0
0
0
0
0
0
0
0
0
0
0
0
0
0
0
0
0
0
0
0
0
0
0
0
0
0
0
0
0
0
0
0
0
0
0
0
0
0
0
0
0
0
0
0
0
0
0
0
0
0
0
0
0
0
0
0
0
0
0
0
0
0
0
0
0
0
0
0
0
0
0
0
0
0
0
0
0
0
0
0
0
0
0
0
0
0
0
0
0
0
0
0
0
0
0
0
0
0
0
0
0
0
0
0
0
0
0
0
0
0
0
0
0
0
0
0
0
0
0
0
0
0
0
0
0
0
0
0
0
0
0
0
0
0
0
0
0
0
0
0
0
0
0
0
0
0
0
0
0
0
0
0
0
0
0
0
0
0
0
0
0
0
0
0
0
0
0
0
0
0
0
0
0
0
0
0
0
0
0
0
0
0
0
0
0
0
0
0
0
0
0
0
0
0
0
0
0
0
0
0
0
0
0
0
0
0
0
0
0
0
0
0
0
0
0
0
0
0
0
0
0
0
0
0
0
0
0
0
0
0
0
0
0
0
0
0
0
0
0
0
0
0
0
0
0
0
0
0
0
0
0
0
0
0
0
0
0
0
0
0
0
0
0
0
0
0
0
0
0
0
0
0
0
0
0
0
0
0
0
0
0
0
0
0
0
0
0
0
0
0
0
0
0
0
0
0
0
0
0
0
0
0
0
0
0
0
0
0
0
0
0
0
0
0
0
0
0
0
0
0
0
0
0
0
0
0
0
0
0
0
0
0
0
0
0
0
0
0
0
0
0
0
0
0
0
0
0
0
0
0
0
0
0
0
0
0
0
0
0
0
0
0
0
0
0
0
0
0
0
0
0
0
0
0
0
0
0
0
0
0
0
0
0
0
0
0
0
0
0
0
0
0
0
0
0
0
0
0
0
0
0
0
0
0
0
0
0
0
0
0
0
0
0
0
0
0
0
0
0
0
0
0
0
0
0
0
0
0
0
0
0
0
0
0
0
0
0
0
0
0
0
0
0
0
0
0
0
0
0
0
0
0
0
0
0
0
0
0
0
0
0
0
0
0
0
0
0
0
0
0
0
0
0
0
0
0
0
0
0
0
0
0
0
0
0
0
0
0
0
0
0
0
0
0
0
0
0
0
0
0
0
0
0
0
0
0
0
0
0
0
0
0
0
0
0
0
0
0
0
0
0
0
0
0
0
0
0
0
0
0
0
0
0
0
0
0
0
0
0
0
0
0
0
0
0
0
0
0
0
0
0
0
0
0
0
0
0
0
0
0
0
0
0
0
0
0
0
0
0
0
0
0
0
0
0
0
0
0
0
0
0
0
0
0
0
0
0
0
0
0
0
0
0
0
0
0
0
0
0
0
0
0
0
0
0
0
0
0
0
0
0
0
0
0
0
0
0
0
0
0
0
0
0
0
0
0
0
0
0
0
0
0
0
0
0
0
0
0
0
0
0
0
0
0
0
0
0
0
0
0
0
0
0
0
0
0
0
0
0
0
0
0
0
0
0
0
0
0
0
0
0
0
0
0
0
0
0
0
0
0
0
0
0
0
0
0
0
0
0
0
0
0
0
0
0
0
0
0
0
0
0
0
0
0
0
0
0
0
0
0
0
0
0
0
0
0
0
0
0
0
0
0
0
0
0
0
0
0
0
0
0
0
0
0
0
0
0
0
0
0
0
0
0
0
0
0
0
0
0
0
0
0
0
0
0
0
0
0
0
0
0
0
0
0
0
0
0
0
0
0
0
0
0
0
0
0
0
0
0
0
0
0
0
0
0
0
0
0
0
0
0
0
0
0
0
0
0
0
0
0
0
0
0
0
0
0
0
0
0
0
0
0
0
0
0
0
0
0
0
0
0
0
0
0
0
0
0
0
0
0
0
0
0
0
0
0
0
0
0
0
0
0
0
0
0
0
0
0
0
0
0
0
0
0
0
0
0
0
0
0
0
0
0
0
0
0
0
0
0
0
0
0
0
0
0
0
0
0
0
0
0
0
0
0
0
0
0
0
0
0
0
0
0
0
0
0
0
0
0
0
0
0
0
0
0
0
0
0
0
0
0
0
0
0
0
0
0
0
0
0
0
0
0
0
0
0
0
0
0
0
0
0
0
0
0
0
0
0
0
0
0
0
0
0
0
0
0
0
0
0
0
0
0
0
0
0
0
0
0
0
0
0
0
0
0
0
0
0
0
0
0
0
0
0
0
0
0
0
0
0
0
0
0
0
0
0
0
0
0
0
0
0
0
0
0
0
0
0
0
0
0
0
0
0
0
0
0
0
0
0
0
0
0
0
0
0
0
0
0
0
0
0
0
0
0
0
0
0
0
0
0
0
0
0
0
0
0
0
0
0
0
0
0
0
0
0
0
0
0
0
0
0
0
0
0
0
0
0
0
0
0
0
0
0
0
0
0
0
0
0
0
0
0
0
0
0
0
0
0
0
0
0
0
0
0
0
0
0
0
0
0
0
0
0
0
0
0
0
0
0
0
0
0
0
0
0
0
0
0
0
0
0
0
0
0
0
0
0
0
0
0
0
0
0
0
0
0
0
0
0
0
0
0
0
0
0
0
0
0
0
0
0
0
0
0
0
0
0
0
0
0
0
0
0
0
0
0
0
0
0
0
0
0
0
0
0
0
0
0
0
0
0
0
0
0
0
0
0
0
0
0
0
0
0
0
0
0
0
0
0
0
0
0
0
0
0
0
0
0
0
0
0
0
0
0
0
0
0
0
0
0
0
0
0
0
0
0
0
0
0
0
0
0
0
0
0
0
0
0
0
0
0
0
0
0
0
0
0
0
0
0
0
0
0
0
0
0
0
0
0
0
0
0
0
0
0
0
0
0
0
0
0
0
0
0
0
0
0
0
0
0
0
0
0
0
0
0
0
0
0
0
0
0
0
0
0
0
0
0
0
0
0
0
0
0
0
0
0
0
0
0
0
0
0
0
0
0
0
0
0
0
0
0
0
0
0
0
0
0
0
0
0
0
0
0
0
0
0
0
0
0
0
0
0
0
0
0
0
0
0
0
0
0
0
0
0
0
0
0
0
0
0
0
0
0
0
0
0
0
0
0
0
0
0
0
0
0
0
0
0
0
0
0
0
0
0
0
0
0
0
0
0
0
0
0
0
0
0
0
0
0
0
0
0
0
0
0
0
0
0
0
0
0
0
0
0
0
0
0
0
0
0
0
0
0
0
0
0
0
0
0
0
0
0
0
0
0
0
0
0
0
0
0
0
0
0
0
0
0
0
0
0
0
0
0
0
0
0
0
0
0
0
0
0
0
0
0
0
0
0
0
0
0
0
0
0
0
0
0
0
0
0
0
0
0
0
0
0
0
0
0
0
0
0
0
0
0
0
0
0
0
0
0
0
0
0
0
0
0
0
0
0
0
0
0
0
0
0
0
0
0
0
0
0
0
0
0
0
0
0
0
0
0
0
0
0
0
0
0
0
0
0
0
0
0
0
0
0
0
0
0
0
0
0
0
0
0
0
0
0
0
0
0
0
0
0
0
0
0
0
0
0
0
0
0
0
0
0
0
0
0
0
0
0
0
0
0
0
0
0
0
0
0
0
0
0
0
0
0
0
0
0
0
0
0
0
0
0
0
0
0
0
0
0
0
0
0
0
0
0
0
0
0
0
0
0
0
0
0
0
0
0
0
0
0
0
0
0
0
0
0
0
0
0
0
0
0
0
0
0
0
0
0
0
0
0
0
0
0
0
0
0
0
0
0
0
0
0
0
0
0
0
0
0
0
0
0
0
0
0
0
0
0
0
0
0
0
0
0
0
0
0
0
0
0
0
0
0
0
0
0
0
0
0
0
0
0
0
0
0
0
0
0
0
0
0
0
0
0
0
0
0
0
0
0
0
0
0
0
0
0
0
0
0
0
0
0
0
0
0
0
0
0
0
0
0
0
0
0
0
0
0
0
0
0
0
0
0
0
0
0
0
0
0
0
0
0
0
0
0
0
0
0
0
0
0
0
0
0
0
0
0
0
0
0
0
0
0
0
0
0
0
0
0
0
0
0
0
0
0
0
0
0
0
0
0
0
0
0
0
0
0
0
0
0
0
0
0
0
0
0
0
0
0
0
0
0
0
0
0
0
0
0
0
0
0
0
0
0
0
0
0
0
0
0
0
0
0
0
0
0
0
0
0
0
0
0
0
0
0
0
0
0
0
0
0
0
0
0
0
0
0
0
0
0
0
0
0
0
0
0
0
0
0
0
0
0
0
0
0
0
0
0
0
0
0
0
0
0
0
0
0
0
0
0
0
0
0
0
0
0
0
0
0
0
0
0
0
0
0
0
0
0
0
0
0
0
0
0
0
0
0
0
0
0
0
0
0
0
0
0
0
0
0
0
0
0
0
0
0
0
0
0
0
0
0
0
0
0
0
0
0
0
0
0
0
0
0
0
0
0
0
0
0
0
0
0
0
0
0
0
0
0
0
0
0
0
0
0
0
0
0
0
0
0
0
0
0
0
0
0
0
0
0
0
0
0
0
0
0
0
0
0
0
0
0
0
0
0
0
0
0
0
0
0
0
0
0
0
0
0
0
0
0
0
0
0
0
0
0
0
0
0
0
0
0
0
0
0
0
0
0
0
0
0
0
0
0
0
0
0
0
0
0
0
0
0
0
0
0
0
0
0
0
0
0
0
0
0
0
0
0
0
0
0
0
0
0
0
0
0
0
0
0
0
0
0
0
0
0
0
0
0
0
0
0
0
0
0
0
0
0
0
0
0
0
0
0
0
0
0
0
0
0
0
0
0
0
0
0
0
0
0
0
0
0
0
0
0
0
0
0
0
0
0
0
0
0
0
0
0
0
0
0
0
0
0
0
0
0
0
0
0
0
0
0
0
0
0
0
0
0
0
0
0
0
0
0
0
0
0
0
0
0
0
0
0
0
0
0
0
0
0
0
0
0
0
0
0
0
0
0
0
0
0
0
0
0
0
0
0
0
0
0
0
0
0
0
0
0
0
0
0
0
0
0
0
0
0
0
0
0
0
0
0
0
0
0
0
0
0
0
0
0
0
0
0
0
0
0
0
0
0
0
0
0
0
0
0
0
0
0
0
0
0
0
0
0
0
0
0
0
0
0
0
0
0
0
0
0
0
0
0
0
0
0
0
0
0
0
0
0
0
0
0
0
0
0
0
0
0
0
0
0
0
0
0
0
0
0
0
0
0
0
0
0
0
0
0
0
0
0
0
0
0
0
0
0
0
0
0
0
0
0
0
0
0
0
0
0
0
0
0
0
0
0
0
0
0
0
0
0
0
0
0
0
0
0
0
0
0
0
0
0
0
0
0
0
0
0
0
0
0
0
0
0
0
0
0
0
0
0
0
0
0
0
0
0
0
0
0
0
0
0
0
0
0
0
0
0
0
0
0
0
0
0
0
0
0
0
0
0
0
0
0
0
0
0
0
0
0
0
0
0
0
0
0
0
0
0
0
0
0
0
0
0
0
0
0
0
0
0
0
0
0
0
0
0
0
0
0
0
0
0
0
0
0
0
0
0
0
0
0
0
0
0
0
0
0
0
0
0
0
0
0
0
0
0
0
0
0
0
0
0
0
0
0
0
0
0
0
0
0
0
0
0
0
0
0
0
0
0
0
0
0
0
0
0
0
0
0
0
0
0
0
0
0
0
0
0
0
0
0
0
0
0
0
0
0
0
0
0
0
0
0
0
0
0
0
0
0
0
0
0
0
0
0
0
0
0
0
0
0
0
0
0
0
0
0
0
0
0
0
0
0
0
0
0
0
0
0
0
0
0
0
0
0
0
0
0
0
0
0
0
0
0
0
0
0
0
0
0
0
0
0
0
0
0
0
0
0
0
0
0
0
0
0
0
0
0
0
0
0
0
0
0
0
0
0
0
0
0
0
0
0
0
0
0
0
0
0
0
0
0
0
0
0
0
0
0
0
0
0
0
0
0
0
0
0
0
0
0
0
0
0
0
0
0
0
0
0
0
0
0
0
0
0
0
0
0
0
0
0
0
0
0
1.8672
2.04253
1.16626
0.24043
0.0242596
0.00257017
0.000356825
2.60502e-05
2.72586e-06
2.49951e-06
0.00061874
0.00218204
0.00201789
0.000844294
0.000966633
6.99687
11.1542
10.84
10.7324
10.1887
11.2594
9.50781
12.1774
10.021
13.4555
9.85485
15.4942
14.661
12.5517
9.32659
12.6539
11.7934
13.345
11.8671
12.8344
11.9354
13.1812
13.6329
15.5151
13.6845
14.8706
14.6165
11.3469
11.3508
10.1763
14.5817
15.128
13.6924
10.1679
11.9076
11.6002
10.9059
9.64171
8.59334
6.51309
7.5827
1.43704
0.299414
0.0461732
0.00565614
0.000273144
0
0
0
1.74548
2.14913
1.6436
0.663154
0.191783
0.0224012
0.00341254
0.000469446
4.87056e-05
3.56811e-06
0.000200408
0.00194146
0.00499026
0.00836778
0.232676
5.31072
9.77399
10.6602
11.3224
10.2086
11.6027
11.0689
12.8875
11.7395
16.6188
9.88836
14.6799
11.8391
8.32838
11.0671
9.47677
7.76854
13.2496
5.62183
12.8539
12.8786
13.359
11.4496
15.1613
15.9636
14.6298
16.737
15.4667
10.2842
10.1163
10.3837
14.6398
14.6211
12.0994
12.3422
11.7945
11.0836
9.73922
8.67386
6.55337
5.764
0.852197
0.28584
0.0787785
0.0155352
0.00275106
0.000128459
0
0
1.40537
0.786911
1.8276
0.400214
0.246503
0.0323433
0.0239603
0.00334347
0.000257563
1.26978e-05
1.24526e-05
0.00026914
0.00306187
0.0182079
0.766208
4.86674
5.75811
9.36522
10.9342
10.4154
11.6665
12.6671
12.0081
11.5392
12.577
15.724
11.3098
10.2874
14.1673
12.787
9.83188
8.88345
7.67185
13.3586
1.6778
13.9501
3.33592
15.3517
12.5334
16.5139
15.4555
19.0412
15.2031
13.5967
13.4269
10.9735
14.0878
12.8047
11.9164
12.5342
12.0221
11.2132
9.4254
5.2014
5.11927
4.8305
0.428738
0.135019
0.0783501
0.00946138
0.00158746
5.11464e-05
0
0
1.11337
0.213357
1.38413
0.304564
0.0754727
0.158225
0.0110551
0.00227223
0.000677459
0.000153392
1.16872e-06
1.84231e-05
0.000218812
0.000118961
0.0533415
3.79276
0.79651
4.78645
8.28244
5.56979
8.92465
11.9648
8.5811
2.07428
6.52688
10.0212
6.7919
6.5131
7.88777
1.20278
4.36419
3.56435
0.100836
0.0370477
0.000710028
5.918
5.69443
0.185842
13.8543
16.9793
7.68826
11.7184
13.1595
10.6319
10.4481
13.0581
9.79332
8.76575
10.3857
6.65734
4.41142
8.58047
8.31491
0.375998
3.34099
1.2139
0.813131
0.0236384
0.0226441
0.0049101
0
1.15753e-05
0
0
0
0.00894566
0.00954647
0.0158319
0.00451
0.000696686
0.00014038
4.10324e-06
0
0
0
0
0
0
0
0.00147967
0.0318247
0.00969053
0.00441832
0.0189992
0.242269
1.00908
1.20046
0.283499
0.15096
0.00977491
0.0157425
0.109705
0.39805
0.0401749
0.0440332
0.0881829
8.92566e-05
1.03733e-06
1.44449e-05
1.29004e-05
6.61869e-06
0.000414192
4.04859
5.00099
4.42626
5.6857
7.36856
6.98688
4.56569
6.59443
4.46562
2.67021
2.57505
1.72254
1.24146
0.122466
0.42676
7.86886e-05
0
0
0
0
0
0
0
0
0
0
0
0.000144674
0
2.38747e-05
8.74881e-06
0
0
0
0
0
0
0
0
0
0
0
1.02166e-05
7.32522e-05
3.78211e-05
6.14305e-06
0
0
0
0
0
0
0.00248739
0.00274078
0.000631903
2.86832e-05
2.59722e-06
0
8.26406e-06
0
0
1.54263e-06
1.21198e-05
0.00159817
1.59253
0.281101
1.3295
0.587008
0.796903
2.5412
1.80727
2.47111
0.416117
0.283909
0.0469689
0.0960919
0.16692
5.36278e-05
1.18746e-06
0
0
0
0
0
0
0
0
0
0
0
0
0
0
0
0
0
0
0
0
0
0
0
0
0
0
0
0
0
0
0
0
0
0
0
0
0
0
0
0
0
0
0
0
0
0
0
1.15787e-06
3.14069e-06
4.57053e-06
0.00352564
0.0018305
0.00507232
0.182788
0.395478
0.451212
0.289674
0.012826
0.000498993
0.000175236
8.31518e-05
0
0
0
0
0
0
0
0
0
0
0
0
0
0
0
0
0
0
0
0
0
0
0
0
0
0
0
0
0
0
0
0
0
0
0
0
0
0
0
0
0
0
0
0
0
0
0
0
0
0
1.91418e-06
1.9443e-06
3.5256e-06
0.000778003
0.00021066
9.58223e-05
0.0495922
0.117969
0.0374156
0.0126283
1.50061e-06
0
0
0
0
0
0
0
0
0
0
0
0
0
0
0
0
0
0
0
0
0
0
0
0
0
0
0
0
0
0
0
0
0
0
0
0
0
0
0
0
0
0
0
0
0
0
0
0
0
0
0
0
0
0
2.45862e-06
2.47123e-06
3.95039e-05
0.000236949
0.000944333
0.0263244
0.0116425
0.0231588
0.00298814
0
0
0
0
0
0
0
0
0
0
0
0
0
0
0
0
0
0
0
0
0
0
0
0
0
0
0
0
0
0
0
0
0
0
0
0
0
0
0
0
0
0
0
0
0
0
0
0
0
0
0
0
0
0
1.77475e-06
2.31461e-06
2.51068e-06
9.36704e-05
0.00150652
0.00623342
0.00961707
0.00513811
0.0050429
9.26553e-06
0
0
0
0
0
0
0
0
0
0
0
0
0
0
0
0
0
0
0
0
0
0
0
0
0
0
0
0
0
0
0
0
0
0
0
0
0
0
0
0
0
0
0
0
0
0
0
0
0
0
0
0
0
1.32215e-06
3.56564e-06
6.36829e-06
5.22676e-05
0.000269469
0.0020556
0.0063299
0.0122223
0.00546447
0.000817957
0
0
0
0
0
0
0
0
0
0
0
0
0
0
0
0
0
0
0
0
0
0
0
0
0
0
0
0
0
0
0
0
0
0
0
0
0
0
0
0
0
0
0
0
0
0
0
0
0
0
0
0
0
0
1.74328e-06
1.4811e-05
5.42668e-05
0.000123181
0.000367489
0.000714877
0.00120296
0.00156311
0.00125456
0.000104416
0
0
0
0
0
0
0
0
0
0
0
0
0
0
0
0
0
0
0
0
0
0
0
0
0
0
0
0
0
0
0
0
0
0
0
0
0
0
0
0
0
0
0
0
0
0
0
0
0
0
0
0
0
0
0
1.95532e-06
1.62242e-05
3.81468e-05
8.02564e-05
0.000277327
0.000246265
3.36766e-05
0.000119744
2.12745e-05
0
0
0
0
0
0
0
0
0
0
0
0
0
0
0
0
0
0
0
0
0
0
0
0
0
0
0
0
0
0
0
0
0
0
0
0
0
0
0
0
0
0
0
0
0
0
0
0
0
0
0
0
0
0
0
0
3.68725e-06
7.29224e-06
7.00515e-06
1.74724e-05
0
0
2.39997e-06
1.55804e-06
0
0
0
0
0
0
0
0
0
0
0
0
0
0
0
0
0
0
0
0
0
0
0
0
0
0
0
0
0
0
0
0
0
0
0
0
0
0
0
0
0
0
0
0
0
0
0
0
0
0
0
0
0
0
0
0
1.18249e-06
2.95842e-06
2.42525e-06
0
0
0
0
0
0
0
0
0
0
0
0
0
0
0
0
0
0
0
0
0
0
0
0
0
0
0
0
0
0
0
0
0
0
0
0
0
0
0
0
0
0
0
0
0
0
0
0
0
0
0
0
0
0
0
0
0
0
0
0
0
0
1.14254e-06
0
0
0
0
0
0
0
0
0
0
0
0
0
0
0
0
0
0
0
0
0
0
0
0
0
0
0
0
0
0
0
0
0
0
0
0
0
0
0
0
0
0
0
0
0
0
0
0
0
0
0
0
0
0
0
0
0
0
0
0
0
0
0
0
0
0
0
0
0
0
0
0
0
0
0
0
0
0
0
0
0
0
0
0
0
0
0
0
0
0
0
0
0
0
0
0
0
0
0
0
0
0
0
0
0
0
0
0
0
0
0
0
0
0
0
0
0
0
0
0
0
0
0
0
0
0
0
0
0
0
0
0
0
0
0
0
0
0
0
0
0
0
0
0
0
0
0
0
0
0
0
0
0
0
0
0
0
0
0
0
0
0
0
0
0
0
0
0
0
0
0
0
0
0
0
0
0
0
0
0
0
0
0
0
0
0
0
0
0
0
0
0
0
0
0
0
0
0
0
0
0
0
0
0
0
0
0
0
0
0
0
0
0
0
0
0
0
0
0
0
0
0
0
0
0
0
0
0
0
0
0
0
0
0
0
0
0
0
0
0
0
0
0
0
0
0
0
0
0
0
0
0
0
0
0
0
0
0
0
0
0
0
0
0
0
0
0
0
0
0
0
0
0
0
0
0
0
0
0
0
0
0
0
0
0
0
0
0
0
0
0
0
0
0
0
0
0
0
0
0
0
0
0
0
0
0
0
0
0
0
0
0
0
0
0
0
0
0
0
0
0
0
0
0
0
0
0
0
0
0
0
0
0
0
0
0
0
0
0
0
0
0
0
0
0
0
0
0
0
0
0
0
0
0
0
0
0
0
0
0
0
0
0
0
0
0
0
0
0
0
0
0
0
0
0
0
0
0
0
0
0
0
0
0
0
0
0
0
0
0
0
0
0
0
0
0
0
0
0
0
0
0
0
0
0
0
0
0
0
0
0
0
0
0
0
0
0
0
0
0
0
0
0
0
0
0
0
0
0
0
0
0
0
0
0
0
0
0
0
0
0
0
0
0
0
0
0
0
0
0
0
0
0
0
0
0
0
0
0
0
0
0
0
0
0
0
0
0
0
0
0
0
0
0
0
0
0
0
0
0
0
0
0
0
0
0
0
0
0
0
0
0
0
0
0
0
0
0
0
0
0
0
0
0
0
0
0
0
0
0
0
0
0
0
0
0
0
0
0
0
0
0
0
0
0
0
0
0
0
0
0
0
0
0
0
0
0
0
0
0
0
0
0
0
0
0
0
0
0
0
0
0
0
0
0
0
0
0
0
0
0
0
0
0
0
0
0
0
0
0
0
0
0
0
0
0
0
0
0
0
0
0
0
0
0
0
0
0
0
0
0
0
0
0
0
0
0
0
0
0
0
0
0
0
0
0
0
0
0
0
0
0
0
0
0
0
0
0
0
0
0
0
0
0
0
0
0
0
0
0
0
0
0
0
0
0
0
0
0
0
0
0
0
0
0
0
0
0
0
0
0
0
0
0
0
0
0
0
0
0
0
0
0
0
0
0
0
0
0
0
0
0
0
0
0
0
0
0
0
0
0
0
0
0
0
0
0
0
0
0
0
0
0
0
0
0
0
0
0
0
0
0
0
0
0
0
0
0
0
0
0
0
0
0
0
0
0
0
0
0
0
0
0
0
0
0
0
0
0
0
0
0
0
0
0
0
0
0
0
0
0
0
0
0
0
0
0
0
0
0
0
0
0
0
0
0
0
0
0
0
0
0
0
0
0
0
0
0
0
0
0
0
0
0
0
0
0
0
0
0
0
0
0
0
0
0
0
0
0
0
0
0
0
0
0
0
0
0
0
0
0
0
0
0
0
0
0
0
0
0
0
0
0
0
0
0
0
0
0
0
0
0
0
0
0
0
0
0
0
0
0
0
0
0
0
0
0
0
0
0
0
0
0
0
0
0
0
0
0
0
0
0
0
0
0
0
0
0
0
0
0
0
0
0
0
0
0
0
0
0
0
0
0
0
0
0
0
0
0
0
0
0
0
0
0
0
0
0
0
0
0
0
0
0
0
0
0
0
0
0
0
0
0
0
0
0
0
0
0
0
0
0
0
0
0
0
0
0
0
0
0
0
0
0
0
0
0
0
0
0
0
0
0
0
0
0
0
0
0
0
0
0
0
0
0
0
0
0
0
0
0
0
0
0
0
0
0
0
0
0
0
0
0
0
0
0
0
0
0
0
0
0
0
0
0
0
0
0
0
0
0
0
0
0
0
0
0
0
0
0
0
0
0
0
0
0
0
0
0
0
0
0
0
0
0
0
0
0
0
0
0
0
0
0
0
0
0
0
0
0
0
0
0
0
0
0
0
0
0
0
0
0
0
0
0
0
0
0
0
0
0
0
0
0
0
0
0
0
0
0
0
0
0
0
0
0
0
0
0
0
0
0
0
0
0
0
0
0
0
0
0
0
0
0
0
0
0
0
0
0
0
0
0
0
0
0
0
0
0
0
0
0
0
0
0
0
0
0
0
0
0
0
0
0
0
0
0
0
0
0
0
0
0
0
0
0
0
0
0
0
0
0
0
0
0
0
0
0
0
0
0
0
0
0
0
0
0
0
0
0
0
0
0
0
0
0
0
0
0
0
0
0
0
0
0
0
0
0
0
0
0
0
0
0
0
0
0
0
0
0
0
0
0
0
0
0
0
0
0
0
0
0
0
0
0
0
0
0
0
0
0
0
0
0
0
0
0
0
0
0
0
0
0
0
0
0
0
0
0
0
0
0
0
0
0
0
0
0
0
0
0
0
0
0
0
0
0
0
0
0
0
0
0
0
0
0
0
0
0
0
0
0
0
0
0
0
0
0
0
0
0
0
0
0
0
0
0
0
0
0
0
0
0
0
0
0
0
0
0
0
0
0
0
0
0
0
0
0
0
0
0
0
0
0
0
0
0
0
0
0
0
0
0
0
0
0
0
0
0
0
0
0
0
0
0
0
0
0
0
0
0
0
0
0
0
0
0
0
0
0
0
0
0
0
0
0
0
0
0
0
0
0
0
0
0
0
0
0
0
0
0
0
0
0
0
0
0
0
0
0
0
0
0
0
0
0
0
0
0
0
0
0
0
0
0
0
0
0
0
0
0
0
0
0
0
0
0
0
0
0
0
0
0
0
0
0
0
0
0
0
0
0
0
0
0
0
0
0
0
0
0
0
0
0
0
0
0
0
0
0
0
0
0
0
0
0
0
0
0
0
0
0
0
0
0
0
0
0
0
0
0
0
0
0
0
0
0
0
0
0
0
0
0
0
0
0
0
0
0
0
0
0
0
0
0
0
0
0
0
0
0
0
0
0
0
0
0
0
0
0
0
0
0
0
0
0
0
0
0
0
0
0
0
0
0
0
0
0
0
0
0
0
0
0
0
0
0
0
0
0
0
0
0
0
0
0
0
0
0
0
0
0
0
0
0
0
0
0
0
0
0
0
0
0
0
0
0
0
0
0
0
0
0
0
0
0
0
0
0
0
0
0
0
0
0
0
0
0
0
0
0
0
0
0
0
0
0
0
0
0
0
0
0
0
0
0
0
0
0
0
0
0
0
0
0
0
0
0
0
0
0
0
0
0
0
0
0
0
0
0
0
0
0
0
0
0
0
0
0
0
0
0
0
0
0
0
0
0
0
0
0
0
0
0
0
0
0
0
0
0
0
0
0
0
0
0
0
0
0
0
0
0
0
0
0
0
0
0
0
0
0
0
0
0
0
0
0
0
0
0
0
0
0
0
0
0
0
0
0
0
0
0
0
0
0
0
0
0
0
0
0
0
0
0
0
0
0
0
0
0
0
0
0
0
0
0
0
0
0
0
0
0
0
0
0
0
0
0
0
0
0
0
0
0
0
0
0
0
0
0
0
0
0
0
0
0
0
0
0
0
0
0
0
0
0
0
0
0
0
0
0
0
0
0
0
0
0
0
0
0
0
0
0
0
0
0
0
0
0
0
0
0
0
0
0
0
0
0
0
0
0
0
0
0
0
0
0
0
0
0
0
0
0
0
0
0
0
0
0
0
0
0
0
0
0
0
0
0
0
0
0
0
0
0
0
0
0
0
0
0
0
0
0
0
0
0
0
0
0
0
0
0
0
0
0
0
0
0
0
0
0
0
0
0
0
0
0
0
0
0
0
0
0
0
0
0
0
0
0
0
0
0
0
0
0
0
0
0
0
0
0
0
0
0
0
0
0
0
0
0
0
0
0
0
0
0
0
0
0
0
0
0
0
0
0
0
0
0
0
0
0
0
0
0
0
0
0
0
0
0
0
0
0
0
0
0
0
0
0
0
0
0
0
0
0
0
0
0
0
0
0
0
0
0
0
0
0
0
0
0
0
0
0
0
0
0
0
0
0
0
0
0
0
0
0
0
0
0
0
0
0
0
0
0
0
0
0
0
0
0
0
0
0
0
0
0
0
0
0
0
0
0
0
0
0
0
0
0
0
0
0
0
0
0
0
0
0
0
0
0
0
0
0
0
0
0
0
0
0
0
0
0
0
0
0
0
0
0
0
0
0
0
0
0
0
0
0
0
0
0
0
0
0
0
0
0
0
0
0
0
0
0
0
0
0
0
0
0
0
0
0
0
0
0
0
0
0
0
0
0
0
0
0
0
0
0
0
0
0
0
0
0
0
0
0
0
0
0
0
0
0
0
0
0
0
0
0
0
0
0
0
0
0
0
0
0
0
0
0
0
0
0
0
0
0
0
0
0
0
0
0
0
0
0
0
0
0
0
0
0
0
0
0
0
0
0
0
0
0
0
0
0
0
0
0
0
0
0
0
0
0
0
0
0
0
0
0
0
0
0
0
0
0
0
0
0
0
0
0
0
0
0
0
0
0
0
0
0
0
0
0
0
0
0
0
0
0
0
0
0
0
0
0
0
0
0
0
0
0
0
0
0
0
0
0
0
0
0
0
0
0
0
0
0
0
0
0
0
0
0
0
0
0
0
0
0
0
0
0
0
0
0
0
0
0
0
0
0
0
0
0
0
0
0
0
0
0
0
0
0
0
0
0
0
0
0
0
0
0
0
0
0
0
0
0
0
0
0
0
0
0
0
0
0
0
0
0
0
0
0
0
0
0
0
0
0
0
0
0
0
0
0
0
0
0
0
0
0
0
0
0
0
0
0
0
0
0
0
0
0
0
0
0
0
0
0
0
0
0
0
0
0
0
0
0
0
0
0
0
0
0
0
0
0
0
0
0
0
0
0
0
0
0
0
0
0
0
0
0
0
0
0
0
0
0
0
0
0
0
0
0
0
0
0
0
0
0
0
0
0
0
0
0
0
0
0
0
0
0
0
0
0
0
0
0
0
0
0
0
0
0
0
0
0
0
0
0
0
0
0
0
0
0
0
0
0
0
0
0
0
0
0
0
0
0
0
0
0
0
0
0
0
0
0
0
0
0
0
0
0
0
0
0
0
0
0
0
0
0
0
0
0
0
0
0
0
0
0
0
0
0
0
0
0
0
0
0
0
0
0
0
0
0
0
0
0
0
0
0
0
0
0
0
0
0
0
0
0
0
0
0
0
0
0
0
0
0
0
0
0
0
0
0
0
0
0
0
0
0
0
0
0
0
0
0
0
0
0
0
0
0
0
0
0
0
0
0
0
0
0
0
0
0
0
0
0
0
0
0
0
0
0
0
0
0
0
0
0
0
0
0
0
0
0
0
0
0
0
0
0
0
0
0
0
0
0
0
0
0
0
0
0
0
0
0
0
0
0
0
0
0
0
0
0
0
0
0
0
0
0
0
0
0
0
0
0
0
0
0
0
0
0
0
0
0
0
0
0
0
0
0
0
0
0
0
0
0
0
0
0
0
0
0
0
0
0
0
0
0
0
0
0
0
0
0
0
0
0
0
0
0
0
0
0
0
0
0
0
0
0
0
0
0
0
0
0
0
0
0
0
0
0
0
0
0
0
0
0
0
0
0
0
0
0
0
0
0
0
0
0
0
0
0
0
0
0
0
0
0
0
0
0
0
0
0
0
0
0
0
0
0
0
0
0
0
0
0
0
0
0
0
0
0
0
0
0
0
0
0
0
0
0
0
0
0
0
0
0
0
0
0
0
0
0
0
0
0
0
0
0
0
0
0
0
0
0
0
0
0
0
0
0
0
0
0
0
0
0
0
0
0
0
0
0
0
0
0
0
0
0
0
0
0
0
0
0
0
0
0
0
0
0
0
0
0
0
0
0
0
0
0
0
0
0
0
0
0
0
0
0
0
0
0
0
0
0
0
0
0
0
0
0
0
0
0
0
0
0
0
0
0
0
0
0
0
0
0
0
0
0
0
0
0
0
0
0
0
0
0
0
0
0
0
0
0
0
0
0
0
0
0
0
0
0
0
0
0
0
0
0
0
0
0
0
0
0
0
0
0
0
0
0
0
0
0
0
0
0
0
0
0
0
0
0
0
0
0
0
0
0
0
0
0
0
0
0
0
0
0
0
0
0
0
0
0
0
0
0
0
0
0
0
0
0
0
0
0
0
0
0
0
0
0
0
0
0
0
0
0
0
0
0
0
0
0
0
0
0
0
0
0
0
0
0
0
0
0
0
0
0
0
0
0
0
0
0
0
0
0
0
0
0
0
0
0
0
0
0
0
0
0
0
0
0
0
0
0
0
0
0
0
0
0
0
0
0
0
0
0
0
0
0
0
0
0
0
0
0
0
0
0
0
0
0
0
0
0
0
0
0
0
0
0
0
0
0
0
0
0
0
0
0
0
0
0
0
0
0
0
0
0
0
0
0
0
0
0
0
0
0
0
0
0
0
0
0
0
0
0
0
0
0
0
0
0
0
0
0
0
0
0
0
0
0
0
0
0
0
0
0
0
0
0
0
0
0
0
0
0
0
0
0
0
0
0
0
0
0
0
0
0
0
0
0
0
0
0
0
0
0
0
0
0
0
0
0
0
0
0
0
0
0
0
0
0
0
0
0
0
0
0
0
0
0
0
0
0
0
0
0
0
0
0
0
0
0
0
0.555593
0.238209
0.0560394
0.00484993
0.000207991
6.50478e-06
0
2.41219e-06
9.78489e-06
6.36065e-05
0.00317427
0.0169903
0.0268821
0.0068911
0.00176477
3.06099
8.80195
10.4339
11.0811
9.83454
10.4651
11.4451
10.913
11.5965
13.0266
13.0323
8.78345
10.1965
8.0127
11.3267
10.0394
11.158
10.962
13.9286
8.96668
17.0794
12.6725
10.1103
15.1246
14.3485
11.5693
11.0013
9.76481
9.70985
12.1641
13.1978
13.8482
11.8292
11.8604
11.9252
11.5077
10.6742
9.06042
7.38085
4.14
3.79623
0.392153
0.0751286
0.010544
0.00107339
9.28469e-06
0
0
0
0.545495
0.483137
0.201839
0.0855868
0.0114774
0.00138191
9.33883e-05
1.06888e-05
3.20795e-06
2.7275e-05
0.00127212
0.0112242
0.0331067
0.0392922
0.504558
2.71703
8.13724
10.2942
10.9565
10.6849
10.6471
12.1262
12.0194
12.0176
12.3278
12.312
11.5009
11.1925
6.40104
8.78978
16.8577
8.64415
9.82454
10.6792
16.0497
10.4433
7.25456
12.6068
15.5857
13.6933
11.7855
10.9087
9.61753
10.1961
11.0149
13.0148
13.8443
12.1823
12.8584
12.2002
11.7647
10.3479
8.97789
7.66806
3.60253
2.46761
0.371317
0.147747
0.0395073
0.00628114
0.000903175
1.18738e-05
0
0
0.380184
0.295043
0.233319
0.22514
0.0513683
0.00632199
0.00056713
5.68269e-05
3.74217e-06
7.98064e-06
0.000254637
0.000296811
0.0179834
0.0241906
1.58145
3.52874
7.80429
8.78426
10.2876
10.8142
11.0485
13.1461
14.1401
10.8873
10.1047
11.1567
12.3475
8.93374
5.12349
13.1739
5.63385
10.9967
12.8911
13.5214
13.3655
15.2039
18.3246
15.3415
16.8678
14.56
12.7763
13.6203
13.6962
12.4521
12.1769
13.5994
13.9
12.3844
11.9873
12.5817
11.3246
10.0376
3.02016
5.52616
0.406193
0.0378684
0.072885
0.0403748
0.0145503
0.00527569
0.000435482
4.91735e-06
0
0
0.0925442
0.0713121
0.55019
0.0799646
0.0357709
0.00371585
0.000626691
3.64096e-05
1.30155e-06
0
1.27537e-06
0
0.00193835
0.00121687
0.290383
0.979462
7.6718
2.0785
4.67911
7.44508
7.08055
11.6016
8.14403
2.29014
2.45456
2.38932
7.19488
9.57671
4.50089
2.83947
2.58531
6.64506
10.9129
2.01599
1.82791
0.170079
3.54168
12.7269
12.2694
10.0574
11.76
13.4195
8.5589
10.2422
11.8544
12.6222
9.30643
10.5621
6.85942
10.5347
3.3383
8.2863
1.69897
0.6837
0.0471605
0.0281503
0.000733101
0.00102058
0.000145352
0.000112431
4.11562e-06
5.75917e-06
0
0
0
0.00257751
0.00274903
0.00266746
0.00201766
0.000366033
6.80338e-05
2.55906e-06
0
0
0
0
0
0
0
0.000486734
0.384526
0.319395
0.0867467
0.0188215
0.0804527
0.517957
1.30415
0.637
0.0627455
0.0259825
0.0245475
0.128375
0.2139
0.129037
0.155051
0.158953
0.000195496
2.69236e-05
0.00906481
0.000493758
0.0356531
4.56616
2.94652
0.94415
6.84027
6.81139
7.28809
6.39962
7.73229
9.55157
4.78867
3.25948
1.74999
3.09706
0.479185
0.0540551
0.189453
0.000155854
0
0
0
0
0
0
0
0
0
0
0
2.25792e-05
0
2.93961e-06
1.20545e-06
0
0
0
0
0
0
0
0
0
0
0
6.43048e-06
0.000173053
0.000377896
0.000264804
6.84737e-05
0
0
0.000911544
0
0
0
0
0.00275938
0.000560661
1.21991e-05
0
0
0
3.63757e-06
3.26289e-06
7.98743e-06
0.00222756
0.000314595
0.475279
1.49471
4.11753
2.1204
1.19713
3.59431
2.25131
0.475936
0.266652
0.0545515
0.0855535
0.0601447
1.77065e-05
9.91117e-06
0
0
0
0
0
0
0
0
0
0
0
0
0
0
0
0
0
0
0
0
0
0
0
0
0
0
0
0
0
0
0
0
0
0
0
0
0
0
0
0
0
0
0
0
0
0
0
0
0
3.35311e-06
7.28355e-06
0.00383476
0.00932398
0.0159529
0.174422
0.630048
0.212414
0.00169771
0.000440005
7.53688e-05
0
0
0
0
0
0
0
0
0
0
0
0
0
0
0
0
0
0
0
0
0
0
0
0
0
0
0
0
0
0
0
0
0
0
0
0
0
0
0
0
0
0
0
0
0
0
0
0
0
0
0
1.04015e-06
4.17737e-06
4.84177e-05
0.000256598
0.000987249
0.0017653
0.00224684
0.0242758
0.071248
0.0109469
0
0
0
0
0
0
0
0
0
0
0
0
0
0
0
0
0
0
0
0
0
0
0
0
0
0
0
0
0
0
0
0
0
0
0
0
0
0
0
0
0
0
0
0
0
0
0
0
0
0
0
0
0
0
1.758e-06
1.62573e-06
5.01917e-05
0.00035655
0.00223981
0.00667696
0.014933
0.0220739
0.024049
0.000850726
0
0
0
0
0
0
0
0
0
0
0
0
0
0
0
0
0
0
0
0
0
0
0
0
0
0
0
0
0
0
0
0
0
0
0
0
0
0
0
0
0
0
0
0
0
0
0
0
0
0
0
0
0
0
1.94922e-06
2.80774e-06
1.57539e-05
0.00030426
0.0022133
0.00794689
0.0179242
0.0112293
0.00355572
7.98656e-06
0
0
0
0
0
0
0
0
0
0
0
0
0
0
0
0
0
0
0
0
0
0
0
0
0
0
0
0
0
0
0
0
0
0
0
0
0
0
0
0
0
0
0
0
0
0
0
0
0
0
0
0
0
1.67623e-06
2.97818e-06
1.11329e-05
0.000132643
0.000993178
0.000995382
0.00433867
0.00843639
0.00188867
0.000294833
0
0
0
0
0
0
0
0
0
0
0
0
0
0
0
0
0
0
0
0
0
0
0
0
0
0
0
0
0
0
0
0
0
0
0
0
0
0
0
0
0
0
0
0
0
0
0
0
0
0
0
0
0
1.96249e-06
6.02033e-06
2.83842e-05
7.88255e-05
0.000203199
0.000296482
0.000354329
0.000606218
0.00099669
0.000246401
1.35191e-05
0
0
0
0
0
0
0
0
0
0
0
0
0
0
0
0
0
0
0
0
0
0
0
0
0
0
0
0
0
0
0
0
0
0
0
0
0
0
0
0
0
0
0
0
0
0
0
0
0
0
0
0
0
0
3.43313e-06
2.09534e-05
6.04358e-05
0.000103676
0.000140799
0.000204295
0.00124878
0.000260049
1.70808e-05
3.48241e-06
0
0
0
0
0
0
0
0
0
0
0
0
0
0
0
0
0
0
0
0
0
0
0
0
0
0
0
0
0
0
0
0
0
0
0
0
0
0
0
0
0
0
0
0
0
0
0
0
0
0
0
0
0
0
0
2.37388e-06
1.38221e-05
6.24639e-05
0.000110742
0.000199383
0.00037667
1.27487e-05
0
0
0
0
0
0
0
0
0
0
0
0
0
0
0
0
0
0
0
0
0
0
0
0
0
0
0
0
0
0
0
0
0
0
0
0
0
0
0
0
0
0
0
0
0
0
0
0
0
0
0
0
0
0
0
0
0
0
2.09414e-06
1.33146e-05
5.45582e-05
5.40303e-05
3.77438e-05
6.75837e-06
0
0
0
0
0
0
0
0
0
0
0
0
0
0
0
0
0
0
0
0
0
0
0
0
0
0
0
0
0
0
0
0
0
0
0
0
0
0
0
0
0
0
0
0
0
0
0
0
0
0
0
0
0
0
0
0
0
0
0
0
0
0
0
0
0
0
0
0
0
0
0
0
0
0
0
0
0
0
0
0
0
0
0
0
0
0
0
0
0
0
0
0
0
0
0
0
0
0
0
0
0
0
0
0
0
0
0
0
0
0
0
0
0
0
0
0
0
0
0
0
0
0
0
0
0
0
0
0
0
0
0
0
0
0
0
0
0
0
0
0
0
0
0
0
0
0
0
0
0
0
0
0
0
0
0
0
0
0
0
0
0
0
0
0
0
0
0
0
0
0
0
0
0
0
0
0
0
0
0
0
0
0
0
0
0
0
0
0
0
0
0
0
0
0
0
0
0
0
0
0
0
0
0
0
0
0
0
0
0
0
0
0
0
0
0
0
0
0
0
0
0
0
0
0
0
0
0
0
0
0
0
0
0
0
0
0
0
0
0
0
0
0
0
0
0
0
0
0
0
0
0
0
0
0
0
0
0
0
0
0
0
0
0
0
0
0
0
0
0
0
0
0
0
0
0
0
0
0
0
0
0
0
0
0
0
0
0
0
0
0
0
0
0
0
0
0
0
0
0
0
0
0
0
0
0
0
0
0
0
0
0
0
0
0
0
0
0
0
0
0
0
0
0
0
0
0
0
0
0
0
0
0
0
0
0
0
0
0
0
0
0
0
0
0
0
0
0
0
0
0
0
0
0
0
0
0
0
0
0
0
0
0
0
0
0
0
0
0
0
0
0
0
0
0
0
0
0
0
0
0
0
0
0
0
0
0
0
0
0
0
0
0
0
0
0
0
0
0
0
0
0
0
0
0
0
0
0
0
0
0
0
0
0
0
0
0
0
0
0
0
0
0
0
0
0
0
0
0
0
0
0
0
0
0
0
0
0
0
0
0
0
0
0
0
0
0
0
0
0
0
0
0
0
0
0
0
0
0
0
0
0
0
0
0
0
0
0
0
0
0
0
0
0
0
0
0
0
0
0
0
0
0
0
0
0
0
0
0
0
0
0
0
0
0
0
0
0
0
0
0
0
0
0
0
0
0
0
0
0
0
0
0
0
0
0
0
0
0
0
0
0
0
0
0
0
0
0
0
0
0
0
0
0
0
0
0
0
0
0
0
0
0
0
0
0
0
0
0
0
0
0
0
0
0
0
0
0
0
0
0
0
0
0
0
0
0
0
0
0
0
0
0
0
0
0
0
0
0
0
0
0
0
0
0
0
0
0
0
0
0
0
0
0
0
0
0
0
0
0
0
0
0
0
0
0
0
0
0
0
0
0
0
0
0
0
0
0
0
0
0
0
0
0
0
0
0
0
0
0
0
0
0
0
0
0
0
0
0
0
0
0
0
0
0
0
0
0
0
0
0
0
0
0
0
0
0
0
0
0
0
0
0
0
0
0
0
0
0
0
0
0
0
0
0
0
0
0
0
0
0
0
0
0
0
0
0
0
0
0
0
0
0
0
0
0
0
0
0
0
0
0
0
0
0
0
0
0
0
0
0
0
0
0
0
0
0
0
0
0
0
0
0
0
0
0
0
0
0
0
0
0
0
0
0
0
0
0
0
0
0
0
0
0
0
0
0
0
0
0
0
0
0
0
0
0
0
0
0
0
0
0
0
0
0
0
0
0
0
0
0
0
0
0
0
0
0
0
0
0
0
0
0
0
0
0
0
0
0
0
0
0
0
0
0
0
0
0
0
0
0
0
0
0
0
0
0
0
0
0
0
0
0
0
0
0
0
0
0
0
0
0
0
0
0
0
0
0
0
0
0
0
0
0
0
0
0
0
0
0
0
0
0
0
0
0
0
0
0
0
0
0
0
0
0
0
0
0
0
0
0
0
0
0
0
0
0
0
0
0
0
0
0
0
0
0
0
0
0
0
0
0
0
0
0
0
0
0
0
0
0
0
0
0
0
0
0
0
0
0
0
0
0
0
0
0
0
0
0
0
0
0
0
0
0
0
0
0
0
0
0
0
0
0
0
0
0
0
0
0
0
0
0
0
0
0
0
0
0
0
0
0
0
0
0
0
0
0
0
0
0
0
0
0
0
0
0
0
0
0
0
0
0
0
0
0
0
0
0
0
0
0
0
0
0
0
0
0
0
0
0
0
0
0
0
0
0
0
0
0
0
0
0
0
0
0
0
0
0
0
0
0
0
0
0
0
0
0
0
0
0
0
0
0
0
0
0
0
0
0
0
0
0
0
0
0
0
0
0
0
0
0
0
0
0
0
0
0
0
0
0
0
0
0
0
0
0
0
0
0
0
0
0
0
0
0
0
0
0
0
0
0
0
0
0
0
0
0
0
0
0
0
0
0
0
0
0
0
0
0
0
0
0
0
0
0
0
0
0
0
0
0
0
0
0
0
0
0
0
0
0
0
0
0
0
0
0
0
0
0
0
0
0
0
0
0
0
0
0
0
0
0
0
0
0
0
0
0
0
0
0
0
0
0
0
0
0
0
0
0
0
0
0
0
0
0
0
0
0
0
0
0
0
0
0
0
0
0
0
0
0
0
0
0
0
0
0
0
0
0
0
0
0
0
0
0
0
0
0
0
0
0
0
0
0
0
0
0
0
0
0
0
0
0
0
0
0
0
0
0
0
0
0
0
0
0
0
0
0
0
0
0
0
0
0
0
0
0
0
0
0
0
0
0
0
0
0
0
0
0
0
0
0
0
0
0
0
0
0
0
0
0
0
0
0
0
0
0
0
0
0
0
0
0
0
0
0
0
0
0
0
0
0
0
0
0
0
0
0
0
0
0
0
0
0
0
0
0
0
0
0
0
0
0
0
0
0
0
0
0
0
0
0
0
0
0
0
0
0
0
0
0
0
0
0
0
0
0
0
0
0
0
0
0
0
0
0
0
0
0
0
0
0
0
0
0
0
0
0
0
0
0
0
0
0
0
0
0
0
0
0
0
0
0
0
0
0
0
0
0
0
0
0
0
0
0
0
0
0
0
0
0
0
0
0
0
0
0
0
0
0
0
0
0
0
0
0
0
0
0
0
0
0
0
0
0
0
0
0
0
0
0
0
0
0
0
0
0
0
0
0
0
0
0
0
0
0
0
0
0
0
0
0
0
0
0
0
0
0
0
0
0
0
0
0
0
0
0
0
0
0
0
0
0
0
0
0
0
0
0
0
0
0
0
0
0
0
0
0
0
0
0
0
0
0
0
0
0
0
0
0
0
0
0
0
0
0
0
0
0
0
0
0
0
0
0
0
0
0
0
0
0
0
0
0
0
0
0
0
0
0
0
0
0
0
0
0
0
0
0
0
0
0
0
0
0
0
0
0
0
0
0
0
0
0
0
0
0
0
0
0
0
0
0
0
0
0
0
0
0
0
0
0
0
0
0
0
0
0
0
0
0
0
0
0
0
0
0
0
0
0
0
0
0
0
0
0
0
0
0
0
0
0
0
0
0
0
0
0
0
0
0
0
0
0
0
0
0
0
0
0
0
0
0
0
0
0
0
0
0
0
0
0
0
0
0
0
0
0
0
0
0
0
0
0
0
0
0
0
0
0
0
0
0
0
0
0
0
0
0
0
0
0
0
0
0
0
0
0
0
0
0
0
0
0
0
0
0
0
0
0
0
0
0
0
0
0
0
0
0
0
0
0
0
0
0
0
0
0
0
0
0
0
0
0
0
0
0
0
0
0
0
0
0
0
0
0
0
0
0
0
0
0
0
0
0
0
0
0
0
0
0
0
0
0
0
0
0
0
0
0
0
0
0
0
0
0
0
0
0
0
0
0
0
0
0
0
0
0
0
0
0
0
0
0
0
0
0
0
0
0
0
0
0
0
0
0
0
0
0
0
0
0
0
0
0
0
0
0
0
0
0
0
0
0
0
0
0
0
0
0
0
0
0
0
0
0
0
0
0
0
0
0
0
0
0
0
0
0
0
0
0
0
0
0
0
0
0
0
0
0
0
0
0
0
0
0
0
0
0
0
0
0
0
0
0
0
0
0
0
0
0
0
0
0
0
0
0
0
0
0
0
0
0
0
0
0
0
0
0
0
0
0
0
0
0
0
0
0
0
0
0
0
0
0
0
0
0
0
0
0
0
0
0
0
0
0
0
0
0
0
0
0
0
0
0
0
0
0
0
0
0
0
0
0
0
0
0
0
0
0
0
0
0
0
0
0
0
0
0
0
0
0
0
0
0
0
0
0
0
0
0
0
0
0
0
0
0
0
0
0
0
0
0
0
0
0
0
0
0
0
0
0
0
0
0
0
0
0
0
0
0
0
0
0
0
0
0
0
0
0
0
0
0
0
0
0
0
0
0
0
0
0
0
0
0
0
0
0
0
0
0
0
0
0
0
0
0
0
0
0
0
0
0
0
0
0
0
0
0
0
0
0
0
0
0
0
0
0
0
0
0
0
0
0
0
0
0
0
0
0
0
0
0
0
0
0
0
0
0
0
0
0
0
0
0
0
0
0
0
0
0
0
0
0
0
0
0
0
0
0
0
0
0
0
0
0
0
0
0
0
0
0
0
0
0
0
0
0
0
0
0
0
0
0
0
0
0
0
0
0
0
0
0
0
0
0
0
0
0
0
0
0
0
0
0
0
0
0
0
0
0
0
0
0
0
0
0
0
0
0
0
0
0
0
0
0
0
0
0
0
0
0
0
0
0
0
0
0
0
0
0
0
0
0
0
0
0
0
0
0
0
0
0
0
0
0
0
0
0
0
0
0
0
0
0
0
0
0
0
0
0
0
0
0
0
0
0
0
0
0
0
0
0
0
0
0
0
0
0
0
0
0
0
0
0
0
0
0
0
0
0
0
0
0
0
0
0
0
0
0
0
0
0
0
0
0
0
0
0
0
0
0
0
0
0
0
0
0
0
0
0
0
0
0
0
0
0
0
0
0
0
0
0
0
0
0
0
0
0
0
0
0
0
0
0
0
0
0
0
0
0
0
0
0
0
0
0
0
0
0
0
0
0
0
0
0
0
0
0
0
0
0
0
0
0
0
0
0
0
0
0
0
0
0
0
0
0
0
0
0
0
0
0
0
0
0
0
0
0
0
0
0
0
0
0
0
0
0
0
0
0
0
0
0
0
0
0
0
0
0
0
0
0
0
0
0
0
0
0
0
0
0
0
0
0
0
0
0
0
0
0
0
0
0
0
0
0
0
0
0
0
0
0
0
0
0
0
0
0
0
0
0
0
0
0
0
0
0
0
0
0
0
0
0
0
0
0
0
0
0
0
0
0
0
0
0
0
0
0
0
0
0
0
0
0
0
0
0
0
0
0
0
0
0
0
0
0
0
0
0
0
0
0
0
0
0
0
0
0
0
0
0
0
0
0
0
0
0
0
0
0
0
0
0
0
0
0
0
0
0
0
0
0
0
0
0
0
0
0
0
0
0
0
0
0
0
0
0
0
0
0
0
0
0
0
0
0
0
0
0
0
0
0
0
0
0
0
0
0
0
0
0
0
0
0
0
0
0
0
0
0
0
0
0
0
0
0
0
0
0
0
0
0
0
0
0
0
0
0
0
0
0
0
0
0
0
0
0
0
0
0
0
0
0
0
0
0
0
0
0
0
0
0
0
0
0
0
0
0
0
0
0
0
0
0
0
0
0
0
0
0
0
0
0
0
0
0
0
0
0
0
0
0
0
0
0
0
0
0
0
0
0
0
0
0
0
0
0
0
0
0
0
0
0
0
0
0
0
0
0
0
0
0
0
0
0
0
0
0
0
0
0
0
0
0
0
0
0
0
0
0
0
0
0
0
0
0
0
0
0
0
0
0
0
0
0
0
0
0
0
0
0
0
0
0
0
0
0
0
0
0
0
0
0
0
0
0
0
0
0
0
0
0
0
0
0
0
0
0
0
0
0
0
0
0
0
0
0
0
0
0
0
0
0
0
0
0
0
0
0
0
0
0
0
0
0
0
0
0
0
0
0
0
0
0
0
0
0
0
0
0
0
0
0
0
0
0
0
0
0
0
0
0
0
0
0
0
0
0
0
0
0
0
0
0
0
0
0
0
0
0
0
0
0
0
0
0
0
0
0
0
0
0
0
0
0
0
0
0
0
0
0
0
0
0
0
0
0
0
0
0
0
0
0
0
0
0
0
0
0
0
0
0
0
0
0
0
0
0
0
0
0
0
0
0
0
0
0
0
0
0
0
0
0
0
0
0
0
0
0
0
0
0
0
0
0
0
0
0
0
0
0
0
0
0
0
0
0
0
0
0
0
0
0
0
0
0
0
0
0
0
0
0
0
0
0
0
0
0
0
0
0
0
0
0
0
0
0
0
0
0
0
0
0
0
0
0
0
0
0
0
0
0
0
0
0
0
0
0
0
0
0
0
0
0
0
0
0
0
0
0
0
0
0
0
0
0
0
0
0
0
0
0
0
0
0
0
0
0
0
0
0
0
0
0
0
0
0
0
0
0
0
0
0
0
0
0
0
0
0
0
0
0
0
0
0
0
0
0
0
0
0
0
0
0
0
0
0
0
0
0
0
0
0
0
0
0
0
0
0
0
0
0
0
0
0
0
0
0
0
0
0
0
0
0
0
0
0
0
0
0
0
0
0
0
0
0
0
0
0
0
0
0
0
0
0
0
0
0
0
0
0
0
0
0
0
0
0
0
0
0
0
0
0
0
0
0
0
0
0
0
0
0
0
0
0
0
0
0
0
0
0
0
0
0
0
0
0
0
0
0
0
0
0
0
0
0
0
0
0
0
0
0
0
0
0
0
0
0
0
0
0
0
0
0
0
0
0
0
0
0
0
0
0
0
0
0
0
0
0
0
0
0
0
0
0
0
0
0
0
0
0
0
0
0
0
0
0
0
0
0
0
0
0
0
0
0
0
0
0
0
0
0
0
0
0
0
0
0
0
0
0
0
0
0
0
0
0
0
0
0
0
0
0
0
0
0
0
0
0
0
0
0
0
0
0
0
0
0
0
0
0
0
0
0
0
0
0
0
0
0
0
0
0
0
0
0
0
0
0
0
0
0
0
0
0
0
0
0
0
0
0
0
0
0
0
0
0.00861583
0.0015035
7.66871e-05
3.03536e-06
0
0
2.22722e-06
9.81579e-05
0.000326257
0.0012005
0.0168734
0.0961105
0.163797
0.0754325
0.0127684
1.18912
7.22832
10.5343
10.7579
10.4079
10.1973
11.6825
11.8962
10.4746
11.2474
14.9238
13.4245
9.37593
7.97432
8.52408
7.63468
11.4996
11.8249
12.277
15.6224
11.6417
13.0564
10.291
14.1989
14.0128
12.9826
10.308
12.1629
12.0073
11.2689
12.0456
11.9047
11.8269
12.5387
12.1541
11.221
9.41755
8.26295
5.76511
1.69924
0.893067
0.102262
0.0146367
0.00154949
8.8168e-05
0
0
0
0
0.0433777
0.00804624
0.00152348
6.20189e-05
5.78383e-06
0
3.61186e-06
5.02712e-05
0.000107945
0.000672976
0.00862075
0.0578156
0.174049
0.194728
2.81088
5.89671
8.19435
10.4157
10.7901
10.6261
10.4542
11.5156
12.7798
9.92887
11.1137
13.1402
13.8573
10.4028
9.05865
11.3578
10.0907
9.58594
11.589
11.3136
9.68518
11.4161
13.4403
12.7908
14.7545
15.5597
14.4927
10.3356
11.5938
12.9631
12.6661
13.9122
11.967
12.5955
13.6545
12.2657
11.0688
9.39262
8.43677
6.05481
1.86546
0.731201
0.211989
0.0718039
0.0112223
0.00141868
0.000106666
3.03614e-06
0
0
0.0976583
0.0326222
0.0220813
0.003474
0.00127761
7.73209e-05
1.18648e-05
1.17432e-05
1.34532e-05
0.000359894
0.00140747
0.00504588
0.123292
0.120036
0.653693
3.6906
8.12656
10.2974
9.99609
10.7016
11.1954
12.285
13.3386
12.5937
12.1793
10.5438
11.48
11.3521
12.6528
10.5754
8.93196
9.37631
15.0414
15.7852
18.8327
13.762
13.3426
15.7935
15.5496
13.911
13.5135
12.1355
9.94055
13.1443
13.367
13.3295
12.3209
12.7474
11.9359
9.66056
10.1795
8.8388
2.58737
1.60582
1.85118
0.0639149
0.205771
0.038569
0.0199955
0.00205939
0.000174674
0
0
0
0.00526903
0.00367508
0.00943124
0.0183361
0.00156583
0.000108298
2.39359e-06
0
0
3.24711e-06
0
2.3449e-06
0.00713301
0.0211437
0.0266936
0.71672
6.93626
9.21096
1.73717
6.86942
6.20432
7.71326
7.5123
8.211
2.50151
6.65944
4.75214
4.15574
0.163046
3.75313
2.46553
16.5902
5.58778
15.063
3.8605
8.85594
12.4918
5.62699
3.22478
10.5026
11.8984
6.40423
12.4501
13.6435
13.1725
10.3916
11.7028
10.9471
5.29857
3.00319
7.37809
7.98059
0.64648
0.203842
0.883448
0
0.0126935
0.0027672
0.00150549
2.30917e-05
8.24952e-05
1.50331e-06
0
0
0
0.000154106
0.000251327
9.24226e-05
1.71784e-05
2.46459e-06
0
0
0
0
0
0
0
0
0
2.84763e-05
0.00106569
0.0409039
0.0858318
0.0354018
0.0287472
0.245681
1.02827
0.821959
0.141665
0.0404621
0.0072263
0.0284815
0.00212072
0.0278074
0.00611623
0.00164894
0.000225327
0.0435603
1.40157
5.05901
5.30661
0.265198
1.41428
2.79828
2.57778
6.11987
9.15846
9.54215
9.3624
7.17622
5.03633
3.16774
1.58871
0.611173
0.123155
0.0295261
0.000444335
0
0
0
0
0
0
0
0
0
0
0
0
1.45321e-06
0
0
0
0
0
0
0
0
0
0
0
0
0
0
0
0
1.77398e-05
8.16861e-05
6.8239e-05
2.93281e-05
2.10048e-06
3.98343e-05
5.31124e-05
2.87876e-05
0
0
0
5.4034e-05
0
0
0
0
0.00592797
5.6479e-05
0.00108726
0.00395358
0.2258
0.446531
0.770436
0.530672
7.11705
5.4309
6.22584
3.00261
0.364094
0.124978
0.067286
0.0893541
0.00262984
0
0
0
0
0
0
0
0
0
0
0
0
0
0
0
0
0
0
0
0
0
0
0
0
0
0
0
0
0
0
0
0
0
0
0
0
0
0
0
0
0
0
0
0
0
0
0
0
0
2.80283e-06
6.05498e-06
5.21251e-05
3.39831e-05
7.93345e-05
0.249246
6.50155
2.941
1.31424
0.10216
0.000737893
0.000284067
6.33147e-06
3.24973e-06
1.02724e-06
0
0
0
0
0
0
0
0
0
0
0
0
0
0
0
0
0
0
0
0
0
0
0
0
0
0
0
0
0
0
0
0
0
0
0
0
0
0
0
0
0
0
0
0
0
0
0
0
1.50349e-06
2.41701e-06
4.9446e-06
1.85624e-05
0.000964198
0.00723635
0.681172
1.84555
0.465955
0.0496455
0.00110164
0
0
0
0
0
0
0
0
0
0
0
0
0
0
0
0
0
0
0
0
0
0
0
0
0
0
0
0
0
0
0
0
0
0
0
0
0
0
0
0
0
0
0
0
0
0
0
0
0
0
0
0
0
2.38513e-06
7.223e-06
7.40751e-06
0.000159438
0.0173755
0.0461917
0.405691
0.26328
0.00654754
0.00423345
6.15579e-05
0
0
0
0
0
0
0
0
0
0
0
0
0
0
0
0
0
0
0
0
0
0
0
0
0
0
0
0
0
0
0
0
0
0
0
0
0
0
0
0
0
0
0
0
0
0
0
0
0
0
0
0
0
0
6.56471e-06
0.000107648
0.00257273
0.0312986
0.129105
0.151202
0.0244428
0.00188844
0.000758926
2.12376e-06
0
0
0
0
0
0
0
0
0
0
0
0
0
0
0
0
0
0
0
0
0
0
0
0
0
0
0
0
0
0
0
0
0
0
0
0
0
0
0
0
0
0
0
0
0
0
0
0
0
0
0
0
0
1.88625e-06
1.16064e-05
0.000156519
0.000564623
0.00664525
0.0544718
0.0302898
0.00148327
0.000408067
4.93757e-05
0
0
0
0
0
0
0
0
0
0
0
0
0
0
0
0
0
0
0
0
0
0
0
0
0
0
0
0
0
0
0
0
0
0
0
0
0
0
0
0
0
0
0
0
0
0
0
0
0
0
0
0
0
2.53035e-06
7.39668e-06
3.07815e-05
0.000162227
0.000140597
0.000966815
0.017681
0.0132571
0.000217986
3.11953e-05
1.65667e-06
0
0
0
0
0
0
0
0
0
0
0
0
0
0
0
0
0
0
0
0
0
0
0
0
0
0
0
0
0
0
0
0
0
0
0
0
0
0
0
0
0
0
0
0
0
0
0
0
0
0
0
0
0
2.5553e-06
7.19282e-06
3.17292e-05
0.000103167
0.00010996
0.000216529
0.00154752
0.0043313
5.98028e-05
2.90468e-06
0
0
0
0
0
0
0
0
0
0
0
0
0
0
0
0
0
0
0
0
0
0
0
0
0
0
0
0
0
0
0
0
0
0
0
0
0
0
0
0
0
0
0
0
0
0
0
0
0
0
0
0
0
0
0
0
6.49518e-06
3.40542e-05
0.000102736
0.000324721
0.000629308
0.00122932
1.795e-05
0
0
0
0
0
0
0
0
0
0
0
0
0
0
0
0
0
0
0
0
0
0
0
0
0
0
0
0
0
0
0
0
0
0
0
0
0
0
0
0
0
0
0
0
0
0
0
0
0
0
0
0
0
0
0
0
0
1.17667e-06
7.30583e-06
2.49154e-05
0.000108019
0.000199438
0.0002306
7.66684e-06
0
0
0
0
0
0
0
0
0
0
0
0
0
0
0
0
0
0
0
0
0
0
0
0
0
0
0
0
0
0
0
0
0
0
0
0
0
0
0
0
0
0
0
0
0
0
0
0
0
0
0
0
0
0
0
0
0
0
0
0
6.33065e-06
1.36483e-05
2.98748e-06
0
0
0
0
0
0
0
0
0
0
0
0
0
0
0
0
0
0
0
0
0
0
0
0
0
0
0
0
0
0
0
0
0
0
0
0
0
0
0
0
0
0
0
0
0
0
0
0
0
0
0
0
0
0
0
0
0
0
0
0
0
0
0
0
0
0
0
0
0
0
0
0
0
0
0
0
0
0
0
0
0
0
0
0
0
0
0
0
0
0
0
0
0
0
0
0
0
0
0
0
0
0
0
0
0
0
0
0
0
0
0
0
0
0
0
0
0
0
0
0
0
0
0
0
0
0
0
0
0
0
0
0
0
0
0
0
0
0
0
0
0
0
0
0
0
0
0
0
0
0
0
0
0
0
0
0
0
0
0
0
0
0
0
0
0
0
0
0
0
0
0
0
0
0
0
0
0
0
0
0
0
0
0
0
0
0
0
0
0
0
0
0
0
0
0
0
0
0
0
0
0
0
0
0
0
0
0
0
0
0
0
0
0
0
0
0
0
0
0
0
0
0
0
0
0
0
0
0
0
0
0
0
0
0
0
0
0
0
0
0
0
0
0
0
0
0
0
0
0
0
0
0
0
0
0
0
0
0
0
0
0
0
0
0
0
0
0
0
0
0
0
0
0
0
0
0
0
0
0
0
0
0
0
0
0
0
0
0
0
0
0
0
0
0
0
0
0
0
0
0
0
0
0
0
0
0
0
0
0
0
0
0
0
0
0
0
0
0
0
0
0
0
0
0
0
0
0
0
0
0
0
0
0
0
0
0
0
0
0
0
0
0
0
0
0
0
0
0
0
0
0
0
0
0
0
0
0
0
0
0
0
0
0
0
0
0
0
0
0
0
0
0
0
0
0
0
0
0
0
0
0
0
0
0
0
0
0
0
0
0
0
0
0
0
0
0
0
0
0
0
0
0
0
0
0
0
0
0
0
0
0
0
0
0
0
0
0
0
0
0
0
0
0
0
0
0
0
0
0
0
0
0
0
0
0
0
0
0
0
0
0
0
0
0
0
0
0
0
0
0
0
0
0
0
0
0
0
0
0
0
0
0
0
0
0
0
0
0
0
0
0
0
0
0
0
0
0
0
0
0
0
0
0
0
0
0
0
0
0
0
0
0
0
0
0
0
0
0
0
0
0
0
0
0
0
0
0
0
0
0
0
0
0
0
0
0
0
0
0
0
0
0
0
0
0
0
0
0
0
0
0
0
0
0
0
0
0
0
0
0
0
0
0
0
0
0
0
0
0
0
0
0
0
0
0
0
0
0
0
0
0
0
0
0
0
0
0
0
0
0
0
0
0
0
0
0
0
0
0
0
0
0
0
0
0
0
0
0
0
0
0
0
0
0
0
0
0
0
0
0
0
0
0
0
0
0
0
0
0
0
0
0
0
0
0
0
0
0
0
0
0
0
0
0
0
0
0
0
0
0
0
0
0
0
0
0
0
0
0
0
0
0
0
0
0
0
0
0
0
0
0
0
0
0
0
0
0
0
0
0
0
0
0
0
0
0
0
0
0
0
0
0
0
0
0
0
0
0
0
0
0
0
0
0
0
0
0
0
0
0
0
0
0
0
0
0
0
0
0
0
0
0
0
0
0
0
0
0
0
0
0
0
0
0
0
0
0
0
0
0
0
0
0
0
0
0
0
0
0
0
0
0
0
0
0
0
0
0
0
0
0
0
0
0
0
0
0
0
0
0
0
0
0
0
0
0
0
0
0
0
0
0
0
0
0
0
0
0
0
0
0
0
0
0
0
0
0
0
0
0
0
0
0
0
0
0
0
0
0
0
0
0
0
0
0
0
0
0
0
0
0
0
0
0
0
0
0
0
0
0
0
0
0
0
0
0
0
0
0
0
0
0
0
0
0
0
0
0
0
0
0
0
0
0
0
0
0
0
0
0
0
0
0
0
0
0
0
0
0
0
0
0
0
0
0
0
0
0
0
0
0
0
0
0
0
0
0
0
0
0
0
0
0
0
0
0
0
0
0
0
0
0
0
0
0
0
0
0
0
0
0
0
0
0
0
0
0
0
0
0
0
0
0
0
0
0
0
0
0
0
0
0
0
0
0
0
0
0
0
0
0
0
0
0
0
0
0
0
0
0
0
0
0
0
0
0
0
0
0
0
0
0
0
0
0
0
0
0
0
0
0
0
0
0
0
0
0
0
0
0
0
0
0
0
0
0
0
0
0
0
0
0
0
0
0
0
0
0
0
0
0
0
0
0
0
0
0
0
0
0
0
0
0
0
0
0
0
0
0
0
0
0
0
0
0
0
0
0
0
0
0
0
0
0
0
0
0
0
0
0
0
0
0
0
0
0
0
0
0
0
0
0
0
0
0
0
0
0
0
0
0
0
0
0
0
0
0
0
0
0
0
0
0
0
0
0
0
0
0
0
0
0
0
0
0
0
0
0
0
0
0
0
0
0
0
0
0
0
0
0
0
0
0
0
0
0
0
0
0
0
0
0
0
0
0
0
0
0
0
0
0
0
0
0
0
0
0
0
0
0
0
0
0
0
0
0
0
0
0
0
0
0
0
0
0
0
0
0
0
0
0
0
0
0
0
0
0
0
0
0
0
0
0
0
0
0
0
0
0
0
0
0
0
0
0
0
0
0
0
0
0
0
0
0
0
0
0
0
0
0
0
0
0
0
0
0
0
0
0
0
0
0
0
0
0
0
0
0
0
0
0
0
0
0
0
0
0
0
0
0
0
0
0
0
0
0
0
0
0
0
0
0
0
0
0
0
0
0
0
0
0
0
0
0
0
0
0
0
0
0
0
0
0
0
0
0
0
0
0
0
0
0
0
0
0
0
0
0
0
0
0
0
0
0
0
0
0
0
0
0
0
0
0
0
0
0
0
0
0
0
0
0
0
0
0
0
0
0
0
0
0
0
0
0
0
0
0
0
0
0
0
0
0
0
0
0
0
0
0
0
0
0
0
0
0
0
0
0
0
0
0
0
0
0
0
0
0
0
0
0
0
0
0
0
0
0
0
0
0
0
0
0
0
0
0
0
0
0
0
0
0
0
0
0
0
0
0
0
0
0
0
0
0
0
0
0
0
0
0
0
0
0
0
0
0
0
0
0
0
0
0
0
0
0
0
0
0
0
0
0
0
0
0
0
0
0
0
0
0
0
0
0
0
0
0
0
0
0
0
0
0
0
0
0
0
0
0
0
0
0
0
0
0
0
0
0
0
0
0
0
0
0
0
0
0
0
0
0
0
0
0
0
0
0
0
0
0
0
0
0
0
0
0
0
0
0
0
0
0
0
0
0
0
0
0
0
0
0
0
0
0
0
0
0
0
0
0
0
0
0
0
0
0
0
0
0
0
0
0
0
0
0
0
0
0
0
0
0
0
0
0
0
0
0
0
0
0
0
0
0
0
0
0
0
0
0
0
0
0
0
0
0
0
0
0
0
0
0
0
0
0
0
0
0
0
0
0
0
0
0
0
0
0
0
0
0
0
0
0
0
0
0
0
0
0
0
0
0
0
0
0
0
0
0
0
0
0
0
0
0
0
0
0
0
0
0
0
0
0
0
0
0
0
0
0
0
0
0
0
0
0
0
0
0
0
0
0
0
0
0
0
0
0
0
0
0
0
0
0
0
0
0
0
0
0
0
0
0
0
0
0
0
0
0
0
0
0
0
0
0
0
0
0
0
0
0
0
0
0
0
0
0
0
0
0
0
0
0
0
0
0
0
0
0
0
0
0
0
0
0
0
0
0
0
0
0
0
0
0
0
0
0
0
0
0
0
0
0
0
0
0
0
0
0
0
0
0
0
0
0
0
0
0
0
0
0
0
0
0
0
0
0
0
0
0
0
0
0
0
0
0
0
0
0
0
0
0
0
0
0
0
0
0
0
0
0
0
0
0
0
0
0
0
0
0
0
0
0
0
0
0
0
0
0
0
0
0
0
0
0
0
0
0
0
0
0
0
0
0
0
0
0
0
0
0
0
0
0
0
0
0
0
0
0
0
0
0
0
0
0
0
0
0
0
0
0
0
0
0
0
0
0
0
0
0
0
0
0
0
0
0
0
0
0
0
0
0
0
0
0
0
0
0
0
0
0
0
0
0
0
0
0
0
0
0
0
0
0
0
0
0
0
0
0
0
0
0
0
0
0
0
0
0
0
0
0
0
0
0
0
0
0
0
0
0
0
0
0
0
0
0
0
0
0
0
0
0
0
0
0
0
0
0
0
0
0
0
0
0
0
0
0
0
0
0
0
0
0
0
0
0
0
0
0
0
0
0
0
0
0
0
0
0
0
0
0
0
0
0
0
0
0
0
0
0
0
0
0
0
0
0
0
0
0
0
0
0
0
0
0
0
0
0
0
0
0
0
0
0
0
0
0
0
0
0
0
0
0
0
0
0
0
0
0
0
0
0
0
0
0
0
0
0
0
0
0
0
0
0
0
0
0
0
0
0
0
0
0
0
0
0
0
0
0
0
0
0
0
0
0
0
0
0
0
0
0
0
0
0
0
0
0
0
0
0
0
0
0
0
0
0
0
0
0
0
0
0
0
0
0
0
0
0
0
0
0
0
0
0
0
0
0
0
0
0
0
0
0
0
0
0
0
0
0
0
0
0
0
0
0
0
0
0
0
0
0
0
0
0
0
0
0
0
0
0
0
0
0
0
0
0
0
0
0
0
0
0
0
0
0
0
0
0
0
0
0
0
0
0
0
0
0
0
0
0
0
0
0
0
0
0
0
0
0
0
0
0
0
0
0
0
0
0
0
0
0
0
0
0
0
0
0
0
0
0
0
0
0
0
0
0
0
0
0
0
0
0
0
0
0
0
0
0
0
0
0
0
0
0
0
0
0
0
0
0
0
0
0
0
0
0
0
0
0
0
0
0
0
0
0
0
0
0
0
0
0
0
0
0
0
0
0
0
0
0
0
0
0
0
0
0
0
0
0
0
0
0
0
0
0
0
0
0
0
0
0
0
0
0
0
0
0
0
0
0
0
0
0
0
0
0
0
0
0
0
0
0
0
0
0
0
0
0
0
0
0
0
0
0
0
0
0
0
0
0
0
0
0
0
0
0
0
0
0
0
0
0
0
0
0
0
0
0
0
0
0
0
0
0
0
0
0
0
0
0
0
0
0
0
0
0
0
0
0
0
0
0
0
0
0
0
0
0
0
0
0
0
0
0
0
0
0
0
0
0
0
0
0
0
0
0
0
0
0
0
0
0
0
0
0
0
0
0
0
0
0
0
0
0
0
0
0
0
0
0
0
0
0
0
0
0
0
0
0
0
0
0
0
0
0
0
0
0
0
0
0
0
0
0
0
0
0
0
0
0
0
0
0
0
0
0
0
0
0
0
0
0
0
0
0
0
0
0
0
0
0
0
0
0
0
0
0
0
0
0
0
0
0
0
0
0
0
0
0
0
0
0
0
0
0
0
0
0
0
0
0
0
0
0
0
0
0
0
0
0
0
0
0
0
0
0
0
0
0
0
0
0
0
0
0
0
0
0
0
0
0
0
0
0
0
0
0
0
0
0
0
0
0
0
0
0
0
0
0
0
0
0
0
0
0
0
0
0
0
0
0
0
0
0
0
0
0
0
0
0
0
0
0
0
0
0
0
0
0
0
0
0
0
0
0
0
0
0
0
0
0
0
0
0
0
0
0
0
0
0
0
0
0
0
0
0
0
0
0
0
0
0
0
0
0
0
0
0
0
0
0
0
0
0
0
0
0
0
0
0
0
0
0
0
0
0
0
0
0
0
0
0
0
0
0
0
0
0
0
0
0
0
0
0
0
0
0
0
0
0
0
0
0
0
0
0
0
0
0
0
0
0
0
0
0
0
0
0
0
0
0
0
0
0
0
0
0
0
0
0
0
0
0
0
0
0
0
0
0
0
0
0
0
0
0
0
0
0
0
0
0
0
0
0
0
0
0
0
0
0
0
0
0
0
0
0
0
0
0
0
0
0
0
0
0
0
0
0
0
0
0
0
0
0
0
0
0
0
0
0
0
0
0
0
0
0
0
0
0
0
0
0
0
0
0
0
0
0
0
0
0
0
0
0
0
0
0
0
0
0
0
0
0
0
0
0
0
0
0
0
0
0
0
0
0
0
0
0
0
0
0
0
0
0
0
0
0
0
0
0
0
0
0
0
0
0
0
0
0
0
0
0
0
0
0
0
0
0
0
0
0
0
0
0
0
0
0
0
0
0
0
0
0
0
0
0
0
0
0
0
0
0
0
0
0
0
0
0
0
0
0
0
0
0
0
0
0
0
0
0
0
0
0
0
0
0
0
0
0
0
0
0
0
0
0
0
0
0
0
0
0
0
0
0
0
0
0
0
0
0
0
0
0
0
0
0
0
0
0
0
0
0
0
0
0
0
0
0
0
0
0
0
0
0
0
0
0
0
0
0
0
0
0
0
0
0
0
0
0
0
0
0
0
0
0
0
0
0
0
0
0
0
0
0
0
0
0
0
0
0
0
0
0
0
0
0
0
0
0
0
0
0
0
0
0
0
0
0
0
0
0
0
0
0
0
0
0
0
0
0
0
0
0
0
0
0
0
0
0
0
0
0
0
0
0
0
0
0
0
0
0
0
0
0
0
0
0
0
0
0
0
0
0
0
0
0
0
0
0
0
0
0
0
0
0
0
0
0
0
0
0
0
0
0
0
0
0
0
0
0
0
0
0
0
0
0
0
0
0
0
0
0
0
0
0
0
0
0
0
0
0
0
0
0
0
0
0
0
0
0
0
0
0
0
0
0
0
0
0
0
0
0
0
0
0
0
0
0
0
0
0
0
0
0
0
0
0
0
0
0
0
0
0
0
0
0
0
0
0
0
0
0
0
0
0
0
0
0
0
0
0
0
0
0
0
0
0
0
0
0
0
0
0
0
0
0
0
0
0
0
0
0
0
0
0
0
0
0
0
0
0
0
0
0
0
0
0
0
0
0
0
0
0
0
0
0
0
0
0
0
0
0
0
0
0
0
0
0
0
0
0
0
0
0
0
0.000172158
0.00275306
0.00653881
0.0132121
0.0767967
0.469504
0.738508
0.709356
0.200845
0.666876
5.64119
9.25049
10.3842
10.0946
10.4622
11.6991
12.7651
11.9617
11.7241
14.5169
14.4594
15.4016
15.594
9.64915
9.53767
9.99612
9.74644
10.1058
11.7329
12.3128
13.136
13.4918
11.3321
10.8902
10.0115
11.488
13.6975
12.4997
11.361
12.0215
12.0279
13.2902
13.1072
12.0036
10.6947
8.86916
6.36197
2.63704
0.600591
0.130791
0.0131002
0.000918591
5.31631e-05
1.03637e-06
0
0
0
0
0
0
0
0
0
2.93164e-06
0.000196587
0.00143427
0.00331986
0.00958177
0.0444064
0.276946
0.79239
1.03848
1.31919
5.28418
8.70971
9.61726
10.6284
10.272
10.348
11.0214
12.4676
14.3749
12.3901
12.6171
16.4047
13.993
15.8373
10.952
10.2694
11.0244
11.1584
10.9625
10.7434
12.9531
11.9852
12.5196
11.9596
12.3075
11.2874
11.4827
14.2728
12.662
12.4281
12.287
12.11
13.1211
12.8698
11.9432
10.6295
8.88915
7.058
4.09494
2.2097
0.300248
0.0722931
0.0139572
0.00110149
9.00172e-05
1.62308e-05
0
0
0
0
0.000135257
6.74611e-06
2.28863e-06
0
2.1616e-06
2.9936e-06
0.000296446
0.000763328
0.00119744
0.0257635
0.0472626
0.279851
0.888555
1.19762
6.18173
2.33501
8.60813
10.5255
10.1456
10.4305
11.7791
11.7852
12.8482
12.0865
10.6807
10.9545
11.1937
14.2376
15.5359
17.1201
12.9494
8.67632
18.9816
10.6608
11.6759
12.8065
14.6049
14.209
13.242
12.0294
10.41
13.9474
12.7449
12.224
12.6096
12.5322
12.5664
12.9445
11.6451
9.9545
4.34972
3.38676
5.00538
0.0805032
0.281398
0.0512645
0.0047975
0.00187477
0.000131645
1.75812e-05
0
0
0
0.000477948
1.75625e-05
4.97099e-05
1.88801e-06
2.65068e-06
0
0
0
0
0
0.000435884
5.95546e-05
0.00353574
0.154788
0.319481
2.05759
0.054534
7.81811
9.26883
1.88893
9.78008
5.24764
10.691
7.61278
6.67919
3.7756
9.38812
3.22074
4.4212
2.19642
9.35388
6.57685
16.8431
9.91708
12.2155
11.8557
11.5679
10.3861
6.13082
13.9925
10.7981
10.5282
10.927
12.7514
13.1307
12.4568
12.5881
6.34651
11.2246
10.0266
9.30514
2.85922
0.192223
2.5173
0
0.000877648
0.0193414
0.000629744
0.000340454
0.000114225
0
0
0
0
0
0
0
0
0
0
0
0
0
0
0
0
0
0
0
0
0
1.43862e-05
8.10161e-05
0.0052252
0.0208111
0.167116
0.803874
0.577704
0.399086
0.0471706
0.0194876
0.01647
0.0451615
0.000100253
0.0171509
0.00301107
0.938548
0.39848
0.289025
3.44161
7.04586
2.66234
2.78243
3.4373
3.54457
7.48256
11.516
12.2865
8.14745
7.39708
4.68784
1.8037
1.44113
0.653608
0.176717
0.0314391
0.000180261
0
0
0
0
0
0
0
0
0
0
0
0
0
0
0
0
0
0
0
0
0
0
0
0
0
0
0
0
0
0
0
0
2.472e-05
2.50115e-06
0
4.10633e-05
0
4.87647e-05
1.00518e-05
0
0
0
0
0
0.00721026
0.00805973
0.0184973
0.630602
0.000107268
0.0157096
0.483209
0.561457
0.78806
11.6016
8.61057
4.13921
1.23251
0.132743
0.0835336
0.0341282
0.00736176
2.44387e-06
0
0
0
0
0
0
0
0
0
0
0
0
0
0
0
0
0
0
0
0
0
0
0
0
0
0
0
0
0
0
0
0
0
0
0
0
0
0
0
0
0
0
0
0
0
3.3827e-06
0
0
0
6.22069e-05
2.40505e-06
0.000367319
0.014416
0.0201765
0.631496
10.1122
4.36796
0.456884
0.05565
0.000164062
1.71978e-06
5.62318e-05
1.69959e-05
0
0
0
0
0
0
0
0
0
0
0
0
0
0
0
0
0
0
0
0
0
0
0
0
0
0
0
0
0
0
0
0
0
0
0
0
0
0
0
0
0
0
0
0
1.41073e-06
0
0.000159814
6.96306e-05
8.93286e-06
0
3.10461e-06
2.47912e-05
2.027e-05
0.00113236
0.0165163
1.84346
1.77561
0.158498
0.0133895
6.90056e-05
6.29916e-06
0
0
0
0
0
0
0
0
0
0
0
0
0
0
0
0
0
0
0
0
0
0
0
0
0
0
0
0
0
0
0
0
0
0
0
0
0
0
0
0
0
0
0
0
0
0
0
0.00012832
0.000937852
0.000903173
0.000292594
1.41871e-06
1.34499e-06
7.05437e-05
0.000515775
0.000669763
0.0100494
0.0443933
0.140965
0.077163
0.00155033
0.000541326
2.98046e-06
0
0
0
0
0
0
0
0
0
0
0
0
0
0
0
0
0
0
0
0
0
0
0
0
0
0
0
0
0
0
0
0
0
0
0
0
0
0
0
0
0
0
0
0
0
0
0
0
0
0.00263055
0.00166864
2.20127e-06
0
1.19649e-05
0.000276536
0.00291584
0.00245729
0.0223567
0.0301845
0.0295198
0.00345472
0.000350027
0.000141125
0
0
0
0
0
0
0
0
0
0
0
0
0
0
0
0
0
0
0
0
0
0
0
0
0
0
0
0
0
0
0
0
0
0
0
0
0
0
0
0
0
0
0
0
0
0
0
0
0
1.09239e-05
0.000742013
0.000891911
2.56635e-05
1.83036e-05
0.000192221
0.000704051
0.00230345
0.00714864
0.0244529
0.0252478
0.00249681
0.00017743
5.224e-05
8.86517e-06
0
0
0
0
0
0
0
0
0
0
0
0
0
0
0
0
0
0
0
0
0
0
0
0
0
0
0
0
0
0
0
0
0
0
0
0
0
0
0
0
0
0
0
0
0
0
0
0
0
1.88525e-05
9.93431e-05
0.000231565
1.75348e-06
4.58556e-06
1.9164e-05
5.15255e-05
0.000745491
0.0049043
0.0110433
0.00472536
0.00087848
4.48868e-06
0
0
0
0
0
0
0
0
0
0
0
0
0
0
0
0
0
0
0
0
0
0
0
0
0
0
0
0
0
0
0
0
0
0
0
0
0
0
0
0
0
0
0
0
0
0
0
0
0
0
0
0
1.16251e-06
1.26924e-05
0
1.23963e-06
0
0
0
1.63357e-05
0.00203476
0.000317838
0.000172778
4.16382e-06
0
0
0
0
0
0
0
0
0
0
0
0
0
0
0
0
0
0
0
0
0
0
0
0
0
0
0
0
0
0
0
0
0
0
0
0
0
0
0
0
0
0
0
0
0
0
0
0
0
0
0
0
0
0
0
0
0
0
2.42887e-06
3.83049e-05
0.000366802
0.000155374
0.000274877
1.5816e-06
0
0
0
0
0
0
0
0
0
0
0
0
0
0
0
0
0
0
0
0
0
0
0
0
0
0
0
0
0
0
0
0
0
0
0
0
0
0
0
0
0
0
0
0
0
0
0
0
0
0
0
0
0
0
0
0
0
0
1.00969e-06
5.86864e-06
3.31236e-05
3.03673e-05
3.37888e-05
6.25637e-06
0
0
0
0
0
0
0
0
0
0
0
0
0
0
0
0
0
0
0
0
0
0
0
0
0
0
0
0
0
0
0
0
0
0
0
0
0
0
0
0
0
0
0
0
0
0
0
0
0
0
0
0
0
0
0
0
0
0
0
0
0
0
0
0
0
0
0
0
0
0
0
0
0
0
0
0
0
0
0
0
0
0
0
0
0
0
0
0
0
0
0
0
0
0
0
0
0
0
0
0
0
0
0
0
0
0
0
0
0
0
0
0
0
0
0
0
0
0
0
0
0
0
0
0
0
0
0
0
0
0
0
0
0
0
0
0
0
0
0
0
0
0
0
0
0
0
0
0
0
0
0
0
0
0
0
0
0
0
0
0
0
0
0
0
0
0
0
0
0
0
0
0
0
0
0
0
0
0
0
0
0
0
0
0
0
0
0
0
0
0
0
0
0
0
0
0
0
0
0
0
0
0
0
0
0
0
0
0
0
0
0
0
0
0
0
0
0
0
0
0
0
0
0
0
0
0
0
0
0
0
0
0
0
0
0
0
0
0
0
0
0
0
0
0
0
0
0
0
0
0
0
0
0
0
0
0
0
0
0
0
0
0
0
0
0
0
0
0
0
0
0
0
0
0
0
0
0
0
0
0
0
0
0
0
0
0
0
0
0
0
0
0
0
0
0
0
0
0
0
0
0
0
0
0
0
0
0
0
0
0
0
0
0
0
0
0
0
0
0
0
0
0
0
0
0
0
0
0
0
0
0
0
0
0
0
0
0
0
0
0
0
0
0
0
0
0
0
0
0
0
0
0
0
0
0
0
0
0
0
0
0
0
0
0
0
0
0
0
0
0
0
0
0
0
0
0
0
0
0
0
0
0
0
0
0
0
0
0
0
0
0
0
0
0
0
0
0
0
0
0
0
0
0
0
0
0
0
0
0
0
0
0
0
0
0
0
0
0
0
0
0
0
0
0
0
0
0
0
0
0
0
0
0
0
0
0
0
0
0
0
0
0
0
0
0
0
0
0
0
0
0
0
0
0
0
0
0
0
0
0
0
0
0
0
0
0
0
0
0
0
0
0
0
0
0
0
0
0
0
0
0
0
0
0
0
0
0
0
0
0
0
0
0
0
0
0
0
0
0
0
0
0
0
0
0
0
0
0
0
0
0
0
0
0
0
0
0
0
0
0
0
0
0
0
0
0
0
0
0
0
0
0
0
0
0
0
0
0
0
0
0
0
0
0
0
0
0
0
0
0
0
0
0
0
0
0
0
0
0
0
0
0
0
0
0
0
0
0
0
0
0
0
0
0
0
0
0
0
0
0
0
0
0
0
0
0
0
0
0
0
0
0
0
0
0
0
0
0
0
0
0
0
0
0
0
0
0
0
0
0
0
0
0
0
0
0
0
0
0
0
0
0
0
0
0
0
0
0
0
0
0
0
0
0
0
0
0
0
0
0
0
0
0
0
0
0
0
0
0
0
0
0
0
0
0
0
0
0
0
0
0
0
0
0
0
0
0
0
0
0
0
0
0
0
0
0
0
0
0
0
0
0
0
0
0
0
0
0
0
0
0
0
0
0
0
0
0
0
0
0
0
0
0
0
0
0
0
0
0
0
0
0
0
0
0
0
0
0
0
0
0
0
0
0
0
0
0
0
0
0
0
0
0
0
0
0
0
0
0
0
0
0
0
0
0
0
0
0
0
0
0
0
0
0
0
0
0
0
0
0
0
0
0
0
0
0
0
0
0
0
0
0
0
0
0
0
0
0
0
0
0
0
0
0
0
0
0
0
0
0
0
0
0
0
0
0
0
0
0
0
0
0
0
0
0
0
0
0
0
0
0
0
0
0
0
0
0
0
0
0
0
0
0
0
0
0
0
0
0
0
0
0
0
0
0
0
0
0
0
0
0
0
0
0
0
0
0
0
0
0
0
0
0
0
0
0
0
0
0
0
0
0
0
0
0
0
0
0
0
0
0
0
0
0
0
0
0
0
0
0
0
0
0
0
0
0
0
0
0
0
0
0
0
0
0
0
0
0
0
0
0
0
0
0
0
0
0
0
0
0
0
0
0
0
0
0
0
0
0
0
0
0
0
0
0
0
0
0
0
0
0
0
0
0
0
0
0
0
0
0
0
0
0
0
0
0
0
0
0
0
0
0
0
0
0
0
0
0
0
0
0
0
0
0
0
0
0
0
0
0
0
0
0
0
0
0
0
0
0
0
0
0
0
0
0
0
0
0
0
0
0
0
0
0
0
0
0
0
0
0
0
0
0
0
0
0
0
0
0
0
0
0
0
0
0
0
0
0
0
0
0
0
0
0
0
0
0
0
0
0
0
0
0
0
0
0
0
0
0
0
0
0
0
0
0
0
0
0
0
0
0
0
0
0
0
0
0
0
0
0
0
0
0
0
0
0
0
0
0
0
0
0
0
0
0
0
0
0
0
0
0
0
0
0
0
0
0
0
0
0
0
0
0
0
0
0
0
0
0
0
0
0
0
0
0
0
0
0
0
0
0
0
0
0
0
0
0
0
0
0
0
0
0
0
0
0
0
0
0
0
0
0
0
0
0
0
0
0
0
0
0
0
0
0
0
0
0
0
0
0
0
0
0
0
0
0
0
0
0
0
0
0
0
0
0
0
0
0
0
0
0
0
0
0
0
0
0
0
0
0
0
0
0
0
0
0
0
0
0
0
0
0
0
0
0
0
0
0
0
0
0
0
0
0
0
0
0
0
0
0
0
0
0
0
0
0
0
0
0
0
0
0
0
0
0
0
0
0
0
0
0
0
0
0
0
0
0
0
0
0
0
0
0
0
0
0
0
0
0
0
0
0
0
0
0
0
0
0
0
0
0
0
0
0
0
0
0
0
0
0
0
0
0
0
0
0
0
0
0
0
0
0
0
0
0
0
0
0
0
0
0
0
0
0
0
0
0
0
0
0
0
0
0
0
0
0
0
0
0
0
0
0
0
0
0
0
0
0
0
0
0
0
0
0
0
0
0
0
0
0
0
0
0
0
0
0
0
0
0
0
0
0
0
0
0
0
0
0
0
0
0
0
0
0
0
0
0
0
0
0
0
0
0
0
0
0
0
0
0
0
0
0
0
0
0
0
0
0
0
0
0
0
0
0
0
0
0
0
0
0
0
0
0
0
0
0
0
0
0
0
0
0
0
0
0
0
0
0
0
0
0
0
0
0
0
0
0
0
0
0
0
0
0
0
0
0
0
0
0
0
0
0
0
0
0
0
0
0
0
0
0
0
0
0
0
0
0
0
0
0
0
0
0
0
0
0
0
0
0
0
0
0
0
0
0
0
0
0
0
0
0
0
0
0
0
0
0
0
0
0
0
0
0
0
0
0
0
0
0
0
0
0
0
0
0
0
0
0
0
0
0
0
0
0
0
0
0
0
0
0
0
0
0
0
0
0
0
0
0
0
0
0
0
0
0
0
0
0
0
0
0
0
0
0
0
0
0
0
0
0
0
0
0
0
0
0
0
0
0
0
0
0
0
0
0
0
0
0
0
0
0
0
0
0
0
0
0
0
0
0
0
0
0
0
0
0
0
0
0
0
0
0
0
0
0
0
0
0
0
0
0
0
0
0
0
0
0
0
0
0
0
0
0
0
0
0
0
0
0
0
0
0
0
0
0
0
0
0
0
0
0
0
0
0
0
0
0
0
0
0
0
0
0
0
0
0
0
0
0
0
0
0
0
0
0
0
0
0
0
0
0
0
0
0
0
0
0
0
0
0
0
0
0
0
0
0
0
0
0
0
0
0
0
0
0
0
0
0
0
0
0
0
0
0
0
0
0
0
0
0
0
0
0
0
0
0
0
0
0
0
0
0
0
0
0
0
0
0
0
0
0
0
0
0
0
0
0
0
0
0
0
0
0
0
0
0
0
0
0
0
0
0
0
0
0
0
0
0
0
0
0
0
0
0
0
0
0
0
0
0
0
0
0
0
0
0
0
0
0
0
0
0
0
0
0
0
0
0
0
0
0
0
0
0
0
0
0
0
0
0
0
0
0
0
0
0
0
0
0
0
0
0
0
0
0
0
0
0
0
0
0
0
0
0
0
0
0
0
0
0
0
0
0
0
0
0
0
0
0
0
0
0
0
0
0
0
0
0
0
0
0
0
0
0
0
0
0
0
0
0
0
0
0
0
0
0
0
0
0
0
0
0
0
0
0
0
0
0
0
0
0
0
0
0
0
0
0
0
0
0
0
0
0
0
0
0
0
0
0
0
0
0
0
0
0
0
0
0
0
0
0
0
0
0
0
0
0
0
0
0
0
0
0
0
0
0
0
0
0
0
0
0
0
0
0
0
0
0
0
0
0
0
0
0
0
0
0
0
0
0
0
0
0
0
0
0
0
0
0
0
0
0
0
0
0
0
0
0
0
0
0
0
0
0
0
0
0
0
0
0
0
0
0
0
0
0
0
0
0
0
0
0
0
0
0
0
0
0
0
0
0
0
0
0
0
0
0
0
0
0
0
0
0
0
0
0
0
0
0
0
0
0
0
0
0
0
0
0
0
0
0
0
0
0
0
0
0
0
0
0
0
0
0
0
0
0
0
0
0
0
0
0
0
0
0
0
0
0
0
0
0
0
0
0
0
0
0
0
0
0
0
0
0
0
0
0
0
0
0
0
0
0
0
0
0
0
0
0
0
0
0
0
0
0
0
0
0
0
0
0
0
0
0
0
0
0
0
0
0
0
0
0
0
0
0
0
0
0
0
0
0
0
0
0
0
0
0
0
0
0
0
0
0
0
0
0
0
0
0
0
0
0
0
0
0
0
0
0
0
0
0
0
0
0
0
0
0
0
0
0
0
0
0
0
0
0
0
0
0
0
0
0
0
0
0
0
0
0
0
0
0
0
0
0
0
0
0
0
0
0
0
0
0
0
0
0
0
0
0
0
0
0
0
0
0
0
0
0
0
0
0
0
0
0
0
0
0
0
0
0
0
0
0
0
0
0
0
0
0
0
0
0
0
0
0
0
0
0
0
0
0
0
0
0
0
0
0
0
0
0
0
0
0
0
0
0
0
0
0
0
0
0
0
0
0
0
0
0
0
0
0
0
0
0
0
0
0
0
0
0
0
0
0
0
0
0
0
0
0
0
0
0
0
0
0
0
0
0
0
0
0
0
0
0
0
0
0
0
0
0
0
0
0
0
0
0
0
0
0
0
0
0
0
0
0
0
0
0
0
0
0
0
0
0
0
0
0
0
0
0
0
0
0
0
0
0
0
0
0
0
0
0
0
0
0
0
0
0
0
0
0
0
0
0
0
0
0
0
0
0
0
0
0
0
0
0
0
0
0
0
0
0
0
0
0
0
0
0
0
0
0
0
0
0
0
0
0
0
0
0
0
0
0
0
0
0
0
0
0
0
0
0
0
0
0
0
0
0
0
0
0
0
0
0
0
0
0
0
0
0
0
0
0
0
0
0
0
0
0
0
0
0
0
0
0
0
0
0
0
0
0
0
0
0
0
0
0
0
0
0
0
0
0
0
0
0
0
0
0
0
0
0
0
0
0
0
0
0
0
0
0
0
0
0
0
0
0
0
0
0
0
0
0
0
0
0
0
0
0
0
0
0
0
0
0
0
0
0
0
0
0
0
0
0
0
0
0
0
0
0
0
0
0
0
0
0
0
0
0
0
0
0
0
0
0
0
0
0
0
0
0
0
0
0
0
0
0
0
0
0
0
0
0
0
0
0
0
0
0
0
0
0
0
0
0
0
0
0
0
0
0
0
0
0
0
0
0
0
0
0
0
0
0
0
0
0
0
0
0
0
0
0
0
0
0
0
0
0
0
0
0
0
0
0
0
0
0
0
0
0
0
0
0
0
0
0
0
0
0
0
0
0
0
0
0
0
0
0
0
0
0
0
0
0
0
0
0
0
0
0
0
0
0
0
0
0
0
0
0
0
0
0
0
0
0
0
0
0
0
0
0
0
0
0
0
0
0
0
0
0
0
0
0
0
0
0
0
0
0
0
0
0
0
0
0
0
0
0
0
0
0
0
0
0
0
0
0
0
0
0
0
0
0
0
0
0
0
0
0
0
0
0
0
0
0
0
0
0
0
0
0
0
0
0
0
0
0
0
0
0
0
0
0
0
0
0
0
0
0
0
0
0
0
0
0
0
0
0
0
0
0
0
0
0
0
0
0
0
0
0
0
0
0
0
0
0
0
0
0
0
0
0
0
0
0
0
0
0
0
0
0
0
0
0
0
0
0
0
0
0
0
0
0
0
0
0
0
0
0
0
0
0
0
0
0
0
0
0
0
0
0
0
0
0
0
0
0
0
0
0
0
0
0
0
0
0
0
0
0
0
0
0
0
0
0
0
0
0
0
0
0
0
0
0
0
0
0
0
0
0
0
0
0
0
0
0
0
0
0
0
0
0
0
0
0
0
0
0
0
0
0
0
0
0
0
0
0
0
0
0
0
0
0
0
0
0
0
0
0
0
0
0
0
0
0
0
0
0
0
0
0
0
0
0
0
0
0
0
0
0
0
0
0
0
0
0
0
0
0
0
0
0
0
0
0
0
0
0
0
0
0
0
0
0
0
0
0
0
0
0
0
0
0
0
0
0
0
0
0
0
0
0
0
0
0
0
0
0
0
0
0
0
0
0
0
0
0
0
0
0
0
0
0
0
0
0
0
0
0
0
0
0
0
0
0
0
0
0
0
0
0
0
0
0
0
0
0
0
0
0
0
0
0
0
0
0
0
0
0
0
0
0
0
0
0
0
0
0
0
0
0
0
0
0
0
0
0
0
0
0
0
0
0
0
0
0
0
0
0
0
0
0
0
0
0
0
0
0
0
0
0
0
0
0
0
0
0
0
0
0
0
0
0
0
0
0
0
0
0
0
0
0
0
0
0
0
0
0
0
0
0
0
0
0
0
0
0
0
0
0
0
0
0
0
0
0
0
0
0
0
0
0
0
0
0
0
0
0
0
0
0
0
0
0
0
0
0
0
0
0
0
0
0
0
0
0
0
0
0
0
0
0
0
0
0
0
0
0
0
0
0
0
0
0
0
0
0
0
0
0
0
0
0
0
0
0
0
0
0
0
0
0
0
0
0
0
0
0
0
0
0
0
0
0
0
0
0
0
0
0
0
0
2.74672e-05
0.00284051
0.0349118
0.0607152
0.081901
0.233926
1.54001
2.60218
2.7859
2.6402
2.16551
4.69183
8.4778
10.231
10.0257
10.4391
11.8492
12.3235
14.1857
15.1597
14.3187
15.8902
10.5857
13.783
13.4975
12.0359
12.0118
12.0418
11.7932
10.0807
10.3564
11.7979
13.0359
13.9654
12.9262
11.6838
10.9311
12.6152
12.429
14.1093
13.1844
13.2782
13.5447
11.9394
10.7538
9.31151
7.25353
2.60894
0.31484
0.0477603
0.00987122
0.00333328
0.000434579
4.55379e-05
0
0
0
0
0
0
0
0
0
2.47464e-06
0.000209806
0.00356278
0.0202078
0.0424065
0.0858564
0.226919
0.928572
2.54556
3.44462
3.30578
4.63617
8.7757
9.11425
10.1242
10.4817
10.2845
11.1309
11.8761
12.2036
15.0323
12.2428
13.0809
9.68738
10.5366
13.1214
12.4462
8.99017
13.7954
11.6495
10.4755
10.4323
11.7053
11.5013
9.91736
9.9218
10.6577
10.6428
12.8712
12.2209
13.8102
13.425
13.4564
13.3331
11.7043
10.4782
9.15531
7.44064
3.85909
1.64259
0.139716
0.0415294
0.0163009
0.00611154
0.00140898
0.000173209
1.75175e-05
0
0
0
0
0
0
0
3.15121e-06
7.57308e-05
0.000473698
0.00440317
0.00657738
0.0692705
0.0421832
0.150902
1.81417
1.15043
1.50855
4.42125
0.188429
2.59476
7.23412
10.6634
9.99136
10.7973
11.6453
11.2065
9.97968
12.2469
10.3605
5.63717
8.6414
9.71478
8.26368
9.35208
13.4957
10.8227
12.3529
13.8348
14.6429
14.2536
9.86038
12.5738
11.0291
12.3629
13.0544
12.3049
12.9089
13.6792
13.9916
10.6598
11.347
8.47053
6.09923
3.8591
3.21564
0.0384381
0.183962
0.00107112
0.00522234
0.00268067
0.00031852
0.000121637
1.40034e-05
0
0
0
0
0
0
0
0
0
1.38763e-06
2.96032e-05
0
0.000389996
5.00573e-05
0.000318468
0.0466017
0.00169537
0.0596372
2.13661
0.0773136
0.0483226
0.396567
3.87532
2.64668
7.95229
5.1918
4.4098
3.1209
6.30647
5.28679
10.1769
2.32043
1.94839
3.25339
4.36985
7.16122
6.66149
5.49545
2.24938
7.46394
11.9302
12.1455
8.55263
9.08468
10.5932
12.2209
12.3984
13.711
12.086
9.20221
2.98862
9.8465
2.85301
0.894043
0.627227
0.000392356
0.000684055
0.051725
1.36958e-05
9.20401e-05
0.000648811
1.43016e-06
2.77341e-06
0
0
0
0
0
0
0
0
0
0
0
0
0
0
0
0
0
0
0
0
0
7.95142e-06
0.000275332
0.00859461
0.00605697
0.184697
0.419886
0.404335
0.159348
0.12115
0.0256485
2.07914
0.158024
0.0163486
0.00648105
0.00379004
0.370126
1.91246
1.04459
2.44167
3.78576
1.71189
1.34555
3.81665
4.19231
7.58945
12.2338
11.6841
9.87185
5.43416
3.07463
0.998314
0.570799
0.16069
0.0244067
1.02648e-05
0
0
0
0
0
0
0
0
0
0
0
0
0
0
0
0
0
0
0
0
0
0
0
0
0
0
0
0
0
0
0
0
0
1.84558e-06
2.56794e-06
1.82538e-06
1.56593e-05
7.53888e-06
0.000122391
0.147248
0.000353437
0
0
0
0.000175934
0.000459404
0.00160303
0.0300294
0.242736
0.0818692
0.026002
0.582249
1.668
2.51363
11.9089
8.28697
4.90929
1.22182
0.267432
0.27423
0.0188803
0.000125689
0
0
0
0
0
0
0
0
0
0
0
0
0
0
0
0
0
0
0
0
0
0
0
0
0
0
0
0
0
0
0
0
0
0
0
0
0
0
0
0
0
0
0
0
0
7.18404e-06
0.000402542
0.0026983
0.00260612
0
9.38718e-06
2.50978e-05
0.00050597
0.0134317
0.0516581
1.74317
2.86748
1.06894
0.254609
0.0311297
5.60784e-05
0.000284928
7.42535e-05
0
0
0
0
0
0
0
0
0
0
0
0
0
0
0
0
0
0
0
0
0
0
0
0
0
0
0
0
0
0
0
0
0
0
0
0
0
0
0
0
0
0
0
0
4.73823e-05
0.000935136
0.00344956
0.0154157
0.0218844
0.0185473
0.0110902
3.57875e-05
0.000517385
0.00022171
0.00220223
0.121155
0.767393
0.146351
0.00453509
0.000549695
0.000111782
7.53592e-06
0
0
0
0
0
0
0
0
0
0
0
0
0
0
0
0
0
0
0
0
0
0
0
0
0
0
0
0
0
0
0
0
0
0
0
0
0
0
0
0
0
0
0
0
0
4.45725e-06
0.000414601
0.00899424
0.0266898
0.0339402
0.0210874
0.0155693
0.0113801
0.00179104
0.00836465
0.00381757
0.00609943
0.054702
0.0813478
0.00320103
0.000151738
0.000112043
2.34768e-05
4.45843e-06
0
0
0
0
0
0
0
0
0
0
0
0
0
0
0
0
0
0
0
0
0
0
0
0
0
0
0
0
0
0
0
0
0
0
0
0
0
0
0
0
0
0
0
0
9.82024e-06
5.54221e-05
0.000544813
0.00223975
0.00806625
0.00634792
0.00338246
0.00180556
0.00179749
0.000744781
0.00880062
0.00433173
0.0175666
0.0353351
0.0126909
0.000183037
3.10032e-05
2.36026e-05
8.44572e-06
2.03643e-06
0
0
0
0
0
0
0
0
0
0
0
0
0
0
0
0
0
0
0
0
0
0
0
0
0
0
0
0
0
0
0
0
0
0
0
0
0
0
0
0
0
0
0
0
4.19231e-06
0.000135785
0.000738648
0.000382931
0.000384391
5.2789e-05
6.12118e-05
0.000157287
0.000647671
0.00180976
0.00533807
0.0135703
0.0208692
0.0145489
0.0014357
1.17761e-05
2.62119e-06
1.26994e-06
0
0
0
0
0
0
0
0
0
0
0
0
0
0
0
0
0
0
0
0
0
0
0
0
0
0
0
0
0
0
0
0
0
0
0
0
0
0
0
0
0
0
0
0
0
0
0
0
3.71517e-06
1.32197e-05
3.14173e-05
5.94108e-06
0
1.35785e-06
5.34309e-06
2.99259e-05
0.000480342
0.00257521
0.00383107
0.00228995
4.7039e-05
0
0
0
0
0
0
0
0
0
0
0
0
0
0
0
0
0
0
0
0
0
0
0
0
0
0
0
0
0
0
0
0
0
0
0
0
0
0
0
0
0
0
0
0
0
0
0
0
0
0
0
0
0
1.84251e-06
0
0
0
0
0
3.2826e-06
5.7827e-05
0.000217512
7.67594e-05
1.1391e-05
0
0
0
0
0
0
0
0
0
0
0
0
0
0
0
0
0
0
0
0
0
0
0
0
0
0
0
0
0
0
0
0
0
0
0
0
0
0
0
0
0
0
0
0
0
0
0
0
0
0
0
0
0
0
0
0
0
0
0
0
0
2.22536e-05
3.34604e-05
2.29772e-05
3.3803e-06
0
0
0
0
0
0
0
0
0
0
0
0
0
0
0
0
0
0
0
0
0
0
0
0
0
0
0
0
0
0
0
0
0
0
0
0
0
0
0
0
0
0
0
0
0
0
0
0
0
0
0
0
0
0
0
0
0
0
0
0
0
0
1.55475e-06
0
0
0
0
0
0
0
0
0
0
0
0
0
0
0
0
0
0
0
0
0
0
0
0
0
0
0
0
0
0
0
0
0
0
0
0
0
0
0
0
0
0
0
0
0
0
0
0
0
0
0
0
0
0
0
0
0
0
0
0
0
0
0
0
0
0
0
0
0
0
0
0
0
0
0
0
0
0
0
0
0
0
0
0
0
0
0
0
0
0
0
0
0
0
0
0
0
0
0
0
0
0
0
0
0
0
0
0
0
0
0
0
0
0
0
0
0
0
0
0
0
0
0
0
0
0
0
0
0
0
0
0
0
0
0
0
0
0
0
0
0
0
0
0
0
0
0
0
0
0
0
0
0
0
0
0
0
0
0
0
0
0
0
0
0
0
0
0
0
0
0
0
0
0
0
0
0
0
0
0
0
0
0
0
0
0
0
0
0
0
0
0
0
0
0
0
0
0
0
0
0
0
0
0
0
0
0
0
0
0
0
0
0
0
0
0
0
0
0
0
0
0
0
0
0
0
0
0
0
0
0
0
0
0
0
0
0
0
0
0
0
0
0
0
0
0
0
0
0
0
0
0
0
0
0
0
0
0
0
0
0
0
0
0
0
0
0
0
0
0
0
0
0
0
0
0
0
0
0
0
0
0
0
0
0
0
0
0
0
0
0
0
0
0
0
0
0
0
0
0
0
0
0
0
0
0
0
0
0
0
0
0
0
0
0
0
0
0
0
0
0
0
0
0
0
0
0
0
0
0
0
0
0
0
0
0
0
0
0
0
0
0
0
0
0
0
0
0
0
0
0
0
0
0
0
0
0
0
0
0
0
0
0
0
0
0
0
0
0
0
0
0
0
0
0
0
0
0
0
0
0
0
0
0
0
0
0
0
0
0
0
0
0
0
0
0
0
0
0
0
0
0
0
0
0
0
0
0
0
0
0
0
0
0
0
0
0
0
0
0
0
0
0
0
0
0
0
0
0
0
0
0
0
0
0
0
0
0
0
0
0
0
0
0
0
0
0
0
0
0
0
0
0
0
0
0
0
0
0
0
0
0
0
0
0
0
0
0
0
0
0
0
0
0
0
0
0
0
0
0
0
0
0
0
0
0
0
0
0
0
0
0
0
0
0
0
0
0
0
0
0
0
0
0
0
0
0
0
0
0
0
0
0
0
0
0
0
0
0
0
0
0
0
0
0
0
0
0
0
0
0
0
0
0
0
0
0
0
0
0
0
0
0
0
0
0
0
0
0
0
0
0
0
0
0
0
0
0
0
0
0
0
0
0
0
0
0
0
0
0
0
0
0
0
0
0
0
0
0
0
0
0
0
0
0
0
0
0
0
0
0
0
0
0
0
0
0
0
0
0
0
0
0
0
0
0
0
0
0
0
0
0
0
0
0
0
0
0
0
0
0
0
0
0
0
0
0
0
0
0
0
0
0
0
0
0
0
0
0
0
0
0
0
0
0
0
0
0
0
0
0
0
0
0
0
0
0
0
0
0
0
0
0
0
0
0
0
0
0
0
0
0
0
0
0
0
0
0
0
0
0
0
0
0
0
0
0
0
0
0
0
0
0
0
0
0
0
0
0
0
0
0
0
0
0
0
0
0
0
0
0
0
0
0
0
0
0
0
0
0
0
0
0
0
0
0
0
0
0
0
0
0
0
0
0
0
0
0
0
0
0
0
0
0
0
0
0
0
0
0
0
0
0
0
0
0
0
0
0
0
0
0
0
0
0
0
0
0
0
0
0
0
0
0
0
0
0
0
0
0
0
0
0
0
0
0
0
0
0
0
0
0
0
0
0
0
0
0
0
0
0
0
0
0
0
0
0
0
0
0
0
0
0
0
0
0
0
0
0
0
0
0
0
0
0
0
0
0
0
0
0
0
0
0
0
0
0
0
0
0
0
0
0
0
0
0
0
0
0
0
0
0
0
0
0
0
0
0
0
0
0
0
0
0
0
0
0
0
0
0
0
0
0
0
0
0
0
0
0
0
0
0
0
0
0
0
0
0
0
0
0
0
0
0
0
0
0
0
0
0
0
0
0
0
0
0
0
0
0
0
0
0
0
0
0
0
0
0
0
0
0
0
0
0
0
0
0
0
0
0
0
0
0
0
0
0
0
0
0
0
0
0
0
0
0
0
0
0
0
0
0
0
0
0
0
0
0
0
0
0
0
0
0
0
0
0
0
0
0
0
0
0
0
0
0
0
0
0
0
0
0
0
0
0
0
0
0
0
0
0
0
0
0
0
0
0
0
0
0
0
0
0
0
0
0
0
0
0
0
0
0
0
0
0
0
0
0
0
0
0
0
0
0
0
0
0
0
0
0
0
0
0
0
0
0
0
0
0
0
0
0
0
0
0
0
0
0
0
0
0
0
0
0
0
0
0
0
0
0
0
0
0
0
0
0
0
0
0
0
0
0
0
0
0
0
0
0
0
0
0
0
0
0
0
0
0
0
0
0
0
0
0
0
0
0
0
0
0
0
0
0
0
0
0
0
0
0
0
0
0
0
0
0
0
0
0
0
0
0
0
0
0
0
0
0
0
0
0
0
0
0
0
0
0
0
0
0
0
0
0
0
0
0
0
0
0
0
0
0
0
0
0
0
0
0
0
0
0
0
0
0
0
0
0
0
0
0
0
0
0
0
0
0
0
0
0
0
0
0
0
0
0
0
0
0
0
0
0
0
0
0
0
0
0
0
0
0
0
0
0
0
0
0
0
0
0
0
0
0
0
0
0
0
0
0
0
0
0
0
0
0
0
0
0
0
0
0
0
0
0
0
0
0
0
0
0
0
0
0
0
0
0
0
0
0
0
0
0
0
0
0
0
0
0
0
0
0
0
0
0
0
0
0
0
0
0
0
0
0
0
0
0
0
0
0
0
0
0
0
0
0
0
0
0
0
0
0
0
0
0
0
0
0
0
0
0
0
0
0
0
0
0
0
0
0
0
0
0
0
0
0
0
0
0
0
0
0
0
0
0
0
0
0
0
0
0
0
0
0
0
0
0
0
0
0
0
0
0
0
0
0
0
0
0
0
0
0
0
0
0
0
0
0
0
0
0
0
0
0
0
0
0
0
0
0
0
0
0
0
0
0
0
0
0
0
0
0
0
0
0
0
0
0
0
0
0
0
0
0
0
0
0
0
0
0
0
0
0
0
0
0
0
0
0
0
0
0
0
0
0
0
0
0
0
0
0
0
0
0
0
0
0
0
0
0
0
0
0
0
0
0
0
0
0
0
0
0
0
0
0
0
0
0
0
0
0
0
0
0
0
0
0
0
0
0
0
0
0
0
0
0
0
0
0
0
0
0
0
0
0
0
0
0
0
0
0
0
0
0
0
0
0
0
0
0
0
0
0
0
0
0
0
0
0
0
0
0
0
0
0
0
0
0
0
0
0
0
0
0
0
0
0
0
0
0
0
0
0
0
0
0
0
0
0
0
0
0
0
0
0
0
0
0
0
0
0
0
0
0
0
0
0
0
0
0
0
0
0
0
0
0
0
0
0
0
0
0
0
0
0
0
0
0
0
0
0
0
0
0
0
0
0
0
0
0
0
0
0
0
0
0
0
0
0
0
0
0
0
0
0
0
0
0
0
0
0
0
0
0
0
0
0
0
0
0
0
0
0
0
0
0
0
0
0
0
0
0
0
0
0
0
0
0
0
0
0
0
0
0
0
0
0
0
0
0
0
0
0
0
0
0
0
0
0
0
0
0
0
0
0
0
0
0
0
0
0
0
0
0
0
0
0
0
0
0
0
0
0
0
0
0
0
0
0
0
0
0
0
0
0
0
0
0
0
0
0
0
0
0
0
0
0
0
0
0
0
0
0
0
0
0
0
0
0
0
0
0
0
0
0
0
0
0
0
0
0
0
0
0
0
0
0
0
0
0
0
0
0
0
0
0
0
0
0
0
0
0
0
0
0
0
0
0
0
0
0
0
0
0
0
0
0
0
0
0
0
0
0
0
0
0
0
0
0
0
0
0
0
0
0
0
0
0
0
0
0
0
0
0
0
0
0
0
0
0
0
0
0
0
0
0
0
0
0
0
0
0
0
0
0
0
0
0
0
0
0
0
0
0
0
0
0
0
0
0
0
0
0
0
0
0
0
0
0
0
0
0
0
0
0
0
0
0
0
0
0
0
0
0
0
0
0
0
0
0
0
0
0
0
0
0
0
0
0
0
0
0
0
0
0
0
0
0
0
0
0
0
0
0
0
0
0
0
0
0
0
0
0
0
0
0
0
0
0
0
0
0
0
0
0
0
0
0
0
0
0
0
0
0
0
0
0
0
0
0
0
0
0
0
0
0
0
0
0
0
0
0
0
0
0
0
0
0
0
0
0
0
0
0
0
0
0
0
0
0
0
0
0
0
0
0
0
0
0
0
0
0
0
0
0
0
0
0
0
0
0
0
0
0
0
0
0
0
0
0
0
0
0
0
0
0
0
0
0
0
0
0
0
0
0
0
0
0
0
0
0
0
0
0
0
0
0
0
0
0
0
0
0
0
0
0
0
0
0
0
0
0
0
0
0
0
0
0
0
0
0
0
0
0
0
0
0
0
0
0
0
0
0
0
0
0
0
0
0
0
0
0
0
0
0
0
0
0
0
0
0
0
0
0
0
0
0
0
0
0
0
0
0
0
0
0
0
0
0
0
0
0
0
0
0
0
0
0
0
0
0
0
0
0
0
0
0
0
0
0
0
0
0
0
0
0
0
0
0
0
0
0
0
0
0
0
0
0
0
0
0
0
0
0
0
0
0
0
0
0
0
0
0
0
0
0
0
0
0
0
0
0
0
0
0
0
0
0
0
0
0
0
0
0
0
0
0
0
0
0
0
0
0
0
0
0
0
0
0
0
0
0
0
0
0
0
0
0
0
0
0
0
0
0
0
0
0
0
0
0
0
0
0
0
0
0
0
0
0
0
0
0
0
0
0
0
0
0
0
0
0
0
0
0
0
0
0
0
0
0
0
0
0
0
0
0
0
0
0
0
0
0
0
0
0
0
0
0
0
0
0
0
0
0
0
0
0
0
0
0
0
0
0
0
0
0
0
0
0
0
0
0
0
0
0
0
0
0
0
0
0
0
0
0
0
0
0
0
0
0
0
0
0
0
0
0
0
0
0
0
0
0
0
0
0
0
0
0
0
0
0
0
0
0
0
0
0
0
0
0
0
0
0
0
0
0
0
0
0
0
0
0
0
0
0
0
0
0
0
0
0
0
0
0
0
0
0
0
0
0
0
0
0
0
0
0
0
0
0
0
0
0
0
0
0
0
0
0
0
0
0
0
0
0
0
0
0
0
0
0
0
0
0
0
0
0
0
0
0
0
0
0
0
0
0
0
0
0
0
0
0
0
0
0
0
0
0
0
0
0
0
0
0
0
0
0
0
0
0
0
0
0
0
0
0
0
0
0
0
0
0
0
0
0
0
0
0
0
0
0
0
0
0
0
0
0
0
0
0
0
0
0
0
0
0
0
0
0
0
0
0
0
0
0
0
0
0
0
0
0
0
0
0
0
0
0
0
0
0
0
0
0
0
0
0
0
0
0
0
0
0
0
0
0
0
0
0
0
0
0
0
0
0
0
0
0
0
0
0
0
0
0
0
0
0
0
0
0
0
0
0
0
0
0
0
0
0
0
0
0
0
0
0
0
0
0
0
0
0
0
0
0
0
0
0
0
0
0
0
0
0
0
0
0
0
0
0
0
0
0
0
0
0
0
0
0
0
0
0
0
0
0
0
0
0
0
0
0
0
0
0
0
0
0
0
0
0
0
0
0
0
0
0
0
0
0
0
0
0
0
0
0
0
0
0
0
0
0
0
0
0
0
0
0
0
0
0
0
0
0
0
0
0
0
0
0
0
0
0
0
0
0
0
0
0
0
0
0
0
0
0
0
0
0
0
0
0
0
0
0
0
0
0
0
0
0
0
0
0
0
0
0
0
0
0
0
0
0
0
0
0
0
0
0
0
0
0
0
0
0
0
0
0
0
0
0
0
0
0
0
0
0
0
0
0
0
0
0
0
0
0
0
0
0
0
0
0
0
0
0
0
0
0
0
0
0
0
0
0
0
0
0
0
0
0
0
0
0
0
0
0
0
0
0
0
0
0
0
0
0
0
0
0
0
0
0
0
0
0
0
0
0
0
0
0
0
0
0
0
0
0
0
0
0
0
0
0
0
0
0
0
0
0
0
0
0
0
0
0
0
0
0
0
0
0
0
0
0
0
0
0
0
0
0
0
0
0
0
0
0
0
0
0
0
0
0
0
0
0
0
0
0
0
0
0
0
0
0
0
0
0
0
0
0
0
0
0
0
0
0
0
0
0
0
0
0
0
0
0
0
0
0
0
0
0
0
0
0
0
0
0
0
0
0
0
0
0
0
0
0
0
0
0
0
0
0
0
0
0
0
0
0
0
0
0
0
0
0
0
0
0
0
0
0
0
0
0
0
0
0
0
0
0
0
0
0
0
0
0
0
0
0
0
0
0
0
0
0
0
0
0
0
0
0
0
0
0
0
0
0
0
0
0
0
0
0
0
0
0
0
0
0
0
0
0
0
0
0
0
0
0
0
0
0
0
0
0
0
0
0
0
0
0
0
0
0
0
0
0
0
0
0
0
0
0
0
0
0
0
0
0
0
0
0
0
0
0
0
0
0
0
0
0
0
0
0
0
0
0
0
0
0
0
0
0
0
0
0
0
0
0
0
0
0
0
0
0
0
0
0
0
0
0
0
0
0
0
0
0
0
0
0
0
0
0
0
0
0
0
0
0
0
0
0
0
0
0
0
0
0
0
0
0
0
0
0
0
0
0
0
0
0
0
0
0
0
0
0
0
0
0
0
0
0
0
0
0
0
0
0
0
0
0
0
0
0
0
0
0
0
0
0
0
0
0
0
0
0
0
0
0
0
0
0
0
0
0
0
0
0
0
0
0
0
0
0
0
0
0
0
0
0
0
0
0
0
0
0
0
0
0
0
0
0
0
0
0
0
0
0
0
0
0
0
0
0
0
0
0
0
0
0
0
0
0
0
0
0
0
0
0
0
0
0
0
0
0
0
0
0
0
0
0
0
0
0
0
0
0
0
0
0
0
0
0
0
0
0
0
0
0
0
0
0
0
0
0
7.57046e-06
0.000462313
0.0266583
0.223833
0.310883
0.337356
0.581758
3.18422
5.97403
6.52542
6.42598
6.38013
7.37889
9.03329
9.52466
10.9407
10.5309
11.7624
12.234
11.5018
13.7025
12.3561
15.0653
8.54904
8.68587
8.3963
10.5377
13.7025
14.8631
14.5428
9.8733
9.79965
9.47137
9.79091
9.49242
8.64049
10.0161
11.2307
10.8391
11.7578
13.1273
14.0223
13.8949
11.8711
10.9232
9.22065
7.81848
3.8519
0.86483
0.38261
0.0808472
0.0192836
0.00788381
0.00136776
0.00018695
4.99088e-06
0
0
0
0
0
0
0
2.48864e-05
0.000212076
0.00351298
0.0271717
0.129513
0.263696
0.479246
0.920483
2.40302
5.37533
6.9547
7.62246
7.84141
9.07431
9.09563
10.1183
10.9851
10.6683
10.9711
11.796
11.5787
11.8729
11.6941
14.8423
9.52525
10.079
7.42446
10.1336
12.1018
15.4406
15.2972
11.167
9.92276
9.8628
9.72645
9.31133
8.50296
10.4656
11.9208
11.0673
11.7244
12.9864
13.8521
13.3523
11.5825
10.7529
9.05482
7.90843
4.70891
1.4938
0.471379
0.19788
0.0730065
0.0373902
0.0176644
0.00355312
0.000244181
1.5865e-05
0
0
0
0
0
0
1.88441e-05
0.000198568
0.00343214
0.00465555
0.0689287
0.0343111
0.253775
0.244588
0.589502
4.01385
2.87742
5.60861
2.80739
0.449225
3.02987
8.24769
10.0059
9.06289
10.9629
11.0086
10.4226
10.5444
11.1868
10.8075
10.2428
10.5867
8.7323
10.1254
10.9019
14.4576
14.4245
13.5038
11.2049
10.0724
9.48483
9.73621
10.7192
11.5491
12.2498
11.6577
13.0258
12.1248
12.9555
12.3161
10.6296
9.68274
7.89286
4.30418
5.02063
0.163477
0.0882938
0.0108686
0.00416827
0.0312705
0.00170621
0.00199549
0.000426881
7.83357e-06
0
0
0
0
0
0
0
2.51278e-05
0.00050994
3.31145e-06
0.00703915
0
0
0.00957643
6.24346e-05
0.0576052
0.00139121
0.384593
0.195494
0.238775
0.269075
1.46399
3.09912
1.23384
6.67068
5.87845
2.30893
2.38942
3.8141
8.53726
8.58595
1.35634
7.49779
12.3727
13.9897
14.0959
14.936
13.1604
12.2665
11.7842
7.87274
10.9604
11.1032
10.4562
12.21
12.3874
12.2846
12.2461
8.33441
10.3454
4.67911
2.57432
3.23706
0.107414
1.88583
0.00416379
0.000594717
0
0
0.00338624
6.06055e-05
0.000428263
9.43219e-05
0
0
0
0
0
0
0
0
0
0
0
0
0
0
0
0
0
0
0
0
0
2.29235e-05
0.000717752
0.0129839
0.0549855
0.195363
0.359548
0.191845
0.111164
0.0671041
0.26788
3.11158
0.0361368
0.0166437
2.52228
2.84079
2.77747
3.89495
4.97251
2.94671
3.66463
5.39651
8.52689
6.55504
5.9007
8.23029
10.3205
11.2206
11.4934
5.72085
4.65832
1.40627
0.208805
0.032015
0.000123052
0
0
0
0
0
0
0
0
0
0
0
0
0
0
0
0
0
0
0
0
0
0
0
0
0
0
0
0
0
0
0
0
0
0
0
1.58759e-06
6.12453e-06
3.88112e-05
2.80142e-05
0.000220282
0.728587
0.000504318
0
0.00577293
0.032968
0.0154071
0.177116
0.38676
0.268688
1.14012
2.4831
3.65923
1.34387
3.6683
5.23047
7.83328
9.36467
5.92618
2.35172
1.11759
0.273443
0.0204795
1.09455e-06
0
0
0
0
0
0
0
0
0
0
0
0
0
0
0
0
0
0
0
0
0
0
0
0
0
0
0
0
0
0
0
0
0
0
0
0
0
0
0
0
1.13457e-05
8.21509e-05
0.00109822
0.0140731
0.00238197
0.0366347
0.0631498
0.119204
0.115063
0.0151766
0.0166232
0.532635
0.468562
0.0561207
0.62428
1.17546
1.35818
0.93509
0.250811
0.0173455
5.52691e-05
3.06733e-06
0
0
0
0
0
0
0
0
0
0
0
0
0
0
0
0
0
0
0
0
0
0
0
0
0
0
0
0
0
0
0
0
0
0
0
0
0
0
0
0
0
0
0.000143213
0.00153068
0.010814
0.061137
0.433281
1.05841
1.88106
1.61344
0.382478
0.0421333
0.000908677
0.0947799
0.0125027
0.0814091
0.123675
0.192344
0.023276
0.00278466
0.00186338
8.99692e-05
6.78829e-06
0
0
0
0
0
0
0
0
0
0
0
0
0
0
0
0
0
0
0
0
0
0
0
0
0
0
0
0
0
0
0
0
0
0
0
0
0
0
0
0
0
0
0
0.000116977
0.00254005
0.0165749
0.0202524
0.0272273
0.0275845
0.0342613
0.0532502
0.05968
0.0476942
0.00367327
0.0701596
0.0191713
0.0254375
0.0209431
0.0503723
0.00151551
0.000458959
0.000254668
2.4706e-05
1.52826e-06
0
0
0
0
0
0
0
0
0
0
0
0
0
0
0
0
0
0
0
0
0
0
0
0
0
0
0
0
0
0
0
0
0
0
0
0
0
0
0
0
0
0
0
1.06192e-05
0.00109612
0.00318499
0.00179482
0.00223318
0.000488946
0.000849289
0.00121717
0.000951579
0.000907588
0.00112311
0.00245062
0.00857983
0.018855
0.0143442
0.0158227
0.000909183
8.07908e-05
2.30357e-05
3.43786e-06
0
0
0
0
0
0
0
0
0
0
0
0
0
0
0
0
0
0
0
0
0
0
0
0
0
0
0
0
0
0
0
0
0
0
0
0
0
0
0
0
0
0
0
0
0
3.43339e-05
0.000110843
0.0002598
0.000127071
5.30686e-05
1.74601e-05
4.97679e-05
5.05081e-05
8.10146e-05
0.000211651
0.00185727
0.00753493
0.0103842
0.00745214
0.000682769
8.35142e-05
9.46852e-06
0
0
0
0
0
0
0
0
0
0
0
0
0
0
0
0
0
0
0
0
0
0
0
0
0
0
0
0
0
0
0
0
0
0
0
0
0
0
0
0
0
0
0
0
0
0
0
0
0
0
0
0
0
2.26409e-06
1.28291e-06
0
0
4.82343e-05
0.000240853
5.03551e-05
6.89035e-05
3.58268e-05
3.49224e-06
0
0
0
0
0
0
0
0
0
0
0
0
0
0
0
0
0
0
0
0
0
0
0
0
0
0
0
0
0
0
0
0
0
0
0
0
0
0
0
0
0
0
0
0
0
0
0
0
0
0
0
0
0
0
0
0
0
0
0
0
0
0
2.75167e-06
1.29489e-06
0
0
0
0
0
0
0
0
0
0
0
0
0
0
0
0
0
0
0
0
0
0
0
0
0
0
0
0
0
0
0
0
0
0
0
0
0
0
0
0
0
0
0
0
0
0
0
0
0
0
0
0
0
0
0
0
0
0
0
0
0
0
0
0
0
0
0
0
0
0
0
0
0
0
0
0
0
0
0
0
0
0
0
0
0
0
0
0
0
0
0
0
0
0
0
0
0
0
0
0
0
0
0
0
0
0
0
0
0
0
0
0
0
0
0
0
0
0
0
0
0
0
0
0
0
0
0
0
0
0
0
0
0
0
0
0
0
0
0
0
0
0
0
0
0
0
0
0
0
0
0
0
0
0
0
0
0
0
0
0
0
0
0
0
0
0
0
0
0
0
0
0
0
0
0
0
0
0
0
0
0
0
0
0
0
0
0
0
0
0
0
0
0
0
0
0
0
0
0
0
0
0
0
0
0
0
0
0
0
0
0
0
0
0
0
0
0
0
0
0
0
0
0
0
0
0
0
0
0
0
0
0
0
0
0
0
0
0
0
0
0
0
0
0
0
0
0
0
0
0
0
0
0
0
0
0
0
0
0
0
0
0
0
0
0
0
0
0
0
0
0
0
0
0
0
0
0
0
0
0
0
0
0
0
0
0
0
0
0
0
0
0
0
0
0
0
0
0
0
0
0
0
0
0
0
0
0
0
0
0
0
0
0
0
0
0
0
0
0
0
0
0
0
0
0
0
0
0
0
0
0
0
0
0
0
0
0
0
0
0
0
0
0
0
0
0
0
0
0
0
0
0
0
0
0
0
0
0
0
0
0
0
0
0
0
0
0
0
0
0
0
0
0
0
0
0
0
0
0
0
0
0
0
0
0
0
0
0
0
0
0
0
0
0
0
0
0
0
0
0
0
0
0
0
0
0
0
0
0
0
0
0
0
0
0
0
0
0
0
0
0
0
0
0
0
0
0
0
0
0
0
0
0
0
0
0
0
0
0
0
0
0
0
0
0
0
0
0
0
0
0
0
0
0
0
0
0
0
0
0
0
0
0
0
0
0
0
0
0
0
0
0
0
0
0
0
0
0
0
0
0
0
0
0
0
0
0
0
0
0
0
0
0
0
0
0
0
0
0
0
0
0
0
0
0
0
0
0
0
0
0
0
0
0
0
0
0
0
0
0
0
0
0
0
0
0
0
0
0
0
0
0
0
0
0
0
0
0
0
0
0
0
0
0
0
0
0
0
0
0
0
0
0
0
0
0
0
0
0
0
0
0
0
0
0
0
0
0
0
0
0
0
0
0
0
0
0
0
0
0
0
0
0
0
0
0
0
0
0
0
0
0
0
0
0
0
0
0
0
0
0
0
0
0
0
0
0
0
0
0
0
0
0
0
0
0
0
0
0
0
0
0
0
0
0
0
0
0
0
0
0
0
0
0
0
0
0
0
0
0
0
0
0
0
0
0
0
0
0
0
0
0
0
0
0
0
0
0
0
0
0
0
0
0
0
0
0
0
0
0
0
0
0
0
0
0
0
0
0
0
0
0
0
0
0
0
0
0
0
0
0
0
0
0
0
0
0
0
0
0
0
0
0
0
0
0
0
0
0
0
0
0
0
0
0
0
0
0
0
0
0
0
0
0
0
0
0
0
0
0
0
0
0
0
0
0
0
0
0
0
0
0
0
0
0
0
0
0
0
0
0
0
0
0
0
0
0
0
0
0
0
0
0
0
0
0
0
0
0
0
0
0
0
0
0
0
0
0
0
0
0
0
0
0
0
0
0
0
0
0
0
0
0
0
0
0
0
0
0
0
0
0
0
0
0
0
0
0
0
0
0
0
0
0
0
0
0
0
0
0
0
0
0
0
0
0
0
0
0
0
0
0
0
0
0
0
0
0
0
0
0
0
0
0
0
0
0
0
0
0
0
0
0
0
0
0
0
0
0
0
0
0
0
0
0
0
0
0
0
0
0
0
0
0
0
0
0
0
0
0
0
0
0
0
0
0
0
0
0
0
0
0
0
0
0
0
0
0
0
0
0
0
0
0
0
0
0
0
0
0
0
0
0
0
0
0
0
0
0
0
0
0
0
0
0
0
0
0
0
0
0
0
0
0
0
0
0
0
0
0
0
0
0
0
0
0
0
0
0
0
0
0
0
0
0
0
0
0
0
0
0
0
0
0
0
0
0
0
0
0
0
0
0
0
0
0
0
0
0
0
0
0
0
0
0
0
0
0
0
0
0
0
0
0
0
0
0
0
0
0
0
0
0
0
0
0
0
0
0
0
0
0
0
0
0
0
0
0
0
0
0
0
0
0
0
0
0
0
0
0
0
0
0
0
0
0
0
0
0
0
0
0
0
0
0
0
0
0
0
0
0
0
0
0
0
0
0
0
0
0
0
0
0
0
0
0
0
0
0
0
0
0
0
0
0
0
0
0
0
0
0
0
0
0
0
0
0
0
0
0
0
0
0
0
0
0
0
0
0
0
0
0
0
0
0
0
0
0
0
0
0
0
0
0
0
0
0
0
0
0
0
0
0
0
0
0
0
0
0
0
0
0
0
0
0
0
0
0
0
0
0
0
0
0
0
0
0
0
0
0
0
0
0
0
0
0
0
0
0
0
0
0
0
0
0
0
0
0
0
0
0
0
0
0
0
0
0
0
0
0
0
0
0
0
0
0
0
0
0
0
0
0
0
0
0
0
0
0
0
0
0
0
0
0
0
0
0
0
0
0
0
0
0
0
0
0
0
0
0
0
0
0
0
0
0
0
0
0
0
0
0
0
0
0
0
0
0
0
0
0
0
0
0
0
0
0
0
0
0
0
0
0
0
0
0
0
0
0
0
0
0
0
0
0
0
0
0
0
0
0
0
0
0
0
0
0
0
0
0
0
0
0
0
0
0
0
0
0
0
0
0
0
0
0
0
0
0
0
0
0
0
0
0
0
0
0
0
0
0
0
0
0
0
0
0
0
0
0
0
0
0
0
0
0
0
0
0
0
0
0
0
0
0
0
0
0
0
0
0
0
0
0
0
0
0
0
0
0
0
0
0
0
0
0
0
0
0
0
0
0
0
0
0
0
0
0
0
0
0
0
0
0
0
0
0
0
0
0
0
0
0
0
0
0
0
0
0
0
0
0
0
0
0
0
0
0
0
0
0
0
0
0
0
0
0
0
0
0
0
0
0
0
0
0
0
0
0
0
0
0
0
0
0
0
0
0
0
0
0
0
0
0
0
0
0
0
0
0
0
0
0
0
0
0
0
0
0
0
0
0
0
0
0
0
0
0
0
0
0
0
0
0
0
0
0
0
0
0
0
0
0
0
0
0
0
0
0
0
0
0
0
0
0
0
0
0
0
0
0
0
0
0
0
0
0
0
0
0
0
0
0
0
0
0
0
0
0
0
0
0
0
0
0
0
0
0
0
0
0
0
0
0
0
0
0
0
0
0
0
0
0
0
0
0
0
0
0
0
0
0
0
0
0
0
0
0
0
0
0
0
0
0
0
0
0
0
0
0
0
0
0
0
0
0
0
0
0
0
0
0
0
0
0
0
0
0
0
0
0
0
0
0
0
0
0
0
0
0
0
0
0
0
0
0
0
0
0
0
0
0
0
0
0
0
0
0
0
0
0
0
0
0
0
0
0
0
0
0
0
0
0
0
0
0
0
0
0
0
0
0
0
0
0
0
0
0
0
0
0
0
0
0
0
0
0
0
0
0
0
0
0
0
0
0
0
0
0
0
0
0
0
0
0
0
0
0
0
0
0
0
0
0
0
0
0
0
0
0
0
0
0
0
0
0
0
0
0
0
0
0
0
0
0
0
0
0
0
0
0
0
0
0
0
0
0
0
0
0
0
0
0
0
0
0
0
0
0
0
0
0
0
0
0
0
0
0
0
0
0
0
0
0
0
0
0
0
0
0
0
0
0
0
0
0
0
0
0
0
0
0
0
0
0
0
0
0
0
0
0
0
0
0
0
0
0
0
0
0
0
0
0
0
0
0
0
0
0
0
0
0
0
0
0
0
0
0
0
0
0
0
0
0
0
0
0
0
0
0
0
0
0
0
0
0
0
0
0
0
0
0
0
0
0
0
0
0
0
0
0
0
0
0
0
0
0
0
0
0
0
0
0
0
0
0
0
0
0
0
0
0
0
0
0
0
0
0
0
0
0
0
0
0
0
0
0
0
0
0
0
0
0
0
0
0
0
0
0
0
0
0
0
0
0
0
0
0
0
0
0
0
0
0
0
0
0
0
0
0
0
0
0
0
0
0
0
0
0
0
0
0
0
0
0
0
0
0
0
0
0
0
0
0
0
0
0
0
0
0
0
0
0
0
0
0
0
0
0
0
0
0
0
0
0
0
0
0
0
0
0
0
0
0
0
0
0
0
0
0
0
0
0
0
0
0
0
0
0
0
0
0
0
0
0
0
0
0
0
0
0
0
0
0
0
0
0
0
0
0
0
0
0
0
0
0
0
0
0
0
0
0
0
0
0
0
0
0
0
0
0
0
0
0
0
0
0
0
0
0
0
0
0
0
0
0
0
0
0
0
0
0
0
0
0
0
0
0
0
0
0
0
0
0
0
0
0
0
0
0
0
0
0
0
0
0
0
0
0
0
0
0
0
0
0
0
0
0
0
0
0
0
0
0
0
0
0
0
0
0
0
0
0
0
0
0
0
0
0
0
0
0
0
0
0
0
0
0
0
0
0
0
0
0
0
0
0
0
0
0
0
0
0
0
0
0
0
0
0
0
0
0
0
0
0
0
0
0
0
0
0
0
0
0
0
0
0
0
0
0
0
0
0
0
0
0
0
0
0
0
0
0
0
0
0
0
0
0
0
0
0
0
0
0
0
0
0
0
0
0
0
0
0
0
0
0
0
0
0
0
0
0
0
0
0
0
0
0
0
0
0
0
0
0
0
0
0
0
0
0
0
0
0
0
0
0
0
0
0
0
0
0
0
0
0
0
0
0
0
0
0
0
0
0
0
0
0
0
0
0
0
0
0
0
0
0
0
0
0
0
0
0
0
0
0
0
0
0
0
0
0
0
0
0
0
0
0
0
0
0
0
0
0
0
0
0
0
0
0
0
0
0
0
0
0
0
0
0
0
0
0
0
0
0
0
0
0
0
0
0
0
0
0
0
0
0
0
0
0
0
0
0
0
0
0
0
0
0
0
0
0
0
0
0
0
0
0
0
0
0
0
0
0
0
0
0
0
0
0
0
0
0
0
0
0
0
0
0
0
0
0
0
0
0
0
0
0
0
0
0
0
0
0
0
0
0
0
0
0
0
0
0
0
0
0
0
0
0
0
0
0
0
0
0
0
0
0
0
0
0
0
0
0
0
0
0
0
0
0
0
0
0
0
0
0
0
0
0
0
0
0
0
0
0
0
0
0
0
0
0
0
0
0
0
0
0
0
0
0
0
0
0
0
0
0
0
0
0
0
0
0
0
0
0
0
0
0
0
0
0
0
0
0
0
0
0
0
0
0
0
0
0
0
0
0
0
0
0
0
0
0
0
0
0
0
0
0
0
0
0
0
0
0
0
0
0
0
0
0
0
0
0
0
0
0
0
0
0
0
0
0
0
0
0
0
0
0
0
0
0
0
0
0
0
0
0
0
0
0
0
0
0
0
0
0
0
0
0
0
0
0
0
0
0
0
0
0
0
0
0
0
0
0
0
0
0
0
0
0
0
0
0
0
0
0
0
0
0
0
0
0
0
0
0
0
0
0
0
0
0
0
0
0
0
0
0
0
0
0
0
0
0
0
0
0
0
0
0
0
0
0
0
0
0
0
0
0
0
0
0
0
0
0
0
0
0
0
0
0
0
0
0
0
0
0
0
0
0
0
0
0
0
0
0
0
0
0
0
0
0
0
0
0
0
0
0
0
0
0
0
0
0
0
0
0
0
0
0
0
0
0
0
0
0
0
0
0
0
0
0
0
0
0
0
0
0
0
0
0
0
0
0
0
0
0
0
0
0
0
0
0
0
0
0
0
0
0
0
0
0
0
0
0
0
0
0
0
0
0
0
0
0
0
0
0
0
0
0
0
0
0
0
0
0
0
0
0
0
0
0
0
0
0
0
0
0
0
0
0
0
0
0
0
0
0
0
0
0
0
0
0
0
0
0
0
0
0
0
0
0
0
0
0
0
0
0
0
0
0
0
0
0
0
0
0
0
0
0
0
0
0
0
0
0
0
0
0
0
0
0
0
0
0
0
0
0
0
0
0
0
0
0
0
0
0
0
0
0
0
0
0
0
0
0
0
0
0
0
0
0
0
0
0
0
0
0
0
0
0
0
0
0
0
0
0
0
0
0
0
0
0
0
0
0
0
0
0
0
0
0
0
0
0
0
0
0
0
0
0
0
0
0
0
0
0
0
0
0
0
0
0
0
0
0
0
0
0
0
0
0
0
0
0
0
0
0
0
0
0
0
0
0
0
0
0
0
0
0
0
0
0
0
0
0
0
0
0
0
0
0
0
0
0
0
0
0
0
0
0
0
0
0
0
0
0
0
0
0
0
0
0
0
0
0
0
0
0
0
0
0
0
0
0
0
0
0
0
0
0
0
0
0
0
0
0
0
0
0
0
0
0
0
0
0
0
0
0
0
0
0
0
0
0
0
0
0
0
0
0
0
0
0
0
0
0
0
0
0
0
0
0
0
0
0
0
0
0
0
0
0
0
0
0
0
0
0
0
0
0
0
0
0
0
0
0
0
0
0
0
0
0
0
0
0
0
0
0
0
0
0
0
0
0
0
0
0
0
0
0
0
0
0
0
0
0
0
0
0
0
0
0
0
0
0
0
0
0
0
0
0
0
0
0
0
0
0
0
0
0
0
0
0
0
0
0
0
0
0
0
0
0
0
0
0
0
0
0
0
0
0
0
0
0
0
0
0
0
0
0
0
0
0
0
0
0
0
0
0
0
0
0
0
0
0
0
0
0
0
0
0
0
0
0
0
0
0
0
0
0
0
0
0
0
0
0
0
0
0
0
0
0
0
0
0
0
0
0
0
0
0
0
0
0
0
0
0
0
0
0
0
0
0
0
0
0
0
0
0
0
0
0
0
0
0
0
0
0
0
0
0
0
0
0
0
0
0
0
0
0
0
0
0
0
0
0
0
0
0
0
0
0
0
0
0
0
0
0
0
0
0
0
0
0
0
0
0
0
0
0
0
0
0
0
0
0
0
0
0
0
0
0
0
0
0
0
0
0
0
0
0
0
0
0
0
0
0
0
0
0
0
0
0
0
0
0
0
0
0
0
0
0
0
0
0
0
0
0
0
0
0
0
0
0
0
0
0
0
0
0
0
0
0
0
0
0
0
0
0
0
0
0
0
0
0
0
0
0
0
0
0
0
0
0
0
0
0
0
0
0
0
0
0
0
0
0
0
0
0
0
0
1.51353e-05
0.000130458
0.0063714
0.145588
0.792069
1.1328
1.08526
1.37705
4.87353
8.80016
9.77811
9.62471
9.35928
9.04887
9.08041
9.47577
10.945
10.9298
11.2839
12.1226
11.7535
11.6004
11.9889
11.0296
12.0471
9.49657
10.3669
10.8092
10.6897
10.4831
10.5923
12.2115
13.5845
11.9884
10.6392
9.42992
10.9316
11.3822
12.0058
9.6874
9.14579
11.2055
11.86
11.4663
11.12
9.74339
8.32411
6.14773
4.07774
2.38189
0.819106
0.14202
0.0383919
0.0173688
0.00439628
0.00100276
4.29643e-05
0
0
0
0
0
0
2.01484e-05
0.000568104
0.00441937
0.0325738
0.140624
0.416214
0.994611
1.72136
2.82467
4.95267
8.35848
9.80176
9.8583
9.52557
9.24677
9.03728
9.81439
11.2374
10.9491
11.1427
11.3946
11.5646
10.9188
11.6722
10.4235
12.1037
10.5305
10.4977
10.9524
11.0927
12.05
10.692
9.92287
11.7869
11.3985
10.2483
10.2573
11.375
11.227
11.3429
10.4249
9.44449
11.1291
11.5782
11.3453
11.129
9.42021
8.00962
6.4175
4.29179
2.19593
0.964288
0.405465
0.169326
0.112327
0.0378214
0.00451452
0.000222659
2.69854e-05
0
0
0
0
0
1.78948e-05
0.000182491
0.00121221
0.04902
0.0554073
0.122435
0.230119
1.53717
0.24169
3.94801
0.972171
7.62997
4.34971
8.57057
7.495
1.97755
8.095
7.73571
10.8294
7.72607
7.63351
10.7621
9.92056
11.5445
9.45352
10.662
12.4111
11.8006
10.2258
11.864
12.9856
11.6098
9.59563
10.3912
12.046
10.7883
11.2423
11.1717
10.7413
11.4201
12.8492
9.81803
11.6875
11.3057
11.2587
10.8793
8.7726
3.02262
5.98796
0.347369
1.68032
0.0244961
0.0494109
0.0431059
0.0136672
0.00911981
0.00949448
6.07936e-05
1.55339e-05
0
0
0
0
0
0
3.08225e-06
7.53292e-05
0.0174681
0.00213889
0.00431891
0.0332005
0.173185
0
0.259657
0
0.259855
0.0525562
1.08139
1.63765
0.323817
2.23348
1.47012
6.52385
1.14142
1.48026
5.83653
5.2605
2.27419
7.94635
7.02514
9.80907
10.5462
2.65732
10.5455
11.5199
15.0809
6.65643
10.8198
11.9317
11.6073
10.5937
10.3831
11.3609
10.6759
10.3494
11.3092
11.8826
11.6833
8.16997
6.78406
5.74024
0.0765226
1.02693
0
0.095468
0
0
0.00218164
0.000401946
0.000637792
0.0035487
0
0
0
0
0
0
0
0
0
0
0
0
0
0
0
0
0
0
0
0
0
0
2.41211e-06
9.32327e-05
0.00131697
0.0105549
0.023846
0.0785169
0.113067
0.107874
0.0643413
0.335326
3.53301
2.17507
1.04752
1.31184
7.17964
5.73121
6.65486
4.78321
4.70549
8.71159
10.4539
10.4561
11.1508
10.7029
8.29816
8.85198
10.9816
11.2934
10.2526
5.42609
0.542757
0.0400507
0.00210366
0
0
0
0
0
0
0
0
0
0
0
0
0
0
0
0
0
0
0
0
0
0
0
0
0
0
0
0
0
0
0
0
0
0
0
0
2.15919e-06
3.72932e-06
1.6533e-05
4.03127e-05
0.000154012
1.47861
0.0729231
0.38025
1.13147
2.95676
3.71834
4.3045
2.25852
2.77216
6.26777
7.28555
7.58439
3.8026
3.93669
4.93215
6.71173
8.57788
8.95103
5.26394
0.999221
0.0101824
0
0
0
0
0
0
0
0
0
0
0
0
0
0
0
0
0
0
0
0
0
0
0
0
0
0
0
0
0
0
0
0
0
0
0
0
0
0
0
0
0
0
1.7647e-05
0.000101583
0.13779
0.00951295
0.111569
1.82281
4.9658
3.54077
0.441211
1.08126
1.19936
2.61522
0.29868
0.296255
1.1747
1.11276
1.20886
2.87072
2.34928
0.848708
0.000130725
2.58469e-06
0
0
0
0
0
0
0
0
0
0
0
0
0
0
0
0
0
0
0
0
0
0
0
0
0
0
0
0
0
0
0
0
0
0
0
0
0
0
0
0
0
0
9.49705e-06
0.000626904
0.00357762
0.0531551
0.540663
1.92045
2.85201
3.37185
0.479888
0.0643127
0.0857486
0.094756
0.0216607
0.0368752
0.0185459
0.0235443
0.0284809
0.0172025
0.00884846
0.000508107
7.42624e-06
0
0
0
0
0
0
0
0
0
0
0
0
0
0
0
0
0
0
0
0
0
0
0
0
0
0
0
0
0
0
0
0
0
0
0
0
0
0
0
0
0
0
0
8.22466e-06
0.000801553
0.00315808
0.00453753
0.00656733
0.0129749
0.0406043
0.0395058
0.0473082
0.00933784
0.0043525
0.00938067
0.00784777
0.0044961
0.00327823
0.0124702
0.00682631
0.00193493
0.000963605
4.27202e-05
1.28826e-06
0
0
0
0
0
0
0
0
0
0
0
0
0
0
0
0
0
0
0
0
0
0
0
0
0
0
0
0
0
0
0
0
0
0
0
0
0
0
0
0
0
0
0
0
0.000222449
0.00092411
0.000879752
0.000404957
0.00033765
0.00252039
0.00126523
0.000477836
0.000292286
0.000241986
0.000477231
0.00158977
0.00241895
0.002735
0.00585951
0.0022427
0.000648901
0.000124672
3.11756e-06
0
0
0
0
0
0
0
0
0
0
0
0
0
0
0
0
0
0
0
0
0
0
0
0
0
0
0
0
0
0
0
0
0
0
0
0
0
0
0
0
0
0
0
0
0
1.60937e-05
8.24508e-05
9.7056e-05
8.84327e-05
7.2347e-05
0.00016022
0.000345197
0.000132585
2.42128e-05
4.94077e-05
0.000378456
0.00123507
0.00108772
0.000741791
0.000566797
0.00025198
0.000101523
7.36136e-06
0
0
0
0
0
0
0
0
0
0
0
0
0
0
0
0
0
0
0
0
0
0
0
0
0
0
0
0
0
0
0
0
0
0
0
0
0
0
0
0
0
0
0
0
0
0
0
0
6.99688e-06
4.34217e-05
1.12177e-05
2.84004e-05
0.000112476
2.64889e-05
0
0
0
0
0
0
1.61456e-06
2.94373e-06
1.14193e-06
0
0
0
0
0
0
0
0
0
0
0
0
0
0
0
0
0
0
0
0
0
0
0
0
0
0
0
0
0
0
0
0
0
0
0
0
0
0
0
0
0
0
0
0
0
0
0
0
0
1.32763e-06
6.83624e-06
1.02006e-06
1.16868e-06
1.0661e-06
0
0
0
0
0
0
0
0
0
0
0
0
0
0
0
0
0
0
0
0
0
0
0
0
0
0
0
0
0
0
0
0
0
0
0
0
0
0
0
0
0
0
0
0
0
0
0
0
0
0
0
0
0
0
0
0
0
0
0
0
1.12685e-06
0
0
0
0
0
0
0
0
0
0
0
0
0
0
0
0
0
0
0
0
0
0
0
0
0
0
0
0
0
0
0
0
0
0
0
0
0
0
0
0
0
0
0
0
0
0
0
0
0
0
0
0
0
0
0
0
0
0
0
0
0
0
0
0
0
0
0
0
0
0
0
0
0
0
0
0
0
0
0
0
0
0
0
0
0
0
0
0
0
0
0
0
0
0
0
0
0
0
0
0
0
0
0
0
0
0
0
0
0
0
0
0
0
0
0
0
0
0
0
0
0
0
0
0
0
0
0
0
0
0
0
0
0
0
0
0
0
0
0
0
0
0
0
0
0
0
0
0
0
0
0
0
0
0
0
0
0
0
0
0
0
0
0
0
0
0
0
0
0
0
0
0
0
0
0
0
0
0
0
0
0
0
0
0
0
0
0
0
0
0
0
0
0
0
0
0
0
0
0
0
0
0
0
0
0
0
0
0
0
0
0
0
0
0
0
0
0
0
0
0
0
0
0
0
0
0
0
0
0
0
0
0
0
0
0
0
0
0
0
0
0
0
0
0
0
0
0
0
0
0
0
0
0
0
0
0
0
0
0
0
0
0
0
0
0
0
0
0
0
0
0
0
0
0
0
0
0
0
0
0
0
0
0
0
0
0
0
0
0
0
0
0
0
0
0
0
0
0
0
0
0
0
0
0
0
0
0
0
0
0
0
0
0
0
0
0
0
0
0
0
0
0
0
0
0
0
0
0
0
0
0
0
0
0
0
0
0
0
0
0
0
0
0
0
0
0
0
0
0
0
0
0
0
0
0
0
0
0
0
0
0
0
0
0
0
0
0
0
0
0
0
0
0
0
0
0
0
0
0
0
0
0
0
0
0
0
0
0
0
0
0
0
0
0
0
0
0
0
0
0
0
0
0
0
0
0
0
0
0
0
0
0
0
0
0
0
0
0
0
0
0
0
0
0
0
0
0
0
0
0
0
0
0
0
0
0
0
0
0
0
0
0
0
0
0
0
0
0
0
0
0
0
0
0
0
0
0
0
0
0
0
0
0
0
0
0
0
0
0
0
0
0
0
0
0
0
0
0
0
0
0
0
0
0
0
0
0
0
0
0
0
0
0
0
0
0
0
0
0
0
0
0
0
0
0
0
0
0
0
0
0
0
0
0
0
0
0
0
0
0
0
0
0
0
0
0
0
0
0
0
0
0
0
0
0
0
0
0
0
0
0
0
0
0
0
0
0
0
0
0
0
0
0
0
0
0
0
0
0
0
0
0
0
0
0
0
0
0
0
0
0
0
0
0
0
0
0
0
0
0
0
0
0
0
0
0
0
0
0
0
0
0
0
0
0
0
0
0
0
0
0
0
0
0
0
0
0
0
0
0
0
0
0
0
0
0
0
0
0
0
0
0
0
0
0
0
0
0
0
0
0
0
0
0
0
0
0
0
0
0
0
0
0
0
0
0
0
0
0
0
0
0
0
0
0
0
0
0
0
0
0
0
0
0
0
0
0
0
0
0
0
0
0
0
0
0
0
0
0
0
0
0
0
0
0
0
0
0
0
0
0
0
0
0
0
0
0
0
0
0
0
0
0
0
0
0
0
0
0
0
0
0
0
0
0
0
0
0
0
0
0
0
0
0
0
0
0
0
0
0
0
0
0
0
0
0
0
0
0
0
0
0
0
0
0
0
0
0
0
0
0
0
0
0
0
0
0
0
0
0
0
0
0
0
0
0
0
0
0
0
0
0
0
0
0
0
0
0
0
0
0
0
0
0
0
0
0
0
0
0
0
0
0
0
0
0
0
0
0
0
0
0
0
0
0
0
0
0
0
0
0
0
0
0
0
0
0
0
0
0
0
0
0
0
0
0
0
0
0
0
0
0
0
0
0
0
0
0
0
0
0
0
0
0
0
0
0
0
0
0
0
0
0
0
0
0
0
0
0
0
0
0
0
0
0
0
0
0
0
0
0
0
0
0
0
0
0
0
0
0
0
0
0
0
0
0
0
0
0
0
0
0
0
0
0
0
0
0
0
0
0
0
0
0
0
0
0
0
0
0
0
0
0
0
0
0
0
0
0
0
0
0
0
0
0
0
0
0
0
0
0
0
0
0
0
0
0
0
0
0
0
0
0
0
0
0
0
0
0
0
0
0
0
0
0
0
0
0
0
0
0
0
0
0
0
0
0
0
0
0
0
0
0
0
0
0
0
0
0
0
0
0
0
0
0
0
0
0
0
0
0
0
0
0
0
0
0
0
0
0
0
0
0
0
0
0
0
0
0
0
0
0
0
0
0
0
0
0
0
0
0
0
0
0
0
0
0
0
0
0
0
0
0
0
0
0
0
0
0
0
0
0
0
0
0
0
0
0
0
0
0
0
0
0
0
0
0
0
0
0
0
0
0
0
0
0
0
0
0
0
0
0
0
0
0
0
0
0
0
0
0
0
0
0
0
0
0
0
0
0
0
0
0
0
0
0
0
0
0
0
0
0
0
0
0
0
0
0
0
0
0
0
0
0
0
0
0
0
0
0
0
0
0
0
0
0
0
0
0
0
0
0
0
0
0
0
0
0
0
0
0
0
0
0
0
0
0
0
0
0
0
0
0
0
0
0
0
0
0
0
0
0
0
0
0
0
0
0
0
0
0
0
0
0
0
0
0
0
0
0
0
0
0
0
0
0
0
0
0
0
0
0
0
0
0
0
0
0
0
0
0
0
0
0
0
0
0
0
0
0
0
0
0
0
0
0
0
0
0
0
0
0
0
0
0
0
0
0
0
0
0
0
0
0
0
0
0
0
0
0
0
0
0
0
0
0
0
0
0
0
0
0
0
0
0
0
0
0
0
0
0
0
0
0
0
0
0
0
0
0
0
0
0
0
0
0
0
0
0
0
0
0
0
0
0
0
0
0
0
0
0
0
0
0
0
0
0
0
0
0
0
0
0
0
0
0
0
0
0
0
0
0
0
0
0
0
0
0
0
0
0
0
0
0
0
0
0
0
0
0
0
0
0
0
0
0
0
0
0
0
0
0
0
0
0
0
0
0
0
0
0
0
0
0
0
0
0
0
0
0
0
0
0
0
0
0
0
0
0
0
0
0
0
0
0
0
0
0
0
0
0
0
0
0
0
0
0
0
0
0
0
0
0
0
0
0
0
0
0
0
0
0
0
0
0
0
0
0
0
0
0
0
0
0
0
0
0
0
0
0
0
0
0
0
0
0
0
0
0
0
0
0
0
0
0
0
0
0
0
0
0
0
0
0
0
0
0
0
0
0
0
0
0
0
0
0
0
0
0
0
0
0
0
0
0
0
0
0
0
0
0
0
0
0
0
0
0
0
0
0
0
0
0
0
0
0
0
0
0
0
0
0
0
0
0
0
0
0
0
0
0
0
0
0
0
0
0
0
0
0
0
0
0
0
0
0
0
0
0
0
0
0
0
0
0
0
0
0
0
0
0
0
0
0
0
0
0
0
0
0
0
0
0
0
0
0
0
0
0
0
0
0
0
0
0
0
0
0
0
0
0
0
0
0
0
0
0
0
0
0
0
0
0
0
0
0
0
0
0
0
0
0
0
0
0
0
0
0
0
0
0
0
0
0
0
0
0
0
0
0
0
0
0
0
0
0
0
0
0
0
0
0
0
0
0
0
0
0
0
0
0
0
0
0
0
0
0
0
0
0
0
0
0
0
0
0
0
0
0
0
0
0
0
0
0
0
0
0
0
0
0
0
0
0
0
0
0
0
0
0
0
0
0
0
0
0
0
0
0
0
0
0
0
0
0
0
0
0
0
0
0
0
0
0
0
0
0
0
0
0
0
0
0
0
0
0
0
0
0
0
0
0
0
0
0
0
0
0
0
0
0
0
0
0
0
0
0
0
0
0
0
0
0
0
0
0
0
0
0
0
0
0
0
0
0
0
0
0
0
0
0
0
0
0
0
0
0
0
0
0
0
0
0
0
0
0
0
0
0
0
0
0
0
0
0
0
0
0
0
0
0
0
0
0
0
0
0
0
0
0
0
0
0
0
0
0
0
0
0
0
0
0
0
0
0
0
0
0
0
0
0
0
0
0
0
0
0
0
0
0
0
0
0
0
0
0
0
0
0
0
0
0
0
0
0
0
0
0
0
0
0
0
0
0
0
0
0
0
0
0
0
0
0
0
0
0
0
0
0
0
0
0
0
0
0
0
0
0
0
0
0
0
0
0
0
0
0
0
0
0
0
0
0
0
0
0
0
0
0
0
0
0
0
0
0
0
0
0
0
0
0
0
0
0
0
0
0
0
0
0
0
0
0
0
0
0
0
0
0
0
0
0
0
0
0
0
0
0
0
0
0
0
0
0
0
0
0
0
0
0
0
0
0
0
0
0
0
0
0
0
0
0
0
0
0
0
0
0
0
0
0
0
0
0
0
0
0
0
0
0
0
0
0
0
0
0
0
0
0
0
0
0
0
0
0
0
0
0
0
0
0
0
0
0
0
0
0
0
0
0
0
0
0
0
0
0
0
0
0
0
0
0
0
0
0
0
0
0
0
0
0
0
0
0
0
0
0
0
0
0
0
0
0
0
0
0
0
0
0
0
0
0
0
0
0
0
0
0
0
0
0
0
0
0
0
0
0
0
0
0
0
0
0
0
0
0
0
0
0
0
0
0
0
0
0
0
0
0
0
0
0
0
0
0
0
0
0
0
0
0
0
0
0
0
0
0
0
0
0
0
0
0
0
0
0
0
0
0
0
0
0
0
0
0
0
0
0
0
0
0
0
0
0
0
0
0
0
0
0
0
0
0
0
0
0
0
0
0
0
0
0
0
0
0
0
0
0
0
0
0
0
0
0
0
0
0
0
0
0
0
0
0
0
0
0
0
0
0
0
0
0
0
0
0
0
0
0
0
0
0
0
0
0
0
0
0
0
0
0
0
0
0
0
0
0
0
0
0
0
0
0
0
0
0
0
0
0
0
0
0
0
0
0
0
0
0
0
0
0
0
0
0
0
0
0
0
0
0
0
0
0
0
0
0
0
0
0
0
0
0
0
0
0
0
0
0
0
0
0
0
0
0
0
0
0
0
0
0
0
0
0
0
0
0
0
0
0
0
0
0
0
0
0
0
0
0
0
0
0
0
0
0
0
0
0
0
0
0
0
0
0
0
0
0
0
0
0
0
0
0
0
0
0
0
0
0
0
0
0
0
0
0
0
0
0
0
0
0
0
0
0
0
0
0
0
0
0
0
0
0
0
0
0
0
0
0
0
0
0
0
0
0
0
0
0
0
0
0
0
0
0
0
0
0
0
0
0
0
0
0
0
0
0
0
0
0
0
0
0
0
0
0
0
0
0
0
0
0
0
0
0
0
0
0
0
0
0
0
0
0
0
0
0
0
0
0
0
0
0
0
0
0
0
0
0
0
0
0
0
0
0
0
0
0
0
0
0
0
0
0
0
0
0
0
0
0
0
0
0
0
0
0
0
0
0
0
0
0
0
0
0
0
0
0
0
0
0
0
0
0
0
0
0
0
0
0
0
0
0
0
0
0
0
0
0
0
0
0
0
0
0
0
0
0
0
0
0
0
0
0
0
0
0
0
0
0
0
0
0
0
0
0
0
0
0
0
0
0
0
0
0
0
0
0
0
0
0
0
0
0
0
0
0
0
0
0
0
0
0
0
0
0
0
0
0
0
0
0
0
0
0
0
0
0
0
0
0
0
0
0
0
0
0
0
0
0
0
0
0
0
0
0
0
0
0
0
0
0
0
0
0
0
0
0
0
0
0
0
0
0
0
0
0
0
0
0
0
0
0
0
0
0
0
0
0
0
0
0
0
0
0
0
0
0
0
0
0
0
0
0
0
0
0
0
0
0
0
0
0
0
0
0
0
0
0
0
0
0
0
0
0
0
0
0
0
0
0
0
0
0
0
0
0
0
0
0
0
0
0
0
0
0
0
0
0
0
0
0
0
0
0
0
0
0
0
0
0
0
0
0
0
0
0
0
0
0
0
0
0
0
0
0
0
0
0
0
0
0
0
0
0
0
0
0
0
0
0
0
0
0
0
0
0
0
0
0
0
0
0
0
0
0
0
0
0
0
0
0
0
0
0
0
0
0
0
0
0
0
0
0
0
0
0
0
0
0
0
0
0
0
0
0
0
0
0
0
0
0
0
0
0
0
0
0
0
0
0
0
0
0
0
0
0
0
0
0
0
0
0
0
0
0
0
0
0
0
0
0
0
0
0
0
0
0
0
0
0
0
0
0
0
0
0
0
0
0
0
0
0
0
0
0
0
0
0
0
0
0
0
0
0
0
0
0
0
0
0
0
0
0
0
0
0
0
0
0
0
0
0
0
0
0
0
0
0
0
0
0
0
0
0
0
0
0
0
0
0
0
0
0
0
0
0
0
0
0
0
0
0
0
0
0
0
0
0
0
0
0
0
0
0
0
0
0
0
0
0
0
0
0
0
0
0
0
0
0
0
0
0
0
0
0
0
0
0
0
0
0
0
0
0
0
0
0
0
0
0
0
0
0
0
0
0
0
0
0
0
0
0
0
0
0
0
0
0
0
0
0
0
0
0
0
0
0
0
0
0
0
0
0
0
0
0
0
0
0
0
0
0
0
0
0
0
0
0
0
0
0
0
0
0
0
0
0
0
0
0
0
0
0
0
0
0
0
0
0
0
0
0
0
0
0
0
0
0
0
0
0
0
0
0
0
0
0
0
0
0
0
0
0
0
0
0
0
0
0
0
0
0
0
0
0
0
0
0
0
0
0
0
0
0
0
0
0
0
0
0
0
0
0
0
0
0
0
0
0
0
0
0
0
0
0
0
0
0
0
0
0
0
0
0
0
0
0
0
0
0
0
0
0
0
0
0
0
0
0
0
0
0
0
0
0
0
0
0
0
0
0
0
0
0
0
0
0
0
0
0
0
0
0
0
0
0
0
0
0
0
0
0
0
0
0
0
0
0
0
0
0
0
0
0
0
0
0
0
0
0
0
0
0
0
0
0
0
0
0
0
0
0
0
0
0
0
0
0
0
0
0
0
0
0
0
0
0
0
0
0
0
0
0
0
0
0
0
0
0
0
0
0
0
0
0
0
0
0
0
0
0
0
0
0
0
0
0
0
0
0
0
0
0
0
0
0
0
0
0
0
0
0
0
0
0
0
0
0
0
0
0
0
0
0
0
0
0
0
0
0
0
0
0
0
0
0
0
0
0
0
0
0
0
0
0
0
0
0
0
0
0
0
0
0
0
0
0
0
0
0
0
0
0
0
0
0
0
0
0
0
0
0
0
0
0
0
0
0
1.57949e-06
0.000208401
0.00185016
0.0349479
0.424284
1.70237
2.58851
2.86899
3.23992
5.91594
9.91024
10.5053
9.81052
9.37674
9.20508
9.04921
9.55
10.9708
11.2087
10.9056
10.9689
11.7777
12.2019
12.8207
9.5261
9.07685
9.97962
9.7074
8.07485
9.23602
9.02954
10.2725
11.4249
10.8715
11.4927
11.4408
10.8303
10.1769
9.27542
9.55285
9.44444
8.6425
10.4405
10.896
11.2532
9.85596
8.6958
7.73096
7.56726
6.59047
3.38281
1.06378
0.244205
0.0732049
0.0362422
0.0129851
0.00365307
0.000139923
2.78001e-06
0
0
0
0
1.08937e-05
0.00028129
0.00490103
0.0338766
0.198794
0.546686
1.07107
2.39593
4.17785
6.14456
8.29498
10.2595
10.5303
9.87183
9.19461
8.87301
8.9249
9.38957
10.7502
11.2677
10.9658
10.6806
11.4865
11.7124
12.4405
9.58123
8.19093
9.20397
9.78845
8.33683
9.38481
9.32409
10.2301
10.6936
11.3535
11.6692
11.2948
10.2803
9.23276
9.79305
10.188
9.95174
9.16018
10.4244
11.0119
11.2757
9.58009
8.59649
7.41641
6.60021
5.87071
3.90868
1.98927
0.875458
0.480998
0.220499
0.0670456
0.010934
0.00108094
6.32939e-05
1.57687e-06
0
0
0
0
2.47796e-05
0.000511937
0.0181641
0.253035
0.515488
0.476054
0.376763
2.29586
0.725504
1.78343
4.92369
2.41593
5.25265
6.92356
3.83995
7.67855
3.82042
3.75856
10.0362
7.3917
9.08789
10.8209
10.7111
11.3634
10.9008
8.43827
8.78515
10.1663
11.3241
9.11659
9.59246
11.3581
10.622
12.1162
11.7494
11.3582
9.76188
9.70556
10.9606
12.0572
10.5144
10.0089
10.7894
11.7228
11.1613
6.83858
8.09596
0.82486
0.177158
1.05141
0.446572
0.0796551
0.478857
0.0528424
0.0482378
0.0674433
0.0161683
0.000380939
3.08015e-06
0
0
0
0
0
0
0.000398564
0.0057838
0.0268008
0.0949248
0.0793448
0.0550984
0.181205
4.21406e-06
0.00991487
0.0865885
0
0.200888
0.608564
0.0710095
2.71422
0.318685
0.154703
4.09319
1.10761
2.73894
8.08389
6.21769
6.91254
3.83321
10.646
7.54612
3.60819
6.60636
9.40189
9.69872
12.1615
13.4948
9.71195
11.5638
12.0021
11.2108
11.3589
11.9342
11.1204
11.8185
11.3009
11.5904
11.1038
9.40686
1.56294
2.2486
0.124634
0.000110552
0.00650888
0
0
0.0407324
0.00364753
0.00621284
0.0103328
0.00236348
0.000194499
6.17323e-06
0
0
0
0
0
0
0
0
0
0
0
1.33168e-06
0
0
0
0
0
0
0
0
0
9.80492e-06
9.46506e-05
0.000553631
0.0032158
0.0142833
0.0432324
0.062449
0.0944906
0.455444
4.64485
2.03598
1.08524
2.24247
8.70729
6.92833
7.39792
10.7436
8.30163
11.7272
10.8395
10.5415
8.79338
8.68317
9.30825
10.5254
11.1366
11.1245
9.84457
2.90853
0.0824533
0.00205542
2.28004e-06
0
0
0
0
0
0
0
0
0
0
0
0
0
0
0
0
0
0
0
0
0
0
0
0
0
0
0
0
0
0
0
0
0
0
0
4.2842e-06
2.8938e-05
3.04888e-05
0.000426019
0.0137525
0.164024
1.23376
0.33279
1.08271
4.27345
5.81148
6.40539
4.28907
3.97954
5.16375
6.07157
6.50916
4.2969
2.90591
2.38948
3.5008
4.97271
4.95836
6.26121
4.85708
0.249096
0.00201003
0
0
0
0
0
0
0
0
0
0
0
0
0
0
0
0
0
0
0
0
0
0
0
0
0
0
0
0
0
0
0
0
0
0
0
0
0
0
0
0
0
1.74548e-05
0.000489425
0.0122874
0.0471207
0.0851178
2.61794
3.96232
4.1159
2.00428
2.36198
0.989801
1.4705
0.501757
0.668305
0.27736
0.264623
0.52113
0.85171
0.766357
0.844748
0.0641123
0.0115262
0
0
0
0
0
0
0
0
0
0
0
0
0
0
0
0
0
0
0
0
0
0
0
0
0
0
0
0
0
0
0
0
0
0
0
0
0
0
0
0
0
0
0
4.71231e-05
0.000750978
0.00488518
0.0653461
0.715679
1.03613
1.98636
0.966297
0.377331
0.0434561
0.0324006
0.00469822
0.00456733
0.00313447
0.00138909
0.00481914
0.00834143
0.0057294
0.00137925
9.81175e-05
3.2764e-06
0
0
0
0
0
0
0
0
0
0
0
0
0
0
0
0
0
0
0
0
0
0
0
0
0
0
0
0
0
0
0
0
0
0
0
0
0
0
0
0
0
0
0
2.33053e-05
0.000251343
0.00172233
0.00390129
0.0100763
0.0218404
0.053527
0.0504825
0.0132807
0.00138726
0.000460438
0.000423292
0.000275676
0.000461493
0.000706326
0.00201225
0.00200934
0.00120513
0.000354273
2.74987e-05
0
0
0
0
0
0
0
0
0
0
0
0
0
0
0
0
0
0
0
0
0
0
0
0
0
0
0
0
0
0
0
0
0
0
0
0
0
0
0
0
0
0
0
0
4.34432e-06
4.37775e-05
0.00045623
0.000482972
0.001146
0.00319004
0.0086797
0.0146502
0.00183705
9.08327e-05
1.15242e-05
8.35289e-06
0.000150003
0.000215891
0.000339123
0.000753417
0.000852441
0.000338677
5.13559e-05
3.05609e-06
0
0
0
0
0
0
0
0
0
0
0
0
0
0
0
0
0
0
0
0
0
0
0
0
0
0
0
0
0
0
0
0
0
0
0
0
0
0
0
0
0
0
0
0
0
1.54186e-05
8.36042e-05
0.000329229
0.00118744
0.00231103
0.00348932
0.00461338
0.000758846
9.11825e-06
0
0
1.34434e-05
2.43898e-05
7.23846e-05
0.00010738
0.000119872
4.2269e-05
3.36301e-06
0
0
0
0
0
0
0
0
0
0
0
0
0
0
0
0
0
0
0
0
0
0
0
0
0
0
0
0
0
0
0
0
0
0
0
0
0
0
0
0
0
0
0
0
0
0
0
2.12287e-05
0.000176667
0.00040757
0.000623636
0.00071727
0.000419208
2.06128e-06
0
0
0
0
0
0
0
0
0
0
0
0
0
0
0
0
0
0
0
0
0
0
0
0
0
0
0
0
0
0
0
0
0
0
0
0
0
0
0
0
0
0
0
0
0
0
0
0
0
0
0
0
0
0
0
0
0
0
1.50529e-06
2.23512e-06
2.12443e-06
3.03682e-06
2.41201e-06
0
0
0
0
0
0
0
0
0
0
0
0
0
0
0
0
0
0
0
0
0
0
0
0
0
0
0
0
0
0
0
0
0
0
0
0
0
0
0
0
0
0
0
0
0
0
0
0
0
0
0
0
0
0
0
0
0
0
0
0
0
0
0
0
0
0
0
0
0
0
0
0
0
0
0
0
0
0
0
0
0
0
0
0
0
0
0
0
0
0
0
0
0
0
0
0
0
0
0
0
0
0
0
0
0
0
0
0
0
0
0
0
0
0
0
0
0
0
0
0
0
0
0
0
0
0
0
0
0
0
0
0
0
0
0
0
0
0
0
0
0
0
0
0
0
0
0
0
0
0
0
0
0
0
0
0
0
0
0
0
0
0
0
0
0
0
0
0
0
0
0
0
0
0
0
0
0
0
0
0
0
0
0
0
0
0
0
0
0
0
0
0
0
0
0
0
0
0
0
0
0
0
0
0
0
0
0
0
0
0
0
0
0
0
0
0
0
0
0
0
0
0
0
0
0
0
0
0
0
0
0
0
0
0
0
0
0
0
0
0
0
0
0
0
0
0
0
0
0
0
0
0
0
0
0
0
0
0
0
0
0
0
0
0
0
0
0
0
0
0
0
0
0
0
0
0
0
0
0
0
0
0
0
0
0
0
0
0
0
0
0
0
0
0
0
0
0
0
0
0
0
0
0
0
0
0
0
0
0
0
0
0
0
0
0
0
0
0
0
0
0
0
0
0
0
0
0
0
0
0
0
0
0
0
0
0
0
0
0
0
0
0
0
0
0
0
0
0
0
0
0
0
0
0
0
0
0
0
0
0
0
0
0
0
0
0
0
0
0
0
0
0
0
0
0
0
0
0
0
0
0
0
0
0
0
0
0
0
0
0
0
0
0
0
0
0
0
0
0
0
0
0
0
0
0
0
0
0
0
0
0
0
0
0
0
0
0
0
0
0
0
0
0
0
0
0
0
0
0
0
0
0
0
0
0
0
0
0
0
0
0
0
0
0
0
0
0
0
0
0
0
0
0
0
0
0
0
0
0
0
0
0
0
0
0
0
0
0
0
0
0
0
0
0
0
0
0
0
0
0
0
0
0
0
0
0
0
0
0
0
0
0
0
0
0
0
0
0
0
0
0
0
0
0
0
0
0
0
0
0
0
0
0
0
0
0
0
0
0
0
0
0
0
0
0
0
0
0
0
0
0
0
0
0
0
0
0
0
0
0
0
0
0
0
0
0
0
0
0
0
0
0
0
0
0
0
0
0
0
0
0
0
0
0
0
0
0
0
0
0
0
0
0
0
0
0
0
0
0
0
0
0
0
0
0
0
0
0
0
0
0
0
0
0
0
0
0
0
0
0
0
0
0
0
0
0
0
0
0
0
0
0
0
0
0
0
0
0
0
0
0
0
0
0
0
0
0
0
0
0
0
0
0
0
0
0
0
0
0
0
0
0
0
0
0
0
0
0
0
0
0
0
0
0
0
0
0
0
0
0
0
0
0
0
0
0
0
0
0
0
0
0
0
0
0
0
0
0
0
0
0
0
0
0
0
0
0
0
0
0
0
0
0
0
0
0
0
0
0
0
0
0
0
0
0
0
0
0
0
0
0
0
0
0
0
0
0
0
0
0
0
0
0
0
0
0
0
0
0
0
0
0
0
0
0
0
0
0
0
0
0
0
0
0
0
0
0
0
0
0
0
0
0
0
0
0
0
0
0
0
0
0
0
0
0
0
0
0
0
0
0
0
0
0
0
0
0
0
0
0
0
0
0
0
0
0
0
0
0
0
0
0
0
0
0
0
0
0
0
0
0
0
0
0
0
0
0
0
0
0
0
0
0
0
0
0
0
0
0
0
0
0
0
0
0
0
0
0
0
0
0
0
0
0
0
0
0
0
0
0
0
0
0
0
0
0
0
0
0
0
0
0
0
0
0
0
0
0
0
0
0
0
0
0
0
0
0
0
0
0
0
0
0
0
0
0
0
0
0
0
0
0
0
0
0
0
0
0
0
0
0
0
0
0
0
0
0
0
0
0
0
0
0
0
0
0
0
0
0
0
0
0
0
0
0
0
0
0
0
0
0
0
0
0
0
0
0
0
0
0
0
0
0
0
0
0
0
0
0
0
0
0
0
0
0
0
0
0
0
0
0
0
0
0
0
0
0
0
0
0
0
0
0
0
0
0
0
0
0
0
0
0
0
0
0
0
0
0
0
0
0
0
0
0
0
0
0
0
0
0
0
0
0
0
0
0
0
0
0
0
0
0
0
0
0
0
0
0
0
0
0
0
0
0
0
0
0
0
0
0
0
0
0
0
0
0
0
0
0
0
0
0
0
0
0
0
0
0
0
0
0
0
0
0
0
0
0
0
0
0
0
0
0
0
0
0
0
0
0
0
0
0
0
0
0
0
0
0
0
0
0
0
0
0
0
0
0
0
0
0
0
0
0
0
0
0
0
0
0
0
0
0
0
0
0
0
0
0
0
0
0
0
0
0
0
0
0
0
0
0
0
0
0
0
0
0
0
0
0
0
0
0
0
0
0
0
0
0
0
0
0
0
0
0
0
0
0
0
0
0
0
0
0
0
0
0
0
0
0
0
0
0
0
0
0
0
0
0
0
0
0
0
0
0
0
0
0
0
0
0
0
0
0
0
0
0
0
0
0
0
0
0
0
0
0
0
0
0
0
0
0
0
0
0
0
0
0
0
0
0
0
0
0
0
0
0
0
0
0
0
0
0
0
0
0
0
0
0
0
0
0
0
0
0
0
0
0
0
0
0
0
0
0
0
0
0
0
0
0
0
0
0
0
0
0
0
0
0
0
0
0
0
0
0
0
0
0
0
0
0
0
0
0
0
0
0
0
0
0
0
0
0
0
0
0
0
0
0
0
0
0
0
0
0
0
0
0
0
0
0
0
0
0
0
0
0
0
0
0
0
0
0
0
0
0
0
0
0
0
0
0
0
0
0
0
0
0
0
0
0
0
0
0
0
0
0
0
0
0
0
0
0
0
0
0
0
0
0
0
0
0
0
0
0
0
0
0
0
0
0
0
0
0
0
0
0
0
0
0
0
0
0
0
0
0
0
0
0
0
0
0
0
0
0
0
0
0
0
0
0
0
0
0
0
0
0
0
0
0
0
0
0
0
0
0
0
0
0
0
0
0
0
0
0
0
0
0
0
0
0
0
0
0
0
0
0
0
0
0
0
0
0
0
0
0
0
0
0
0
0
0
0
0
0
0
0
0
0
0
0
0
0
0
0
0
0
0
0
0
0
0
0
0
0
0
0
0
0
0
0
0
0
0
0
0
0
0
0
0
0
0
0
0
0
0
0
0
0
0
0
0
0
0
0
0
0
0
0
0
0
0
0
0
0
0
0
0
0
0
0
0
0
0
0
0
0
0
0
0
0
0
0
0
0
0
0
0
0
0
0
0
0
0
0
0
0
0
0
0
0
0
0
0
0
0
0
0
0
0
0
0
0
0
0
0
0
0
0
0
0
0
0
0
0
0
0
0
0
0
0
0
0
0
0
0
0
0
0
0
0
0
0
0
0
0
0
0
0
0
0
0
0
0
0
0
0
0
0
0
0
0
0
0
0
0
0
0
0
0
0
0
0
0
0
0
0
0
0
0
0
0
0
0
0
0
0
0
0
0
0
0
0
0
0
0
0
0
0
0
0
0
0
0
0
0
0
0
0
0
0
0
0
0
0
0
0
0
0
0
0
0
0
0
0
0
0
0
0
0
0
0
0
0
0
0
0
0
0
0
0
0
0
0
0
0
0
0
0
0
0
0
0
0
0
0
0
0
0
0
0
0
0
0
0
0
0
0
0
0
0
0
0
0
0
0
0
0
0
0
0
0
0
0
0
0
0
0
0
0
0
0
0
0
0
0
0
0
0
0
0
0
0
0
0
0
0
0
0
0
0
0
0
0
0
0
0
0
0
0
0
0
0
0
0
0
0
0
0
0
0
0
0
0
0
0
0
0
0
0
0
0
0
0
0
0
0
0
0
0
0
0
0
0
0
0
0
0
0
0
0
0
0
0
0
0
0
0
0
0
0
0
0
0
0
0
0
0
0
0
0
0
0
0
0
0
0
0
0
0
0
0
0
0
0
0
0
0
0
0
0
0
0
0
0
0
0
0
0
0
0
0
0
0
0
0
0
0
0
0
0
0
0
0
0
0
0
0
0
0
0
0
0
0
0
0
0
0
0
0
0
0
0
0
0
0
0
0
0
0
0
0
0
0
0
0
0
0
0
0
0
0
0
0
0
0
0
0
0
0
0
0
0
0
0
0
0
0
0
0
0
0
0
0
0
0
0
0
0
0
0
0
0
0
0
0
0
0
0
0
0
0
0
0
0
0
0
0
0
0
0
0
0
0
0
0
0
0
0
0
0
0
0
0
0
0
0
0
0
0
0
0
0
0
0
0
0
0
0
0
0
0
0
0
0
0
0
0
0
0
0
0
0
0
0
0
0
0
0
0
0
0
0
0
0
0
0
0
0
0
0
0
0
0
0
0
0
0
0
0
0
0
0
0
0
0
0
0
0
0
0
0
0
0
0
0
0
0
0
0
0
0
0
0
0
0
0
0
0
0
0
0
0
0
0
0
0
0
0
0
0
0
0
0
0
0
0
0
0
0
0
0
0
0
0
0
0
0
0
0
0
0
0
0
0
0
0
0
0
0
0
0
0
0
0
0
0
0
0
0
0
0
0
0
0
0
0
0
0
0
0
0
0
0
0
0
0
0
0
0
0
0
0
0
0
0
0
0
0
0
0
0
0
0
0
0
0
0
0
0
0
0
0
0
0
0
0
0
0
0
0
0
0
0
0
0
0
0
0
0
0
0
0
0
0
0
0
0
0
0
0
0
0
0
0
0
0
0
0
0
0
0
0
0
0
0
0
0
0
0
0
0
0
0
0
0
0
0
0
0
0
0
0
0
0
0
0
0
0
0
0
0
0
0
0
0
0
0
0
0
0
0
0
0
0
0
0
0
0
0
0
0
0
0
0
0
0
0
0
0
0
0
0
0
0
0
0
0
0
0
0
0
0
0
0
0
0
0
0
0
0
0
0
0
0
0
0
0
0
0
0
0
0
0
0
0
0
0
0
0
0
0
0
0
0
0
0
0
0
0
0
0
0
0
0
0
0
0
0
0
0
0
0
0
0
0
0
0
0
0
0
0
0
0
0
0
0
0
0
0
0
0
0
0
0
0
0
0
0
0
0
0
0
0
0
0
0
0
0
0
0
0
0
0
0
0
0
0
0
0
0
0
0
0
0
0
0
0
0
0
0
0
0
0
0
0
0
0
0
0
0
0
0
0
0
0
0
0
0
0
0
0
0
0
0
0
0
0
0
0
0
0
0
0
0
0
0
0
0
0
0
0
0
0
0
0
0
0
0
0
0
0
0
0
0
0
0
0
0
0
0
0
0
0
0
0
0
0
0
0
0
0
0
0
0
0
0
0
0
0
0
0
0
0
0
0
0
0
0
0
0
0
0
0
0
0
0
0
0
0
0
0
0
0
0
0
0
0
0
0
0
0
0
0
0
0
0
0
0
0
0
0
0
0
0
0
0
0
0
0
0
0
0
0
0
0
0
0
0
0
0
0
0
0
0
0
0
0
0
0
0
0
0
0
0
0
0
0
0
0
0
0
0
0
0
0
0
0
0
0
0
0
0
0
0
0
0
0
0
0
0
0
0
0
0
0
0
0
0
0
0
0
0
0
0
0
0
0
0
0
0
0
0
0
0
0
0
0
0
0
0
0
0
0
0
0
0
0
0
0
0
0
0
0
0
0
0
0
0
0
0
0
0
0
0
0
0
0
0
0
0
0
0
0
0
0
0
0
0
0
0
0
0
0
0
0
0
0
0
0
0
0
0
0
0
0
0
0
0
0
0
0
0
0
0
0
0
0
0
0
0
0
0
0
0
0
0
0
0
0
0
0
0
0
0
0
0
0
0
0
0
0
0
0
0
0
0
0
0
0
0
0
0
0
0
0
0
0
0
0
0
0
0
0
0
0
0
0
0
0
0
0
0
0
0
0
0
0
0
0
0
0
0
0
0
0
0
0
0
0
0
0
0
0
0
0
0
0
0
0
0
0
0
0
0
0
0
0
0
0
0
0
0
0
0
0
0
0
0
0
0
0
0
0
0
0
0
0
0
0
0
0
0
0
0
0
0
0
0
0
0
0
0
0
0
0
0
0
0
0
0
0
0
0
0
0
0
0
0
0
0
0
0
0
0
0
0
0
0
0
0
0
0
0
0
0
0
0
0
0
0
0
0
0
0
0
0
0
0
0
0
0
0
0
0
0
0
0
0
0
0
0
0
0
0
0
0
0
0
0
0
0
0
0
0
0
0
0
0
0
0
0
0
0
0
0
0
0
0
0
0
0
0
0
0
0
0
0
0
0
0
0
0
0
0
0
0
0
0
0
0
0
0
0
0
0
0
0
0
0
0
0
0
0
0
0
0
0
0
0
0
0
0
0
0
0
0
0
0
0
0
0
0
0
0
0
0
0
0
0
0
0
0
0
0
0
0
0
0
0
0
0
0
0
0
0
0
0
0
0
0
0
0
0
0
0
0
0
0
0
0
0
0
0
0
0
0
0
0
0
0
0
0
0
0
0
0
0
0
0
0
0
0
0
0
0
0
0
0
0
0
0
0
0
0
0
0
0
0
0
0
0
0
0
0
0
0
0
0
0
0
0
0
0
0
0
0
0
0
0
0
0
0
0
0
0
0
0
0
0
0
0
0
0
0
0
0
0
0
0
0
0
0
0
0
0
0
0
0
0
0
0
0
0
0
0
0
0
0
0
0
0
0
0
0
0
0
0
0
0
0
0
0
0
0
0
0
0
0
0
0
0
0
0
0
0
0
0
0
0
0
0
0
0
0
0
0
0
0
0
0
0
0
0
0
0
0
0
0
0
0
0
0
0
0
0
0
0
0
0
0
0
0
0
0
0
0
0
0
0
0
0
0
0
0
0
0
0
0
0
0
0
0
0
0
0
0
0
0
0
0
0
0
0
0
0
0
0
0
0
0
0
0
0
0
0
0
0
0
0
0
0
0
0
0
0
0
0
0
0
0
0
0
0
0
0
0
0
0
0
0
0
0
0
0
0
0
0
0
0
0
0
0
0
0
0
0
0
0
0
0
0
0
0
0
0
0
0
0
0
0
0
0
0
0
0
0
0
0
0
0
0
0
0
0
0
0
0
0
0
0
0
0
0
0
0
0
0
0
0
0
0
0
0
0
0
0
0
0
0
0
0
0
0
0
0
0
0
0
0
0
0
0
0
0
0
0
0
0
0
0
0
0
0
0
0
0
0
0
0
0
0
0
0
0
0
0
0
0
0
0
0
0
0
0
0
0
0
0
0
0
0
0
0
0
0
0
0
0
0
0
0
0
0
0
0
1.28766e-06
1.91871e-05
0.00190947
0.0192873
0.149642
0.874949
2.64224
4.35523
5.62359
6.51639
8.40163
10.5626
10.3669
9.19602
8.54561
8.5117
8.82548
9.40179
10.435
11.281
11.1606
10.6499
10.7193
12.6652
12.9152
8.21704
7.33611
8.63863
9.89309
7.82497
8.19786
10.3577
10.5029
11.2242
11.4369
10.7536
12.4653
11.647
10.8989
11.4724
11.6324
9.98399
10.5395
10.7865
11.2606
10.5576
9.23711
8.81952
8.95809
9.06636
7.7548
4.20889
1.56085
0.47623
0.165929
0.0808698
0.0357379
0.00789548
0.000256009
1.11787e-05
0
0
0
1.0136e-06
4.67314e-05
0.00160289
0.0239582
0.159171
0.597847
1.27291
2.26752
4.19209
6.47126
8.26977
10.2874
10.6999
10.0657
9.25879
8.60989
8.37154
8.61129
9.15238
9.88204
10.7191
11.1019
10.7775
10.6445
12.5779
12.5399
8.71644
8.35424
9.08624
9.61235
9.12929
7.82798
10.3145
10.5369
11.458
11.4505
11.2918
11.8196
11.684
11.908
11.746
11.3034
10.5926
10.9678
10.8516
11.2176
10.2976
9.03834
8.84163
8.82845
8.6548
7.96065
5.95189
3.25285
1.81412
0.912832
0.301145
0.0727535
0.0256484
0.00418917
0.000285766
8.39436e-06
0
0
0
0
0.00036725
0.00474953
0.105423
0.419984
0.857909
1.79239
0.85578
1.25859
7.38363
2.28377
4.33397
5.74494
4.68745
6.02484
5.80068
4.62204
8.59188
9.35784
8.91865
10.4123
7.32999
10.6829
11.3077
12.3498
10.3788
9.90537
9.30136
9.73668
9.62618
9.41429
10.2016
10.7095
11.4309
11.6327
11.2594
11.6022
10.8392
11.1923
11.0613
10.9056
11.0657
11.3327
10.8798
11.25
8.11805
8.62396
8.00376
4.06886
4.4823
6.2563
2.2781
3.09822
0.405995
0.135792
0.217378
0.0524635
0.0167077
0.00193717
2.1621e-05
1.98309e-06
0
0
0
0
2.8483e-05
0.000630183
0.0167789
0.00169656
0.164007
0.676864
0.223828
0.186326
1.80119
0.0316339
0.153725
0.16926
0.230817
0.590183
0.122971
0.241101
5.50612
4.79608
2.21026
6.019
1.50999
9.03741
8.43167
8.20738
9.56077
7.83638
9.78786
10.155
10.181
10.2578
10.2913
10.7691
10.7664
11.4521
10.3822
11.3993
11.5413
11.1744
11.2492
11.0279
11.4113
11.371
11.1185
11.0462
5.29292
4.41729
4.27146
0.00113538
0.000516117
0.0378935
0.0164568
0.796896
0.0546895
0.0162864
0.0467208
0.00730309
0
0.000144073
3.63691e-06
0
0
0
0
0
0
0
0
0
3.00628e-06
1.7574e-06
8.05319e-06
6.7052e-06
1.05834e-05
7.83811e-06
0
0
3.90317e-06
4.59255e-06
0
0.00016349
6.83974e-05
2.83996e-05
0.000100676
0.00209027
0.0141114
0.0443889
0.11171
0.49466
3.18165
3.25583
2.58262
3.88023
7.76829
8.35227
9.79312
8.85338
9.14509
8.73213
7.68
8.41669
7.32899
7.59612
7.07038
8.2272
10.4007
9.35813
8.71632
6.90139
2.66365
0.257079
0.00189972
0
0
0
0
0
0
0
0
0
0
0
0
0
0
0
0
0
0
0
0
0
0
0
0
0
0
0
0
0
0
0
0
0
0
0
0
0
0
0
1.9647e-05
0.0219688
0.477045
0.605399
0.736734
3.72756
5.19338
5.37356
5.75461
5.61523
4.05047
4.24775
3.53721
1.55438
1.64023
0.660947
0.713405
1.29531
2.26529
1.50934
2.18192
1.27569
0.416557
0.00133914
0
0
0
0
0
0
0
0
0
0
0
0
0
0
0
0
0
0
0
0
0
0
0
0
0
0
0
0
0
0
0
0
0
0
0
0
0
0
0
0
0
7.94734e-06
0.00615655
0.0243933
0.066274
0.740619
1.78312
2.44694
2.51807
2.39166
1.11001
0.810651
0.0628946
0.121457
0.00163692
0.00171978
0.0107485
0.061286
0.193695
0.0501617
0.154761
0.0432631
1.73964e-05
0
0
0
0
0
0
0
0
0
0
0
0
0
0
0
0
0
0
0
0
0
0
0
0
0
0
0
0
0
0
0
0
0
0
0
0
0
0
0
0
0
0
4.06818e-06
7.44363e-05
0.000547984
0.00875495
0.0371209
0.0228428
0.1582
0.720146
0.437579
0.0606964
0.00305942
0.00044246
0.00014492
0.000108742
7.75672e-05
0.000155656
0.000329717
0.00232805
0.0012791
0.000390501
7.50135e-05
2.29831e-06
0
0
0
0
0
0
0
0
0
0
0
0
0
0
0
0
0
0
0
0
0
0
0
0
0
0
0
0
0
0
0
0
0
0
0
0
0
0
0
0
0
0
0
2.34692e-05
0.000191536
0.000419145
0.00112663
0.00376391
0.0230542
0.0484017
0.0356723
0.0061591
0.000475686
6.55368e-05
6.20328e-06
5.58393e-06
2.69108e-05
6.80598e-05
0.000234101
0.000570279
0.000325469
7.7281e-05
8.70536e-06
0
0
0
0
0
0
0
0
0
0
0
0
0
0
0
0
0
0
0
0
0
0
0
0
0
0
0
0
0
0
0
0
0
0
0
0
0
0
0
0
0
0
0
0
7.5577e-06
8.76997e-05
0.000187715
0.00111271
0.00360912
0.00979337
0.0183165
0.0128221
0.00179777
5.11789e-05
1.0798e-05
0
1.37734e-06
8.51619e-06
2.53955e-05
8.30594e-05
0.000182671
8.85774e-05
2.15455e-05
1.45677e-06
0
0
0
0
0
0
0
0
0
0
0
0
0
0
0
0
0
0
0
0
0
0
0
0
0
0
0
0
0
0
0
0
0
0
0
0
0
0
0
0
0
0
0
0
1.95346e-06
1.50316e-05
8.14752e-05
0.000707751
0.00224638
0.00578008
0.00801788
0.00485331
0.00038099
0
0
0
0
0
3.19539e-06
4.88557e-06
1.781e-05
6.60968e-06
2.85102e-06
0
0
0
0
0
0
0
0
0
0
0
0
0
0
0
0
0
0
0
0
0
0
0
0
0
0
0
0
0
0
0
0
0
0
0
0
0
0
0
0
0
0
0
0
0
0
0
1.21227e-05
5.94619e-05
8.98821e-05
0.000141093
0.000233379
0.000228438
1.21055e-05
0
0
0
0
0
0
0
0
0
0
0
0
0
0
0
0
0
0
0
0
0
0
0
0
0
0
0
0
0
0
0
0
0
0
0
0
0
0
0
0
0
0
0
0
0
0
0
0
0
0
0
0
0
0
0
0
0
0
0
0
0
0
0
0
0
0
0
0
0
0
0
0
0
0
0
0
0
0
0
0
0
0
0
0
0
0
0
0
0
0
0
0
0
0
0
0
0
0
0
0
0
0
0
0
0
0
0
0
0
0
0
0
0
0
0
0
0
0
0
0
0
0
0
0
0
0
0
0
0
0
0
0
0
0
0
0
0
0
0
0
0
0
0
0
0
0
0
0
0
0
0
0
0
0
0
0
0
0
0
0
0
0
0
0
0
0
0
0
0
0
0
0
0
0
0
0
0
0
0
0
0
0
0
0
0
0
0
0
0
0
0
0
0
0
0
0
0
0
0
0
0
0
0
0
0
0
0
0
0
0
0
0
0
0
0
0
0
0
0
0
0
0
0
0
0
0
0
0
0
0
0
0
0
0
0
0
0
0
0
0
0
0
0
0
0
0
0
0
0
0
0
0
0
0
0
0
0
0
0
0
0
0
0
0
0
0
0
0
0
0
0
0
0
0
0
0
0
0
0
0
0
0
0
0
0
0
0
0
0
0
0
0
0
0
0
0
0
0
0
0
0
0
0
0
0
0
0
0
0
0
0
0
0
0
0
0
0
0
0
0
0
0
0
0
0
0
0
0
0
0
0
0
0
0
0
0
0
0
0
0
0
0
0
0
0
0
0
0
0
0
0
0
0
0
0
0
0
0
0
0
0
0
0
0
0
0
0
0
0
0
0
0
0
0
0
0
0
0
0
0
0
0
0
0
0
0
0
0
0
0
0
0
0
0
0
0
0
0
0
0
0
0
0
0
0
0
0
0
0
0
0
0
0
0
0
0
0
0
0
0
0
0
0
0
0
0
0
0
0
0
0
0
0
0
0
0
0
0
0
0
0
0
0
0
0
0
0
0
0
0
0
0
0
0
0
0
0
0
0
0
0
0
0
0
0
0
0
0
0
0
0
0
0
0
0
0
0
0
0
0
0
0
0
0
0
0
0
0
0
0
0
0
0
0
0
0
0
0
0
0
0
0
0
0
0
0
0
0
0
0
0
0
0
0
0
0
0
0
0
0
0
0
0
0
0
0
0
0
0
0
0
0
0
0
0
0
0
0
0
0
0
0
0
0
0
0
0
0
0
0
0
0
0
0
0
0
0
0
0
0
0
0
0
0
0
0
0
0
0
0
0
0
0
0
0
0
0
0
0
0
0
0
0
0
0
0
0
0
0
0
0
0
0
0
0
0
0
0
0
0
0
0
0
0
0
0
0
0
0
0
0
0
0
0
0
0
0
0
0
0
0
0
0
0
0
0
0
0
0
0
0
0
0
0
0
0
0
0
0
0
0
0
0
0
0
0
0
0
0
0
0
0
0
0
0
0
0
0
0
0
0
0
0
0
0
0
0
0
0
0
0
0
0
0
0
0
0
0
0
0
0
0
0
0
0
0
0
0
0
0
0
0
0
0
0
0
0
0
0
0
0
0
0
0
0
0
0
0
0
0
0
0
0
0
0
0
0
0
0
0
0
0
0
0
0
0
0
0
0
0
0
0
0
0
0
0
0
0
0
0
0
0
0
0
0
0
0
0
0
0
0
0
0
0
0
0
0
0
0
0
0
0
0
0
0
0
0
0
0
0
0
0
0
0
0
0
0
0
0
0
0
0
0
0
0
0
0
0
0
0
0
0
0
0
0
0
0
0
0
0
0
0
0
0
0
0
0
0
0
0
0
0
0
0
0
0
0
0
0
0
0
0
0
0
0
0
0
0
0
0
0
0
0
0
0
0
0
0
0
0
0
0
0
0
0
0
0
0
0
0
0
0
0
0
0
0
0
0
0
0
0
0
0
0
0
0
0
0
0
0
0
0
0
0
0
0
0
0
0
0
0
0
0
0
0
0
0
0
0
0
0
0
0
0
0
0
0
0
0
0
0
0
0
0
0
0
0
0
0
0
0
0
0
0
0
0
0
0
0
0
0
0
0
0
0
0
0
0
0
0
0
0
0
0
0
0
0
0
0
0
0
0
0
0
0
0
0
0
0
0
0
0
0
0
0
0
0
0
0
0
0
0
0
0
0
0
0
0
0
0
0
0
0
0
0
0
0
0
0
0
0
0
0
0
0
0
0
0
0
0
0
0
0
0
0
0
0
0
0
0
0
0
0
0
0
0
0
0
0
0
0
0
0
0
0
0
0
0
0
0
0
0
0
0
0
0
0
0
0
0
0
0
0
0
0
0
0
0
0
0
0
0
0
0
0
0
0
0
0
0
0
0
0
0
0
0
0
0
0
0
0
0
0
0
0
0
0
0
0
0
0
0
0
0
0
0
0
0
0
0
0
0
0
0
0
0
0
0
0
0
0
0
0
0
0
0
0
0
0
0
0
0
0
0
0
0
0
0
0
0
0
0
0
0
0
0
0
0
0
0
0
0
0
0
0
0
0
0
0
0
0
0
0
0
0
0
0
0
0
0
0
0
0
0
0
0
0
0
0
0
0
0
0
0
0
0
0
0
0
0
0
0
0
0
0
0
0
0
0
0
0
0
0
0
0
0
0
0
0
0
0
0
0
0
0
0
0
0
0
0
0
0
0
0
0
0
0
0
0
0
0
0
0
0
0
0
0
0
0
0
0
0
0
0
0
0
0
0
0
0
0
0
0
0
0
0
0
0
0
0
0
0
0
0
0
0
0
0
0
0
0
0
0
0
0
0
0
0
0
0
0
0
0
0
0
0
0
0
0
0
0
0
0
0
0
0
0
0
0
0
0
0
0
0
0
0
0
0
0
0
0
0
0
0
0
0
0
0
0
0
0
0
0
0
0
0
0
0
0
0
0
0
0
0
0
0
0
0
0
0
0
0
0
0
0
0
0
0
0
0
0
0
0
0
0
0
0
0
0
0
0
0
0
0
0
0
0
0
0
0
0
0
0
0
0
0
0
0
0
0
0
0
0
0
0
0
0
0
0
0
0
0
0
0
0
0
0
0
0
0
0
0
0
0
0
0
0
0
0
0
0
0
0
0
0
0
0
0
0
0
0
0
0
0
0
0
0
0
0
0
0
0
0
0
0
0
0
0
0
0
0
0
0
0
0
0
0
0
0
0
0
0
0
0
0
0
0
0
0
0
0
0
0
0
0
0
0
0
0
0
0
0
0
0
0
0
0
0
0
0
0
0
0
0
0
0
0
0
0
0
0
0
0
0
0
0
0
0
0
0
0
0
0
0
0
0
0
0
0
0
0
0
0
0
0
0
0
0
0
0
0
0
0
0
0
0
0
0
0
0
0
0
0
0
0
0
0
0
0
0
0
0
0
0
0
0
0
0
0
0
0
0
0
0
0
0
0
0
0
0
0
0
0
0
0
0
0
0
0
0
0
0
0
0
0
0
0
0
0
0
0
0
0
0
0
0
0
0
0
0
0
0
0
0
0
0
0
0
0
0
0
0
0
0
0
0
0
0
0
0
0
0
0
0
0
0
0
0
0
0
0
0
0
0
0
0
0
0
0
0
0
0
0
0
0
0
0
0
0
0
0
0
0
0
0
0
0
0
0
0
0
0
0
0
0
0
0
0
0
0
0
0
0
0
0
0
0
0
0
0
0
0
0
0
0
0
0
0
0
0
0
0
0
0
0
0
0
0
0
0
0
0
0
0
0
0
0
0
0
0
0
0
0
0
0
0
0
0
0
0
0
0
0
0
0
0
0
0
0
0
0
0
0
0
0
0
0
0
0
0
0
0
0
0
0
0
0
0
0
0
0
0
0
0
0
0
0
0
0
0
0
0
0
0
0
0
0
0
0
0
0
0
0
0
0
0
0
0
0
0
0
0
0
0
0
0
0
0
0
0
0
0
0
0
0
0
0
0
0
0
0
0
0
0
0
0
0
0
0
0
0
0
0
0
0
0
0
0
0
0
0
0
0
0
0
0
0
0
0
0
0
0
0
0
0
0
0
0
0
0
0
0
0
0
0
0
0
0
0
0
0
0
0
0
0
0
0
0
0
0
0
0
0
0
0
0
0
0
0
0
0
0
0
0
0
0
0
0
0
0
0
0
0
0
0
0
0
0
0
0
0
0
0
0
0
0
0
0
0
0
0
0
0
0
0
0
0
0
0
0
0
0
0
0
0
0
0
0
0
0
0
0
0
0
0
0
0
0
0
0
0
0
0
0
0
0
0
0
0
0
0
0
0
0
0
0
0
0
0
0
0
0
0
0
0
0
0
0
0
0
0
0
0
0
0
0
0
0
0
0
0
0
0
0
0
0
0
0
0
0
0
0
0
0
0
0
0
0
0
0
0
0
0
0
0
0
0
0
0
0
0
0
0
0
0
0
0
0
0
0
0
0
0
0
0
0
0
0
0
0
0
0
0
0
0
0
0
0
0
0
0
0
0
0
0
0
0
0
0
0
0
0
0
0
0
0
0
0
0
0
0
0
0
0
0
0
0
0
0
0
0
0
0
0
0
0
0
0
0
0
0
0
0
0
0
0
0
0
0
0
0
0
0
0
0
0
0
0
0
0
0
0
0
0
0
0
0
0
0
0
0
0
0
0
0
0
0
0
0
0
0
0
0
0
0
0
0
0
0
0
0
0
0
0
0
0
0
0
0
0
0
0
0
0
0
0
0
0
0
0
0
0
0
0
0
0
0
0
0
0
0
0
0
0
0
0
0
0
0
0
0
0
0
0
0
0
0
0
0
0
0
0
0
0
0
0
0
0
0
0
0
0
0
0
0
0
0
0
0
0
0
0
0
0
0
0
0
0
0
0
0
0
0
0
0
0
0
0
0
0
0
0
0
0
0
0
0
0
0
0
0
0
0
0
0
0
0
0
0
0
0
0
0
0
0
0
0
0
0
0
0
0
0
0
0
0
0
0
0
0
0
0
0
0
0
0
0
0
0
0
0
0
0
0
0
0
0
0
0
0
0
0
0
0
0
0
0
0
0
0
0
0
0
0
0
0
0
0
0
0
0
0
0
0
0
0
0
0
0
0
0
0
0
0
0
0
0
0
0
0
0
0
0
0
0
0
0
0
0
0
0
0
0
0
0
0
0
0
0
0
0
0
0
0
0
0
0
0
0
0
0
0
0
0
0
0
0
0
0
0
0
0
0
0
0
0
0
0
0
0
0
0
0
0
0
0
0
0
0
0
0
0
0
0
0
0
0
0
0
0
0
0
0
0
0
0
0
0
0
0
0
0
0
0
0
0
0
0
0
0
0
0
0
0
0
0
0
0
0
0
0
0
0
0
0
0
0
0
0
0
0
0
0
0
0
0
0
0
0
0
0
0
0
0
0
0
0
0
0
0
0
0
0
0
0
0
0
0
0
0
0
0
0
0
0
0
0
0
0
0
0
0
0
0
0
0
0
0
0
0
0
0
0
0
0
0
0
0
0
0
0
0
0
0
0
0
0
0
0
0
0
0
0
0
0
0
0
0
0
0
0
0
0
0
0
0
0
0
0
0
0
0
0
0
0
0
0
0
0
0
0
0
0
0
0
0
0
0
0
0
0
0
0
0
0
0
0
0
0
0
0
0
0
0
0
0
0
0
0
0
0
0
0
0
0
0
0
0
0
0
0
0
0
0
0
0
0
0
0
0
0
0
0
0
0
0
0
0
0
0
0
0
0
0
0
0
0
0
0
0
0
0
0
0
0
0
0
0
0
0
0
0
0
0
0
0
0
0
0
0
0
0
0
0
0
0
0
0
0
0
0
0
0
0
0
0
0
0
0
0
0
0
0
0
0
0
0
0
0
0
0
0
0
0
0
0
0
0
0
0
0
0
0
0
0
0
0
0
0
0
0
0
0
0
0
0
0
0
0
0
0
0
0
0
0
0
0
0
0
0
0
0
0
0
0
0
0
0
0
0
0
0
0
0
0
0
0
0
0
0
0
0
0
0
0
0
0
0
0
0
0
0
0
0
0
0
0
0
0
0
0
0
0
0
0
0
0
0
0
0
0
0
0
0
0
0
0
0
0
0
0
0
0
0
0
0
0
0
0
0
0
0
0
0
0
0
0
0
0
0
0
0
0
0
0
0
0
0
0
0
0
0
0
0
0
0
0
0
0
0
0
0
0
0
0
0
0
0
0
0
0
0
0
0
0
0
0
0
0
0
0
0
0
0
0
0
0
0
0
0
0
0
0
0
0
0
0
0
0
0
0
0
0
0
0
0
0
0
0
0
0
0
0
0
0
0
0
0
0
0
0
0
0
0
0
0
0
0
0
0
0
0
0
0
0
0
0
0
0
0
0
0
0
0
0
0
0
0
0
0
0
0
0
0
0
0
0
0
0
0
0
0
0
0
0
0
0
0
0
0
0
0
0
0
0
0
0
0
0
0
0
0
0
0
0
0
0
0
0
0
0
0
0
0
0
0
0
0
0
0
0
0
0
0
0
0
0
0
0
0
0
0
0
0
0
0
0
0
0
0
0
0
0
0
0
0
0
0
0
0
0
0
0
0
0
0
0
0
0
0
0
0
0
0
0
0
0
0
0
0
0
0
0
0
0
0
0
0
0
0
0
0
0
0
0
0
0
0
0
0
0
0
0
0
0
0
0
0
0
0
0
0
0
0
0
0
0
0
0
0
0
0
0
0
0
0
0
0
0
0
0
0
0
0
0
0
0
0
0
0
0
0
0
0
0
0
0
0
0
0
0
0
0
0
0
0
0
0
0
0
0
0
0
0
0
0
0
0
0
0
0
0
0
0
0
0
0
0
0
0
0
0
0
0
0
0
0
0
0
0
0
0
0
0
0
0
0
0
0
0
0
0
0
0
0
0
0
0
0
0
0
0
0
0
0
0
0
0
0
0
0
0
0
0
0
0
0
0
0
0
0
0
0
0
0
0
0
0
0
0
0
0
0
0
0
0
0
0
0
0
0
0
0
0
0
0
0
0
0
0
0
0
0
0
0
0
0
0
0
0
0
0
0
0
0
0
0
0
0
0
0
0
0
0
0
0
0
0
0
0
0
0
0
0
0
0
0
0
0
0
0
0
0
0
0
0
0
0
0
0
0
0
0
0
0
0
0
0
0
0
0
0
0
0
0
0
0
0
0
0
0
0
0
0
0
0
0
0
0
0
0
0
0
0
0
0
0
0
0
0
0
0
0
0
0
0
0
0
0
0
0
0
0
0
0
0
0
0
0
0
0
0
0
0
0
0
0
0
0
0
0
0
0
0
0
0
0
0
0
0
0
0
0
0
0
0
0
0
0
0
0
0
0
0
0
0
0
0
0
0
0
0
0
0
0
0
0
0
0
0
0
0
0
0
0
0
0
0
0
0
0
0
0
0
0
0
0
0
0
0
0
0
0
0
0
0
0
0
0
0
0
0
0
0
0
0
0
0
0
0
0
0
0
0
0
0
0
0
0
0
0
0
0
0
0
0
0
0
0
0
0
0
0
0
0
0
0
0
0
0
0
0
0
0
0
0
0
0
0
0
0
0
0
0
0
0
0
0
8.53694e-06
0.0001492
0.0101649
0.10425
0.45943
1.62156
3.66147
6.1092
8.19631
9.77684
10.7169
11.0428
10.2299
9.0135
8.22167
8.23281
8.65761
9.27092
9.95588
10.6307
11.1011
11.108
10.7882
11.0109
12.2687
11.6265
10.3616
9.42595
9.11691
9.37262
10.4372
10.7677
10.6212
10.7839
10.7257
10.9838
11.2618
11.1029
10.8347
10.6046
11.0611
11.7391
11.3209
10.6857
10.2189
9.3828
8.8819
8.90203
9.23418
9.40954
8.07736
4.98588
2.61567
1.06898
0.486196
0.206261
0.0706463
0.00810196
0.000807024
3.23806e-05
0
0
0
2.52931e-06
0.000199128
0.00373986
0.0458939
0.290048
1.11006
2.50117
3.82926
6.01213
8.62844
9.73534
10.3583
9.99559
9.42465
8.83338
8.32143
8.16229
8.44606
9.01878
9.67606
10.38
10.8719
11.1304
10.8288
10.6845
11.1619
11.5275
10.5975
9.36581
8.69772
9.80169
10.6399
11.0642
10.7809
10.9569
10.8598
11.1009
11.4588
11.4828
11.4535
11.3825
11.5727
11.6543
11.3919
10.6084
10.1944
9.27177
8.87815
8.85062
8.98976
8.93432
8.45118
6.68801
4.35064
2.78348
1.15267
0.317569
0.125866
0.0363824
0.00521825
0.000338167
9.14852e-06
0
0
0
0
0.000902178
0.0155069
0.225279
0.569295
2.10321
2.59414
3.95606
0.910554
2.61055
3.80269
0.604941
1.37638
2.34079
0.562186
0.645327
2.05271
2.62887
3.32324
5.20191
5.95201
8.40703
8.95358
9.04934
9.74416
10.1461
10.0252
8.82394
8.7467
9.74034
10.4566
11.2713
11.0903
11.5281
11.474
11.3
10.9082
10.6784
10.4837
11.0609
11.4525
11.2266
11.3588
10.5318
10.213
7.05878
4.36949
2.61077
1.8354
1.20392
0.529489
3.10815
0.984214
0.207574
0.670463
0.231581
0.115655
0.013745
0.00278756
7.71664e-05
9.31853e-06
0
0
0
0
7.04088e-05
0.00292798
0.0411799
0.0713501
0.523367
0.685476
2.02329
0.0857118
0.0466555
0.189685
0.0401341
0.0819457
0.262163
0.0277317
0.00294579
0.113383
0.320827
0.397736
0.64769
0.847974
1.92898
3.06405
3.72808
5.48537
6.09601
7.78879
5.88462
7.67245
9.62964
10.0024
10.3857
10.8565
10.8821
11.3995
10.0849
8.49842
7.17273
8.11263
9.28407
10.6018
11.2427
11.1334
10.2352
9.32801
4.46373
1.40973
0.254597
0.241876
0.00970398
0.000752324
0.410263
0.0504835
0.00484813
0.21098
0.0500364
0.0196087
0.000660612
0.00018243
1.55387e-05
0
0
0
0
0
0
0
1.47051e-06
5.45565e-06
1.16913e-05
7.82122e-06
2.13283e-05
0.000103347
6.55652e-05
0.000119583
2.97927e-05
2.15751e-05
3.57073e-05
7.73849e-05
0.000166503
0.00108061
0.00516515
0.00761461
0.033092
0.099252
0.230404
0.384157
0.75759
1.93536
2.93467
3.74565
3.03271
5.51726
7.83997
8.99469
9.14332
9.09717
9.03156
9.81236
6.94831
4.51861
3.90771
4.51511
5.41965
7.96187
10.4575
9.5532
7.78177
5.96751
2.00568
0.264418
0.0332301
0.00217501
5.88183e-05
1.08942e-05
7.42163e-06
0
0
0
0
0
0
0
0
0
0
0
0
0
0
0
0
0
0
0
0
0
0
0
0
0
0
0
0
0
0
0
0.000211121
0.000750644
0.00813855
0.0276298
0.0485951
0.170574
0.32007
0.742751
1.19714
3.33845
4.81347
5.40637
5.56104
4.52408
4.10684
3.97432
1.72629
0.537677
0.638098
0.676431
0.499439
1.22093
2.17736
1.39252
1.21956
0.4384
0.0490507
2.17462e-06
0
0
0
0
0
0
0
0
0
0
0
0
0
0
0
0
0
0
0
0
0
0
0
0
0
0
0
0
0
0
0
0
0
0
0
0
0
0
0
0
0
8.16358e-06
0.000132561
0.00224635
0.0227818
0.115407
0.328974
0.996148
1.76312
0.9472
0.172296
0.0187076
0.00018654
2.11255e-05
5.73245e-05
3.14592e-05
2.10705e-05
0.00363759
0.00178798
0.00105362
0.000275709
5.58931e-05
6.58846e-06
0
0
0
0
0
0
0
0
0
0
0
0
0
0
0
0
0
0
0
0
0
0
0
0
0
0
0
0
0
0
0
0
0
0
0
0
0
0
0
0
0
0
1.81287e-06
3.78174e-05
0.000110257
0.000390303
0.00171891
0.0124702
0.0418769
0.0722635
0.0395713
0.00364643
7.88877e-05
8.25548e-06
0
0
3.07753e-06
1.25733e-05
7.13859e-05
0.000315556
0.000221956
6.66014e-05
8.984e-06
0
0
0
0
0
0
0
0
0
0
0
0
0
0
0
0
0
0
0
0
0
0
0
0
0
0
0
0
0
0
0
0
0
0
0
0
0
0
0
0
0
0
0
0
1.34007e-05
3.94158e-05
0.000245996
0.00154516
0.00488968
0.0138912
0.0339012
0.0155077
0.000818757
4.8624e-06
0
0
0
1.50957e-06
7.0865e-06
2.59332e-05
0.00010846
7.41049e-05
2.16139e-05
1.61966e-06
0
0
0
0
0
0
0
0
0
0
0
0
0
0
0
0
0
0
0
0
0
0
0
0
0
0
0
0
0
0
0
0
0
0
0
0
0
0
0
0
0
0
0
0
2.62596e-06
1.4823e-05
0.000159488
0.00101832
0.00357243
0.00834993
0.0122747
0.00562808
0.000342263
0
0
0
0
0
1.70307e-06
3.30397e-06
1.22177e-05
8.89389e-06
4.07647e-06
0
0
0
0
0
0
0
0
0
0
0
0
0
0
0
0
0
0
0
0
0
0
0
0
0
0
0
0
0
0
0
0
0
0
0
0
0
0
0
0
0
0
0
0
0
0
1.85159e-06
1.84848e-05
0.000237578
0.000723286
0.0015845
0.00192638
0.000618194
2.92583e-05
0
0
0
0
0
0
0
0
0
0
0
0
0
0
0
0
0
0
0
0
0
0
0
0
0
0
0
0
0
0
0
0
0
0
0
0
0
0
0
0
0
0
0
0
0
0
0
0
0
0
0
0
0
0
0
0
0
0
3.79344e-06
1.14015e-05
2.43194e-05
1.41771e-05
0
0
0
0
0
0
0
0
0
0
0
0
0
0
0
0
0
0
0
0
0
0
0
0
0
0
0
0
0
0
0
0
0
0
0
0
0
0
0
0
0
0
0
0
0
0
0
0
0
0
0
0
0
0
0
0
0
0
0
0
0
0
0
0
0
0
0
0
0
0
0
0
0
0
0
0
0
0
0
0
0
0
0
0
0
0
0
0
0
0
0
0
0
0
0
0
0
0
0
0
0
0
0
0
0
0
0
0
0
0
0
0
0
0
0
0
0
0
0
0
0
0
0
0
0
0
0
0
0
0
0
0
0
0
0
0
0
0
0
0
0
0
0
0
0
0
0
0
0
0
0
0
0
0
0
0
0
0
0
0
0
0
0
0
0
0
0
0
0
0
0
0
0
0
0
0
0
0
0
0
0
0
0
0
0
0
0
0
0
0
0
0
0
0
0
0
0
0
0
0
0
0
0
0
0
0
0
0
0
0
0
0
0
0
0
0
0
0
0
0
0
0
0
0
0
0
0
0
0
0
0
0
0
0
0
0
0
0
0
0
0
0
0
0
0
0
0
0
0
0
0
0
0
0
0
0
0
0
0
0
0
0
0
0
0
0
0
0
0
0
0
0
0
0
0
0
0
0
0
0
0
0
0
0
0
0
0
0
0
0
0
0
0
0
0
0
0
0
0
0
0
0
0
0
0
0
0
0
0
0
0
0
0
0
0
0
0
0
0
0
0
0
0
0
0
0
0
0
0
0
0
0
0
0
0
0
0
0
0
0
0
0
0
0
0
0
0
0
0
0
0
0
0
0
0
0
0
0
0
0
0
0
0
0
0
0
0
0
0
0
0
0
0
0
0
0
0
0
0
0
0
0
0
0
0
0
0
0
0
0
0
0
0
0
0
0
0
0
0
0
0
0
0
0
0
0
0
0
0
0
0
0
0
0
0
0
0
0
0
0
0
0
0
0
0
0
0
0
0
0
0
0
0
0
0
0
0
0
0
0
0
0
0
0
0
0
0
0
0
0
0
0
0
0
0
0
0
0
0
0
0
0
0
0
0
0
0
0
0
0
0
0
0
0
0
0
0
0
0
0
0
0
0
0
0
0
0
0
0
0
0
0
0
0
0
0
0
0
0
0
0
0
0
0
0
0
0
0
0
0
0
0
0
0
0
0
0
0
0
0
0
0
0
0
0
0
0
0
0
0
0
0
0
0
0
0
0
0
0
0
0
0
0
0
0
0
0
0
0
0
0
0
0
0
0
0
0
0
0
0
0
0
0
0
0
0
0
0
0
0
0
0
0
0
0
0
0
0
0
0
0
0
0
0
0
0
0
0
0
0
0
0
0
0
0
0
0
0
0
0
0
0
0
0
0
0
0
0
0
0
0
0
0
0
0
0
0
0
0
0
0
0
0
0
0
0
0
0
0
0
0
0
0
0
0
0
0
0
0
0
0
0
0
0
0
0
0
0
0
0
0
0
0
0
0
0
0
0
0
0
0
0
0
0
0
0
0
0
0
0
0
0
0
0
0
0
0
0
0
0
0
0
0
0
0
0
0
0
0
0
0
0
0
0
0
0
0
0
0
0
0
0
0
0
0
0
0
0
0
0
0
0
0
0
0
0
0
0
0
0
0
0
0
0
0
0
0
0
0
0
0
0
0
0
0
0
0
0
0
0
0
0
0
0
0
0
0
0
0
0
0
0
0
0
0
0
0
0
0
0
0
0
0
0
0
0
0
0
0
0
0
0
0
0
0
0
0
0
0
0
0
0
0
0
0
0
0
0
0
0
0
0
0
0
0
0
0
0
0
0
0
0
0
0
0
0
0
0
0
0
0
0
0
0
0
0
0
0
0
0
0
0
0
0
0
0
0
0
0
0
0
0
0
0
0
0
0
0
0
0
0
0
0
0
0
0
0
0
0
0
0
0
0
0
0
0
0
0
0
0
0
0
0
0
0
0
0
0
0
0
0
0
0
0
0
0
0
0
0
0
0
0
0
0
0
0
0
0
0
0
0
0
0
0
0
0
0
0
0
0
0
0
0
0
0
0
0
0
0
0
0
0
0
0
0
0
0
0
0
0
0
0
0
0
0
0
0
0
0
0
0
0
0
0
0
0
0
0
0
0
0
0
0
0
0
0
0
0
0
0
0
0
0
0
0
0
0
0
0
0
0
0
0
0
0
0
0
0
0
0
0
0
0
0
0
0
0
0
0
0
0
0
0
0
0
0
0
0
0
0
0
0
0
0
0
0
0
0
0
0
0
0
0
0
0
0
0
0
0
0
0
0
0
0
0
0
0
0
0
0
0
0
0
0
0
0
0
0
0
0
0
0
0
0
0
0
0
0
0
0
0
0
0
0
0
0
0
0
0
0
0
0
0
0
0
0
0
0
0
0
0
0
0
0
0
0
0
0
0
0
0
0
0
0
0
0
0
0
0
0
0
0
0
0
0
0
0
0
0
0
0
0
0
0
0
0
0
0
0
0
0
0
0
0
0
0
0
0
0
0
0
0
0
0
0
0
0
0
0
0
0
0
0
0
0
0
0
0
0
0
0
0
0
0
0
0
0
0
0
0
0
0
0
0
0
0
0
0
0
0
0
0
0
0
0
0
0
0
0
0
0
0
0
0
0
0
0
0
0
0
0
0
0
0
0
0
0
0
0
0
0
0
0
0
0
0
0
0
0
0
0
0
0
0
0
0
0
0
0
0
0
0
0
0
0
0
0
0
0
0
0
0
0
0
0
0
0
0
0
0
0
0
0
0
0
0
0
0
0
0
0
0
0
0
0
0
0
0
0
0
0
0
0
0
0
0
0
0
0
0
0
0
0
0
0
0
0
0
0
0
0
0
0
0
0
0
0
0
0
0
0
0
0
0
0
0
0
0
0
0
0
0
0
0
0
0
0
0
0
0
0
0
0
0
0
0
0
0
0
0
0
0
0
0
0
0
0
0
0
0
0
0
0
0
0
0
0
0
0
0
0
0
0
0
0
0
0
0
0
0
0
0
0
0
0
0
0
0
0
0
0
0
0
0
0
0
0
0
0
0
0
0
0
0
0
0
0
0
0
0
0
0
0
0
0
0
0
0
0
0
0
0
0
0
0
0
0
0
0
0
0
0
0
0
0
0
0
0
0
0
0
0
0
0
0
0
0
0
0
0
0
0
0
0
0
0
0
0
0
0
0
0
0
0
0
0
0
0
0
0
0
0
0
0
0
0
0
0
0
0
0
0
0
0
0
0
0
0
0
0
0
0
0
0
0
0
0
0
0
0
0
0
0
0
0
0
0
0
0
0
0
0
0
0
0
0
0
0
0
0
0
0
0
0
0
0
0
0
0
0
0
0
0
0
0
0
0
0
0
0
0
0
0
0
0
0
0
0
0
0
0
0
0
0
0
0
0
0
0
0
0
0
0
0
0
0
0
0
0
0
0
0
0
0
0
0
0
0
0
0
0
0
0
0
0
0
0
0
0
0
0
0
0
0
0
0
0
0
0
0
0
0
0
0
0
0
0
0
0
0
0
0
0
0
0
0
0
0
0
0
0
0
0
0
0
0
0
0
0
0
0
0
0
0
0
0
0
0
0
0
0
0
0
0
0
0
0
0
0
0
0
0
0
0
0
0
0
0
0
0
0
0
0
0
0
0
0
0
0
0
0
0
0
0
0
0
0
0
0
0
0
0
0
0
0
0
0
0
0
0
0
0
0
0
0
0
0
0
0
0
0
0
0
0
0
0
0
0
0
0
0
0
0
0
0
0
0
0
0
0
0
0
0
0
0
0
0
0
0
0
0
0
0
0
0
0
0
0
0
0
0
0
0
0
0
0
0
0
0
0
0
0
0
0
0
0
0
0
0
0
0
0
0
0
0
0
0
0
0
0
0
0
0
0
0
0
0
0
0
0
0
0
0
0
0
0
0
0
0
0
0
0
0
0
0
0
0
0
0
0
0
0
0
0
0
0
0
0
0
0
0
0
0
0
0
0
0
0
0
0
0
0
0
0
0
0
0
0
0
0
0
0
0
0
0
0
0
0
0
0
0
0
0
0
0
0
0
0
0
0
0
0
0
0
0
0
0
0
0
0
0
0
0
0
0
0
0
0
0
0
0
0
0
0
0
0
0
0
0
0
0
0
0
0
0
0
0
0
0
0
0
0
0
0
0
0
0
0
0
0
0
0
0
0
0
0
0
0
0
0
0
0
0
0
0
0
0
0
0
0
0
0
0
0
0
0
0
0
0
0
0
0
0
0
0
0
0
0
0
0
0
0
0
0
0
0
0
0
0
0
0
0
0
0
0
0
0
0
0
0
0
0
0
0
0
0
0
0
0
0
0
0
0
0
0
0
0
0
0
0
0
0
0
0
0
0
0
0
0
0
0
0
0
0
0
0
0
0
0
0
0
0
0
0
0
0
0
0
0
0
0
0
0
0
0
0
0
0
0
0
0
0
0
0
0
0
0
0
0
0
0
0
0
0
0
0
0
0
0
0
0
0
0
0
0
0
0
0
0
0
0
0
0
0
0
0
0
0
0
0
0
0
0
0
0
0
0
0
0
0
0
0
0
0
0
0
0
0
0
0
0
0
0
0
0
0
0
0
0
0
0
0
0
0
0
0
0
0
0
0
0
0
0
0
0
0
0
0
0
0
0
0
0
0
0
0
0
0
0
0
0
0
0
0
0
0
0
0
0
0
0
0
0
0
0
0
0
0
0
0
0
0
0
0
0
0
0
0
0
0
0
0
0
0
0
0
0
0
0
0
0
0
0
0
0
0
0
0
0
0
0
0
0
0
0
0
0
0
0
0
0
0
0
0
0
0
0
0
0
0
0
0
0
0
0
0
0
0
0
0
0
0
0
0
0
0
0
0
0
0
0
0
0
0
0
0
0
0
0
0
0
0
0
0
0
0
0
0
0
0
0
0
0
0
0
0
0
0
0
0
0
0
0
0
0
0
0
0
0
0
0
0
0
0
0
0
0
0
0
0
0
0
0
0
0
0
0
0
0
0
0
0
0
0
0
0
0
0
0
0
0
0
0
0
0
0
0
0
0
0
0
0
0
0
0
0
0
0
0
0
0
0
0
0
0
0
0
0
0
0
0
0
0
0
0
0
0
0
0
0
0
0
0
0
0
0
0
0
0
0
0
0
0
0
0
0
0
0
0
0
0
0
0
0
0
0
0
0
0
0
0
0
0
0
0
0
0
0
0
0
0
0
0
0
0
0
0
0
0
0
0
0
0
0
0
0
0
0
0
0
0
0
0
0
0
0
0
0
0
0
0
0
0
0
0
0
0
0
0
0
0
0
0
0
0
0
0
0
0
0
0
0
0
0
0
0
0
0
0
0
0
0
0
0
0
0
0
0
0
0
0
0
0
0
0
0
0
0
0
0
0
0
0
0
0
0
0
0
0
0
0
0
0
0
0
0
0
0
0
0
0
0
0
0
0
0
0
0
0
0
0
0
0
0
0
0
0
0
0
0
0
0
0
0
0
0
0
0
0
0
0
0
0
0
0
0
0
0
0
0
0
0
0
0
0
0
0
0
0
0
0
0
0
0
0
0
0
0
0
0
0
0
0
0
0
0
0
0
0
0
0
0
0
0
0
0
0
0
0
0
0
0
0
0
0
0
0
0
0
0
0
0
0
0
0
0
0
0
0
0
0
0
0
0
0
0
0
0
0
0
0
0
0
0
0
0
0
0
0
0
0
0
0
0
0
0
0
0
0
0
0
0
0
0
0
0
0
0
0
0
0
0
0
0
0
0
0
0
0
0
0
0
0
0
0
0
0
0
0
0
0
0
0
0
0
0
0
0
0
0
0
0
0
0
0
0
0
0
0
0
0
0
0
0
0
0
0
0
0
0
0
0
0
0
0
0
0
0
0
0
0
0
0
0
0
0
0
0
0
0
0
0
0
0
0
0
0
0
0
0
0
0
0
0
0
0
0
0
0
0
0
0
0
0
0
0
0
0
0
0
0
0
0
0
0
0
0
0
0
0
0
0
0
0
0
0
0
0
0
0
0
0
0
0
0
0
0
0
0
0
0
0
0
0
0
0
0
0
0
0
0
0
0
0
0
0
0
0
0
0
0
0
0
0
0
0
0
0
0
0
0
0
0
0
0
0
0
0
0
0
0
0
0
0
0
0
0
0
0
0
0
0
0
0
0
0
0
0
0
0
0
0
0
0
0
0
0
0
0
0
0
0
0
0
0
0
0
0
0
0
0
0
0
0
0
0
0
0
0
0
0
0
0
0
0
0
0
0
0
0
0
0
0
0
0
0
0
0
0
0
0
0
0
0
0
0
0
0
0
0
0
0
0
0
0
0
0
0
0
0
0
0
0
0
0
0
0
0
0
0
0
0
0
0
0
0
0
0
0
0
0
0
0
0
0
0
0
0
0
0
0
0
0
0
0
0
0
0
0
0
0
0
0
0
0
0
0
0
0
0
0
0
0
0
0
0
0
0
0
0
0
0
0
0
0
0
0
0
0
0
0
0
0
0
0
0
0
0
0
0
0
0
0
0
0
0
0
0
0
0
0
0
0
0
0
0
0
0
0
0
0
0
0
0
0
0
0
0
0
0
0
0
0
0
0
0
0
0
0
0
0
0
0
0
0
0
0
0
0
0
0
0
0
0
0
0
0
0
0
0
0
0
0
0
0
0
0
0
0
0
0
0
0
0
0
0
0
0
0
0
0
0
0
0
0
0
0
0
0
0
0
0
0
0
0
0
0
0
0
0
0
0
0
0
0
0
0
0
0
0
0
0
0
0
0
0
0
0
0
0
0
0
0
0
0
0
0
0
0
0
0
0
0
0
0
0
0
0
0
0
0
0
0
0
0
0
0
0
0
0
0
0
0
0
0
0
0
0
0
0
0
0
0
0
0
0
0
0
0
0
0
0
0
0
0
0
0
0
0
0
0
0
0
0
0
0
0
0
0
0
0
0
0
0
0
0
0
0
0
0
0
0
0
0
0
0
0
0
0
0
0
0
0
0
0
0
0
0
0
0
0
0
0
0
0
0
0
0
0
0
0
0
0
0
0
0
0
0
0
0
0
0
0
0
0
0
0
0
0
0
0
0
0
0
0
0
0
0
0
0
0
0
0
0
0
0
0
0
0
0
0
0
0
0
0
0
0
0
0
0
0
0
0
0
0
0
0
0
0
0
0
0
0
0
0
0
0
0
0
0
0
0
0
0
0
0
0
0
0
0
0
0
0
0
0
0
0
0
0
0
0
0
0
0
0
0
0
0
0
0
0
0
0
0
0
0
0
0
0
0
0
0
0
0
0
0
0
0
0
0
0
0
0
0
0
0
0
0
0
0
0
0
0
0
0
0
0
0
0
0
0
0
0
0
0
0
0
0
0
0
0
0
0
0
0
0
0
0
0
0
0
0
0
0
0
0
0
0
0
0
0
0
0
0
0
0
0
0
0
0
0
0
0
0
0
0
0
0
0
0
0
0
0
0
0
0
0
0
0
0
0
0
0
0
0
0
0
0
0
0
0
0
0
0
0
0
0
0
0
0
0
0
0
0
0
0
0
0
0
0
0
0
0
0
0
0
0
0
0
0
3.29842e-05
0.000541113
0.0231011
0.266517
1.04269
2.63414
5.17249
7.60823
9.89928
11.1237
11.3561
10.9673
10.0808
9.02676
8.25752
8.16814
8.59266
9.21619
9.91899
10.6731
11.3367
11.6547
11.5958
10.8482
10.3523
8.859
9.50895
8.86977
7.53355
8.13092
8.72582
8.55277
10.3472
10.9137
11.152
11.1598
11.0553
11.1187
11.6086
11.8238
11.6005
12.1448
11.5541
10.629
9.773
8.95957
8.899
9.38691
9.7449
9.6399
8.60077
6.58128
4.33339
2.13813
0.850683
0.304166
0.0558044
0.00827837
0.00113369
5.01983e-05
0
0
0
4.3476e-06
0.000269588
0.00743618
0.0886378
0.467322
1.87467
4.20505
5.74449
8.14301
10.2419
11.1394
11.1253
10.471
9.51859
8.75954
8.24803
8.14984
8.45726
9.02302
9.73555
10.5707
11.3373
11.6971
11.5536
10.7109
10.1865
8.62739
9.02966
8.60841
7.66079
7.62975
8.52149
8.37998
10.1167
10.8267
11.1592
11.2488
11.0042
11.0255
11.3964
11.6649
11.566
11.9622
11.4629
10.5884
9.61652
8.94529
8.8698
9.1966
9.48272
9.57201
8.80117
6.92668
4.70936
2.68959
1.06579
0.424125
0.199919
0.0550005
0.0051834
0.000287178
6.60899e-06
0
0
0
0
0.00125495
0.0656421
0.568669
1.92712
2.20818
3.96544
7.63692
7.85488
5.09373
6.36982
8.82124
7.15054
4.91548
7.43966
6.30023
6.73698
7.78009
5.09034
9.04371
10.5728
10.8267
10.8718
9.26205
9.94228
8.66817
8.7843
8.30936
7.67953
7.78351
8.57404
8.63895
10.2925
10.8117
11.1288
9.84381
10.9217
10.9602
11.0083
11.5568
11.4142
11.8701
11.2567
10.3264
9.6384
8.40076
7.71225
7.70049
3.56311
4.4414
5.18055
2.44127
1.39228
2.08592
1.20776
0.318928
0.0792354
0.0601905
0.00921285
0.000399347
0
0
0
0
0
0.000615174
0.00455637
0.117281
0.406615
0.183571
0.288866
2.8914
1.97513
0.0478086
0.20248
0.704824
0.573081
0.00119155
2.54163
0.94031
0.969418
0.817775
0.0179351
4.63761
5.94962
6.87732
7.33028
4.70273
7.59058
8.38226
8.14804
7.71981
7.86569
9.11941
9.51793
9.41711
10.1831
11.5586
11.4084
3.08419
9.63071
9.64214
8.66771
10.3225
9.78683
11.1799
11.0989
7.3704
8.22469
4.64595
2.42127
2.3245
0.00555601
0.0258447
0.0573233
0.0447131
0.00563726
0.349607
0.456112
0.00442604
0.00194
0.00391013
0.00114641
7.96177e-05
1.31849e-05
0
0
0
0
0
0
1.6511e-06
1.68219e-05
2.80338e-05
5.80408e-06
1.83023e-05
0.000206471
0.000409557
0.000461127
0.000940231
0.000110179
0.000273598
0.00034496
0.000267066
2.81354e-05
0.000127197
0.0010964
0.0012209
0.0507889
0.523842
1.08828
0.853009
2.00178
2.33249
2.12417
2.46359
4.17102
7.27545
8.74989
9.71624
9.34837
9.30072
5.5292
0.269293
0.440052
0.41897
1.17633
2.72935
4.31801
7.16847
5.39281
3.54004
0.471973
0.0928754
0.0140882
0
0
0
1.54336e-06
1.59445e-06
0
0
0
0
0
0
0
0
0
0
0
0
0
0
0
0
0
0
0
0
0
0
0
0
0
4.69947e-06
0
0
0
0
0
0
0
0.00606993
0.0402864
0.0464944
0.0221235
0.0789707
0.0117021
0.135475
1.12367
3.32079
4.88821
5.57541
5.97949
3.53605
0.684811
0.0712026
0.00138074
0.007237
0.0985531
0.0938441
0.600832
0.928942
0.245855
0.313902
4.16604e-05
4.66189e-06
0
0
0
0
0
0
0
0
0
0
0
0
0
0
0
0
0
0
0
0
0
0
0
0
0
0
0
0
0
0
0
0
0
0
0
0
0
0
0
0
3.46519e-06
2.13492e-06
2.6026e-06
2.00402e-05
0.000245279
0.00280841
0.0805516
0.51954
1.22299
2.18284
0.92801
0.130721
0.00540782
4.73531e-05
0
0
1.13333e-06
4.53259e-06
0.00156466
0.00431919
0.000243594
5.74036e-05
1.32249e-05
1.1763e-06
0
0
0
0
0
0
0
0
0
0
0
0
0
0
0
0
0
0
0
0
0
0
0
0
0
0
0
0
0
0
0
0
0
0
0
0
0
0
0
0
0
0
0
2.78265e-06
3.49934e-05
0.000259777
0.00164511
0.0108411
0.0452478
0.129613
0.0200156
0.000410017
1.91631e-06
0
0
0
0
1.89887e-06
1.17823e-05
6.42867e-05
8.16206e-05
1.48863e-05
1.3857e-06
0
0
0
0
0
0
0
0
0
0
0
0
0
0
0
0
0
0
0
0
0
0
0
0
0
0
0
0
0
0
0
0
0
0
0
0
0
0
0
0
0
0
0
0
0
5.69426e-06
0.000107907
0.00132626
0.00691247
0.0133862
0.0139123
0.00282678
4.72499e-05
0
0
0
0
0
0
0
3.72557e-06
7.45249e-06
2.75453e-06
0
0
0
0
0
0
0
0
0
0
0
0
0
0
0
0
0
0
0
0
0
0
0
0
0
0
0
0
0
0
0
0
0
0
0
0
0
0
0
0
0
0
0
0
0
0
1.53639e-06
4.10763e-05
0.000469991
0.00300652
0.00516876
0.00308006
0.00069255
7.30925e-06
0
0
0
0
0
0
0
0
0
0
0
0
0
0
0
0
0
0
0
0
0
0
0
0
0
0
0
0
0
0
0
0
0
0
0
0
0
0
0
0
0
0
0
0
0
0
0
0
0
0
0
0
0
0
0
0
0
0
2.63438e-05
0.000811201
0.00141628
0.000692946
5.35576e-05
0
0
0
0
0
0
0
0
0
0
0
0
0
0
0
0
0
0
0
0
0
0
0
0
0
0
0
0
0
0
0
0
0
0
0
0
0
0
0
0
0
0
0
0
0
0
0
0
0
0
0
0
0
0
0
0
0
0
0
0
5.61209e-06
8.46441e-06
3.50429e-06
0
0
0
0
0
0
0
0
0
0
0
0
0
0
0
0
0
0
0
0
0
0
0
0
0
0
0
0
0
0
0
0
0
0
0
0
0
0
0
0
0
0
0
0
0
0
0
0
0
0
0
0
0
0
0
0
0
0
0
0
0
0
0
0
0
0
0
0
0
0
0
0
0
0
0
0
0
0
0
0
0
0
0
0
0
0
0
0
0
0
0
0
0
0
0
0
0
0
0
0
0
0
0
0
0
0
0
0
0
0
0
0
0
0
0
0
0
0
0
0
0
0
0
0
0
0
0
0
0
0
0
0
0
0
0
0
0
0
0
0
0
0
0
0
0
0
0
0
0
0
0
0
0
0
0
0
0
0
0
0
0
0
0
0
0
0
0
0
0
0
0
0
0
0
0
0
0
0
0
0
0
0
0
0
0
0
0
0
0
0
0
0
0
0
0
0
0
0
0
0
0
0
0
0
0
0
0
0
0
0
0
0
0
0
0
0
0
0
0
0
0
0
0
0
0
0
0
0
0
0
0
0
0
0
0
0
0
0
0
0
0
0
0
0
0
0
0
0
0
0
0
0
0
0
0
0
0
0
0
0
0
0
0
0
0
0
0
0
0
0
0
0
0
0
0
0
0
0
0
0
0
0
0
0
0
0
0
0
0
0
0
0
0
0
0
0
0
0
0
0
0
0
0
0
0
0
0
0
0
0
0
0
0
0
0
0
0
0
0
0
0
0
0
0
0
0
0
0
0
0
0
0
0
0
0
0
0
0
0
0
0
0
0
0
0
0
0
0
0
0
0
0
0
0
0
0
0
0
0
0
0
0
0
0
0
0
0
0
0
0
0
0
0
0
0
0
0
0
0
0
0
0
0
0
0
0
0
0
0
0
0
0
0
0
0
0
0
0
0
0
0
0
0
0
0
0
0
0
0
0
0
0
0
0
0
0
0
0
0
0
0
0
0
0
0
0
0
0
0
0
0
0
0
0
0
0
0
0
0
0
0
0
0
0
0
0
0
0
0
0
0
0
0
0
0
0
0
0
0
0
0
0
0
0
0
0
0
0
0
0
0
0
0
0
0
0
0
0
0
0
0
0
0
0
0
0
0
0
0
0
0
0
0
0
0
0
0
0
0
0
0
0
0
0
0
0
0
0
0
0
0
0
0
0
0
0
0
0
0
0
0
0
0
0
0
0
0
0
0
0
0
0
0
0
0
0
0
0
0
0
0
0
0
0
0
0
0
0
0
0
0
0
0
0
0
0
0
0
0
0
0
0
0
0
0
0
0
0
0
0
0
0
0
0
0
0
0
0
0
0
0
0
0
0
0
0
0
0
0
0
0
0
0
0
0
0
0
0
0
0
0
0
0
0
0
0
0
0
0
0
0
0
0
0
0
0
0
0
0
0
0
0
0
0
0
0
0
0
0
0
0
0
0
0
0
0
0
0
0
0
0
0
0
0
0
0
0
0
0
0
0
0
0
0
0
0
0
0
0
0
0
0
0
0
0
0
0
0
0
0
0
0
0
0
0
0
0
0
0
0
0
0
0
0
0
0
0
0
0
0
0
0
0
0
0
0
0
0
0
0
0
0
0
0
0
0
0
0
0
0
0
0
0
0
0
0
0
0
0
0
0
0
0
0
0
0
0
0
0
0
0
0
0
0
0
0
0
0
0
0
0
0
0
0
0
0
0
0
0
0
0
0
0
0
0
0
0
0
0
0
0
0
0
0
0
0
0
0
0
0
0
0
0
0
0
0
0
0
0
0
0
0
0
0
0
0
0
0
0
0
0
0
0
0
0
0
0
0
0
0
0
0
0
0
0
0
0
0
0
0
0
0
0
0
0
0
0
0
0
0
0
0
0
0
0
0
0
0
0
0
0
0
0
0
0
0
0
0
0
0
0
0
0
0
0
0
0
0
0
0
0
0
0
0
0
0
0
0
0
0
0
0
0
0
0
0
0
0
0
0
0
0
0
0
0
0
0
0
0
0
0
0
0
0
0
0
0
0
0
0
0
0
0
0
0
0
0
0
0
0
0
0
0
0
0
0
0
0
0
0
0
0
0
0
0
0
0
0
0
0
0
0
0
0
0
0
0
0
0
0
0
0
0
0
0
0
0
0
0
0
0
0
0
0
0
0
0
0
0
0
0
0
0
0
0
0
0
0
0
0
0
0
0
0
0
0
0
0
0
0
0
0
0
0
0
0
0
0
0
0
0
0
0
0
0
0
0
0
0
0
0
0
0
0
0
0
0
0
0
0
0
0
0
0
0
0
0
0
0
0
0
0
0
0
0
0
0
0
0
0
0
0
0
0
0
0
0
0
0
0
0
0
0
0
0
0
0
0
0
0
0
0
0
0
0
0
0
0
0
0
0
0
0
0
0
0
0
0
0
0
0
0
0
0
0
0
0
0
0
0
0
0
0
0
0
0
0
0
0
0
0
0
0
0
0
0
0
0
0
0
0
0
0
0
0
0
0
0
0
0
0
0
0
0
0
0
0
0
0
0
0
0
0
0
0
0
0
0
0
0
0
0
0
0
0
0
0
0
0
0
0
0
0
0
0
0
0
0
0
0
0
0
0
0
0
0
0
0
0
0
0
0
0
0
0
0
0
0
0
0
0
0
0
0
0
0
0
0
0
0
0
0
0
0
0
0
0
0
0
0
0
0
0
0
0
0
0
0
0
0
0
0
0
0
0
0
0
0
0
0
0
0
0
0
0
0
0
0
0
0
0
0
0
0
0
0
0
0
0
0
0
0
0
0
0
0
0
0
0
0
0
0
0
0
0
0
0
0
0
0
0
0
0
0
0
0
0
0
0
0
0
0
0
0
0
0
0
0
0
0
0
0
0
0
0
0
0
0
0
0
0
0
0
0
0
0
0
0
0
0
0
0
0
0
0
0
0
0
0
0
0
0
0
0
0
0
0
0
0
0
0
0
0
0
0
0
0
0
0
0
0
0
0
0
0
0
0
0
0
0
0
0
0
0
0
0
0
0
0
0
0
0
0
0
0
0
0
0
0
0
0
0
0
0
0
0
0
0
0
0
0
0
0
0
0
0
0
0
0
0
0
0
0
0
0
0
0
0
0
0
0
0
0
0
0
0
0
0
0
0
0
0
0
0
0
0
0
0
0
0
0
0
0
0
0
0
0
0
0
0
0
0
0
0
0
0
0
0
0
0
0
0
0
0
0
0
0
0
0
0
0
0
0
0
0
0
0
0
0
0
0
0
0
0
0
0
0
0
0
0
0
0
0
0
0
0
0
0
0
0
0
0
0
0
0
0
0
0
0
0
0
0
0
0
0
0
0
0
0
0
0
0
0
0
0
0
0
0
0
0
0
0
0
0
0
0
0
0
0
0
0
0
0
0
0
0
0
0
0
0
0
0
0
0
0
0
0
0
0
0
0
0
0
0
0
0
0
0
0
0
0
0
0
0
0
0
0
0
0
0
0
0
0
0
0
0
0
0
0
0
0
0
0
0
0
0
0
0
0
0
0
0
0
0
0
0
0
0
0
0
0
0
0
0
0
0
0
0
0
0
0
0
0
0
0
0
0
0
0
0
0
0
0
0
0
0
0
0
0
0
0
0
0
0
0
0
0
0
0
0
0
0
0
0
0
0
0
0
0
0
0
0
0
0
0
0
0
0
0
0
0
0
0
0
0
0
0
0
0
0
0
0
0
0
0
0
0
0
0
0
0
0
0
0
0
0
0
0
0
0
0
0
0
0
0
0
0
0
0
0
0
0
0
0
0
0
0
0
0
0
0
0
0
0
0
0
0
0
0
0
0
0
0
0
0
0
0
0
0
0
0
0
0
0
0
0
0
0
0
0
0
0
0
0
0
0
0
0
0
0
0
0
0
0
0
0
0
0
0
0
0
0
0
0
0
0
0
0
0
0
0
0
0
0
0
0
0
0
0
0
0
0
0
0
0
0
0
0
0
0
0
0
0
0
0
0
0
0
0
0
0
0
0
0
0
0
0
0
0
0
0
0
0
0
0
0
0
0
0
0
0
0
0
0
0
0
0
0
0
0
0
0
0
0
0
0
0
0
0
0
0
0
0
0
0
0
0
0
0
0
0
0
0
0
0
0
0
0
0
0
0
0
0
0
0
0
0
0
0
0
0
0
0
0
0
0
0
0
0
0
0
0
0
0
0
0
0
0
0
0
0
0
0
0
0
0
0
0
0
0
0
0
0
0
0
0
0
0
0
0
0
0
0
0
0
0
0
0
0
0
0
0
0
0
0
0
0
0
0
0
0
0
0
0
0
0
0
0
0
0
0
0
0
0
0
0
0
0
0
0
0
0
0
0
0
0
0
0
0
0
0
0
0
0
0
0
0
0
0
0
0
0
0
0
0
0
0
0
0
0
0
0
0
0
0
0
0
0
0
0
0
0
0
0
0
0
0
0
0
0
0
0
0
0
0
0
0
0
0
0
0
0
0
0
0
0
0
0
0
0
0
0
0
0
0
0
0
0
0
0
0
0
0
0
0
0
0
0
0
0
0
0
0
0
0
0
0
0
0
0
0
0
0
0
0
0
0
0
0
0
0
0
0
0
0
0
0
0
0
0
0
0
0
0
0
0
0
0
0
0
0
0
0
0
0
0
0
0
0
0
0
0
0
0
0
0
0
0
0
0
0
0
0
0
0
0
0
0
0
0
0
0
0
0
0
0
0
0
0
0
0
0
0
0
0
0
0
0
0
0
0
0
0
0
0
0
0
0
0
0
0
0
0
0
0
0
0
0
0
0
0
0
0
0
0
0
0
0
0
0
0
0
0
0
0
0
0
0
0
0
0
0
0
0
0
0
0
0
0
0
0
0
0
0
0
0
0
0
0
0
0
0
0
0
0
0
0
0
0
0
0
0
0
0
0
0
0
0
0
0
0
0
0
0
0
0
0
0
0
0
0
0
0
0
0
0
0
0
0
0
0
0
0
0
0
0
0
0
0
0
0
0
0
0
0
0
0
0
0
0
0
0
0
0
0
0
0
0
0
0
0
0
0
0
0
0
0
0
0
0
0
0
0
0
0
0
0
0
0
0
0
0
0
0
0
0
0
0
0
0
0
0
0
0
0
0
0
0
0
0
0
0
0
0
0
0
0
0
0
0
0
0
0
0
0
0
0
0
0
0
0
0
0
0
0
0
0
0
0
0
0
0
0
0
0
0
0
0
0
0
0
0
0
0
0
0
0
0
0
0
0
0
0
0
0
0
0
0
0
0
0
0
0
0
0
0
0
0
0
0
0
0
0
0
0
0
0
0
0
0
0
0
0
0
0
0
0
0
0
0
0
0
0
0
0
0
0
0
0
0
0
0
0
0
0
0
0
0
0
0
0
0
0
0
0
0
0
0
0
0
0
0
0
0
0
0
0
0
0
0
0
0
0
0
0
0
0
0
0
0
0
0
0
0
0
0
0
0
0
0
0
0
0
0
0
0
0
0
0
0
0
0
0
0
0
0
0
0
0
0
0
0
0
0
0
0
0
0
0
0
0
0
0
0
0
0
0
0
0
0
0
0
0
0
0
0
0
0
0
0
0
0
0
0
0
0
0
0
0
0
0
0
0
0
0
0
0
0
0
0
0
0
0
0
0
0
0
0
0
0
0
0
0
0
0
0
0
0
0
0
0
0
0
0
0
0
0
0
0
0
0
0
0
0
0
0
0
0
0
0
0
0
0
0
0
0
0
0
0
0
0
0
0
0
0
0
0
0
0
0
0
0
0
0
0
0
0
0
0
0
0
0
0
0
0
0
0
0
0
0
0
0
0
0
0
0
0
0
0
0
0
0
0
0
0
0
0
0
0
0
0
0
0
0
0
0
0
0
0
0
0
0
0
0
0
0
0
0
0
0
0
0
0
0
0
0
0
0
0
0
0
0
0
0
0
0
0
0
0
0
0
0
0
0
0
0
0
0
0
0
0
0
0
0
0
0
0
0
0
0
0
0
0
0
0
0
0
0
0
0
0
0
0
0
0
0
0
0
0
0
0
0
0
0
0
0
0
0
0
0
0
0
0
0
0
0
0
0
0
0
0
0
0
0
0
0
0
0
0
0
0
0
0
0
0
0
0
0
0
0
0
0
0
0
0
0
0
0
0
0
0
0
0
0
0
0
0
0
0
0
0
0
0
0
0
0
0
0
0
0
0
0
0
0
0
0
0
0
0
0
0
0
0
0
0
0
0
0
0
0
0
0
0
0
0
0
0
0
0
0
0
0
0
0
0
0
0
0
0
0
0
0
0
0
0
0
0
0
0
0
0
0
0
0
0
0
0
0
0
0
0
0
0
0
0
0
0
0
0
0
0
0
0
0
0
0
0
0
0
0
0
0
0
0
0
0
0
0
0
0
0
0
0
0
0
0
0
0
0
0
0
0
0
0
0
0
0
0
0
0
0
0
0
0
0
0
0
0
0
0
0
0
0
0
0
0
0
0
0
0
0
0
0
0
0
0
0
0
0
0
0
0
0
0
0
0
0
0
0
0
0
0
0
0
0
0
0
0
0
0
0
0
0
0
0
0
0
0
0
0
0
0
0
0
0
0
0
0
0
0
0
0
0
0
0
0
0
0
0
0
0
0
0
0
0
0
0
0
0
0
0
0
0
0
0
0
0
0
0
0
0
0
0
0
0
0
0
0
0
0
0
0
0
0
0
0
0
0
0
0
0
0
0
0
0
0
0
0
0
0
0
0
0
0
0
0
0
0
0
0
0
0
0
0
0
0
0
0
0
0
0
0
0
0
0
0
0
0
0
0
0
0
0
0
0
0
0
0
0
0
0
0
0
0
0
0
0
0
0
0
0
0
0
0
0
0
0
0
0
0
0
0
0
0
0
0
0
0
0
0
0
0
0
0
0
0
0
0
0
0
0
0
0
0
0
0
0
0
0
0
0
0
0
0
0
0
0
0
0
0
0
0
0
0
0
0
0
0
0
0
0
0
0
0
0
0
0
0
0
0
0
0
0
0
0
0
0
0
0
0
0
0
0
0
0
0
0
0
0
0
0
0
0
0
0
0
0
0
0
0
0
0
0
0
0
0
0
0
0
0
0
0
0
0
0
0
0
0
0
0
0
0
0
0
0
0
0
0
0
0
0
0
0
0
0
0
0
0
0
0
0
0
0
0
0
0
0
0
0
0
0
0
0
0
0
0
0
0
0
0
0
0
0
0
0
0
0
0
0
0
0
0
0
0
0
0
0
0
0
0
0
0
0
0
0
0
0
0
0
0
0
0
0
0
0
0
0
0
0
0
0
0
0
0
0
0
0
0
0
0
0
0
0
0
0
0
0
0
0
0
0
0
0
0
0
0
0
0
0
0
0
0
0
0
0
0
0
0
0
0
0
0
0
0
0
0
0
0
0
0
0
0
0
0
0
0
0
0
0
0
0
0
0
0
0
0
0
0
0
0
0
0
0
0
0
0
0
0
0
0
0
0
0
0
0
0
0
0
0
0
0
0
0
0
0
0
0
0
0
0
0
0
0
0
0
0
0
0
0
0
0
0
0
0
0
0
0
0
0
0
0
0
0
0
0
0
0
0
0
0
0
0
0
0
0
0
0
0
0
0
6.54533e-05
0.00174911
0.0368741
0.391185
1.76528
4.08217
6.7851
9.26154
10.8184
11.2998
10.9864
10.4327
9.77363
8.99589
8.30338
8.04738
8.28789
9.01863
10.3365
11.7223
12.0998
11.6125
10.7114
10.1329
9.23224
9.101
8.70292
8.40646
8.32979
9.18775
10.4314
10.4355
10.7442
11.2024
11.3936
10.1614
9.84686
10.1169
10.8542
11.5237
11.3367
10.9339
11.0779
10.6816
9.55935
8.85826
9.05005
9.55886
10.0461
10.2358
9.69294
7.94504
5.01927
2.41521
0.925252
0.225389
0.0587695
0.011752
0.0013785
6.59541e-05
0
0
0
2.37405e-05
0.00112454
0.0158772
0.184043
0.770539
2.62176
5.35918
7.78027
10.1799
11.1164
11.2628
10.7867
10.0761
9.19705
8.53706
8.15107
8.08548
8.39668
9.0299
10.0248
11.2514
12.0281
11.7523
10.8123
10.2294
9.56184
9.31504
8.95627
8.59144
8.60768
9.80065
10.771
10.5085
10.7094
11.0664
11.5526
10.5906
9.77097
9.67415
9.87376
11.2786
11.5006
11.2527
11.3241
10.4452
9.17122
8.72717
7.95369
7.94794
8.18233
8.12874
7.73753
6.46699
4.77517
2.73
1.36823
0.510164
0.19074
0.0412447
0.00411328
0.000376216
1.29416e-05
0
0
1.17032e-05
3.07948e-05
0.00719925
0.0663144
0.411702
2.30895
2.82981
6.5583
5.41125
4.24142
8.7192
2.84788
4.42339
2.8381
5.27217
3.78943
7.06456
4.59353
6.00195
8.653
9.07395
10.9384
11.173
10.421
10.2078
9.48633
9.75865
9.48383
9.1369
9.28464
10.5327
11.8035
10.5588
11.2185
11.187
11.2005
10.521
4.27543
2.06463
0.902487
10.5979
10.1509
11.425
11.071
10.1963
5.66184
2.32337
0.755766
0.638449
1.85654
1.21526
2.72454
1.58294
3.61145
0.929859
0.822915
0.481984
0.118307
0.0393226
0.00117786
4.04913e-05
0
0
0
0
0
0.000576196
0.00314498
0.0405914
0.231926
0.47053
1.14763
0.243891
0.255095
1.41879
0.0780605
0.396345
0.117796
0.888063
0.201243
2.11805
0.237216
0.832391
2.55186
2.50325
4.38523
7.26196
5.11208
8.61359
4.47852
5.7562
5.12967
5.62309
7.19071
9.4909
10.5869
12.8025
10.6298
10.6635
7.81647
6.82715
1.13546
0.416803
0.570167
9.72226
4.50211
11.1621
5.97891
7.11695
1.75492
0.14957
0.0196425
0.539731
0.498673
0.00799565
0.036518
0.0128616
0.605951
0.0236627
0.0375237
0.108457
0.0246509
0.00610892
0.000320606
2.3264e-06
0
0
0
0
0
0
0
3.29034e-06
3.35357e-05
0.000115264
6.92473e-05
0.000133498
0.00101626
0.00144451
0.00402816
0.00687638
0.0133584
0.0212037
0.0138953
0.00970211
0.0119977
0.0306733
0.0799351
0.216686
0.361853
0.735304
1.02229
1.10578
0.967807
0.997445
1.05376
2.39356
4.23026
7.16183
9.31289
9.84643
10.0211
8.54409
4.24045
0.54147
0.0511094
0.0109855
0.0145034
0.17637
1.72901
2.08769
1.4561
0.409661
0.165584
2.82114e-06
0
0.000626975
0.000109069
1.08728e-05
3.66073e-06
1.61126e-06
0
0
0
0
0
0
0
0
0
0
0
0
0
0
0
0
0
0
0
0
0
0
2.89761e-06
0
8.86177e-05
0
9.56296e-05
0
0.00026696
6.9243e-06
1.32234e-05
0.000135338
0.000249282
0.00152395
0.0114503
0.0111344
0.0136195
0.0118379
0.0156823
0.230245
1.02261
2.42292
4.93887
6.22515
7.42317
3.64403
0.554712
0.000429248
0
0
0
0
0.0817425
0.00493429
0.00207595
3.09516e-05
5.85743e-06
0
0
0
0
0
0
0
0
0
0
0
0
0
0
0
0
0
0
0
0
0
0
0
0
0
0
0
0
0
0
0
0
0
0
0
0
0
0
0
0
0
0
8.69016e-06
2.93378e-05
0.000148491
0.000667948
0.00250095
0.0145267
0.277153
0.817235
1.60183
0.713384
0.0781304
0.000156199
0
0
0
0
0
2.11993e-06
2.18453e-05
2.48061e-05
9.60633e-06
1.10776e-06
0
0
0
0
0
0
0
0
0
0
0
0
0
0
0
0
0
0
0
0
0
0
0
0
0
0
0
0
0
0
0
0
0
0
0
0
0
0
0
0
0
0
0
2.53888e-06
1.75589e-05
0.000146432
0.00115221
0.00589875
0.0137589
0.0234961
0.0533005
0.00481382
0.000503941
3.30489e-06
0
0
0
0
0
0
5.05193e-06
5.0964e-06
0
0
0
0
0
0
0
0
0
0
0
0
0
0
0
0
0
0
0
0
0
0
0
0
0
0
0
0
0
0
0
0
0
0
0
0
0
0
0
0
0
0
0
0
0
0
2.8495e-06
3.0509e-05
0.000280398
0.0020579
0.0051332
0.00491934
0.00251526
0.000561609
3.63444e-05
0
0
0
0
0
0
0
0
0
0
0
0
0
0
0
0
0
0
0
0
0
0
0
0
0
0
0
0
0
0
0
0
0
0
0
0
0
0
0
0
0
0
0
0
0
0
0
0
0
0
0
0
0
0
0
0
3.21185e-06
3.93458e-05
0.000555622
0.00155154
0.00153881
0.00056321
6.77555e-05
3.07324e-06
0
0
0
0
0
0
0
0
0
0
0
0
0
0
0
0
0
0
0
0
0
0
0
0
0
0
0
0
0
0
0
0
0
0
0
0
0
0
0
0
0
0
0
0
0
0
0
0
0
0
0
0
0
0
0
0
0
0
3.5459e-05
0.000345085
0.000401211
0.000131659
1.49029e-06
0
0
0
0
0
0
0
0
0
0
0
0
0
0
0
0
0
0
0
0
0
0
0
0
0
0
0
0
0
0
0
0
0
0
0
0
0
0
0
0
0
0
0
0
0
0
0
0
0
0
0
0
0
0
0
0
0
0
0
0
2.82354e-06
4.39778e-06
1.22219e-06
0
0
0
0
0
0
0
0
0
0
0
0
0
0
0
0
0
0
0
0
0
0
0
0
0
0
0
0
0
0
0
0
0
0
0
0
0
0
0
0
0
0
0
0
0
0
0
0
0
0
0
0
0
0
0
0
0
0
0
0
0
0
0
0
0
0
0
0
0
0
0
0
0
0
0
0
0
0
0
0
0
0
0
0
0
0
0
0
0
0
0
0
0
0
0
0
0
0
0
0
0
0
0
0
0
0
0
0
0
0
0
0
0
0
0
0
0
0
0
0
0
0
0
0
0
0
0
0
0
0
0
0
0
0
0
0
0
0
0
0
0
0
0
0
0
0
0
0
0
0
0
0
0
0
0
0
0
0
0
0
0
0
0
0
0
0
0
0
0
0
0
0
0
0
0
0
0
0
0
0
0
0
0
0
0
0
0
0
0
0
0
0
0
0
0
0
0
0
0
0
0
0
0
0
0
0
0
0
0
0
0
0
0
0
0
0
0
0
0
0
0
0
0
0
0
0
0
0
0
0
0
0
0
0
0
0
0
0
0
0
0
0
0
0
0
0
0
0
0
0
0
0
0
0
0
0
0
0
0
0
0
0
0
0
0
0
0
0
0
0
0
0
0
0
0
0
0
0
0
0
0
0
0
0
0
0
0
0
0
0
0
0
0
0
0
0
0
0
0
0
0
0
0
0
0
0
0
0
0
0
0
0
0
0
0
0
0
0
0
0
0
0
0
0
0
0
0
0
0
0
0
0
0
0
0
0
0
0
0
0
0
0
0
0
0
0
0
0
0
0
0
0
0
0
0
0
0
0
0
0
0
0
0
0
0
0
0
0
0
0
0
0
0
0
0
0
0
0
0
0
0
0
0
0
0
0
0
0
0
0
0
0
0
0
0
0
0
0
0
0
0
0
0
0
0
0
0
0
0
0
0
0
0
0
0
0
0
0
0
0
0
0
0
0
0
0
0
0
0
0
0
0
0
0
0
0
0
0
0
0
0
0
0
0
0
0
0
0
0
0
0
0
0
0
0
0
0
0
0
0
0
0
0
0
0
0
0
0
0
0
0
0
0
0
0
0
0
0
0
0
0
0
0
0
0
0
0
0
0
0
0
0
0
0
0
0
0
0
0
0
0
0
0
0
0
0
0
0
0
0
0
0
0
0
0
0
0
0
0
0
0
0
0
0
0
0
0
0
0
0
0
0
0
0
0
0
0
0
0
0
0
0
0
0
0
0
0
0
0
0
0
0
0
0
0
0
0
0
0
0
0
0
0
0
0
0
0
0
0
0
0
0
0
0
0
0
0
0
0
0
0
0
0
0
0
0
0
0
0
0
0
0
0
0
0
0
0
0
0
0
0
0
0
0
0
0
0
0
0
0
0
0
0
0
0
0
0
0
0
0
0
0
0
0
0
0
0
0
0
0
0
0
0
0
0
0
0
0
0
0
0
0
0
0
0
0
0
0
0
0
0
0
0
0
0
0
0
0
0
0
0
0
0
0
0
0
0
0
0
0
0
0
0
0
0
0
0
0
0
0
0
0
0
0
0
0
0
0
0
0
0
0
0
0
0
0
0
0
0
0
0
0
0
0
0
0
0
0
0
0
0
0
0
0
0
0
0
0
0
0
0
0
0
0
0
0
0
0
0
0
0
0
0
0
0
0
0
0
0
0
0
0
0
0
0
0
0
0
0
0
0
0
0
0
0
0
0
0
0
0
0
0
0
0
0
0
0
0
0
0
0
0
0
0
0
0
0
0
0
0
0
0
0
0
0
0
0
0
0
0
0
0
0
0
0
0
0
0
0
0
0
0
0
0
0
0
0
0
0
0
0
0
0
0
0
0
0
0
0
0
0
0
0
0
0
0
0
0
0
0
0
0
0
0
0
0
0
0
0
0
0
0
0
0
0
0
0
0
0
0
0
0
0
0
0
0
0
0
0
0
0
0
0
0
0
0
0
0
0
0
0
0
0
0
0
0
0
0
0
0
0
0
0
0
0
0
0
0
0
0
0
0
0
0
0
0
0
0
0
0
0
0
0
0
0
0
0
0
0
0
0
0
0
0
0
0
0
0
0
0
0
0
0
0
0
0
0
0
0
0
0
0
0
0
0
0
0
0
0
0
0
0
0
0
0
0
0
0
0
0
0
0
0
0
0
0
0
0
0
0
0
0
0
0
0
0
0
0
0
0
0
0
0
0
0
0
0
0
0
0
0
0
0
0
0
0
0
0
0
0
0
0
0
0
0
0
0
0
0
0
0
0
0
0
0
0
0
0
0
0
0
0
0
0
0
0
0
0
0
0
0
0
0
0
0
0
0
0
0
0
0
0
0
0
0
0
0
0
0
0
0
0
0
0
0
0
0
0
0
0
0
0
0
0
0
0
0
0
0
0
0
0
0
0
0
0
0
0
0
0
0
0
0
0
0
0
0
0
0
0
0
0
0
0
0
0
0
0
0
0
0
0
0
0
0
0
0
0
0
0
0
0
0
0
0
0
0
0
0
0
0
0
0
0
0
0
0
0
0
0
0
0
0
0
0
0
0
0
0
0
0
0
0
0
0
0
0
0
0
0
0
0
0
0
0
0
0
0
0
0
0
0
0
0
0
0
0
0
0
0
0
0
0
0
0
0
0
0
0
0
0
0
0
0
0
0
0
0
0
0
0
0
0
0
0
0
0
0
0
0
0
0
0
0
0
0
0
0
0
0
0
0
0
0
0
0
0
0
0
0
0
0
0
0
0
0
0
0
0
0
0
0
0
0
0
0
0
0
0
0
0
0
0
0
0
0
0
0
0
0
0
0
0
0
0
0
0
0
0
0
0
0
0
0
0
0
0
0
0
0
0
0
0
0
0
0
0
0
0
0
0
0
0
0
0
0
0
0
0
0
0
0
0
0
0
0
0
0
0
0
0
0
0
0
0
0
0
0
0
0
0
0
0
0
0
0
0
0
0
0
0
0
0
0
0
0
0
0
0
0
0
0
0
0
0
0
0
0
0
0
0
0
0
0
0
0
0
0
0
0
0
0
0
0
0
0
0
0
0
0
0
0
0
0
0
0
0
0
0
0
0
0
0
0
0
0
0
0
0
0
0
0
0
0
0
0
0
0
0
0
0
0
0
0
0
0
0
0
0
0
0
0
0
0
0
0
0
0
0
0
0
0
0
0
0
0
0
0
0
0
0
0
0
0
0
0
0
0
0
0
0
0
0
0
0
0
0
0
0
0
0
0
0
0
0
0
0
0
0
0
0
0
0
0
0
0
0
0
0
0
0
0
0
0
0
0
0
0
0
0
0
0
0
0
0
0
0
0
0
0
0
0
0
0
0
0
0
0
0
0
0
0
0
0
0
0
0
0
0
0
0
0
0
0
0
0
0
0
0
0
0
0
0
0
0
0
0
0
0
0
0
0
0
0
0
0
0
0
0
0
0
0
0
0
0
0
0
0
0
0
0
0
0
0
0
0
0
0
0
0
0
0
0
0
0
0
0
0
0
0
0
0
0
0
0
0
0
0
0
0
0
0
0
0
0
0
0
0
0
0
0
0
0
0
0
0
0
0
0
0
0
0
0
0
0
0
0
0
0
0
0
0
0
0
0
0
0
0
0
0
0
0
0
0
0
0
0
0
0
0
0
0
0
0
0
0
0
0
0
0
0
0
0
0
0
0
0
0
0
0
0
0
0
0
0
0
0
0
0
0
0
0
0
0
0
0
0
0
0
0
0
0
0
0
0
0
0
0
0
0
0
0
0
0
0
0
0
0
0
0
0
0
0
0
0
0
0
0
0
0
0
0
0
0
0
0
0
0
0
0
0
0
0
0
0
0
0
0
0
0
0
0
0
0
0
0
0
0
0
0
0
0
0
0
0
0
0
0
0
0
0
0
0
0
0
0
0
0
0
0
0
0
0
0
0
0
0
0
0
0
0
0
0
0
0
0
0
0
0
0
0
0
0
0
0
0
0
0
0
0
0
0
0
0
0
0
0
0
0
0
0
0
0
0
0
0
0
0
0
0
0
0
0
0
0
0
0
0
0
0
0
0
0
0
0
0
0
0
0
0
0
0
0
0
0
0
0
0
0
0
0
0
0
0
0
0
0
0
0
0
0
0
0
0
0
0
0
0
0
0
0
0
0
0
0
0
0
0
0
0
0
0
0
0
0
0
0
0
0
0
0
0
0
0
0
0
0
0
0
0
0
0
0
0
0
0
0
0
0
0
0
0
0
0
0
0
0
0
0
0
0
0
0
0
0
0
0
0
0
0
0
0
0
0
0
0
0
0
0
0
0
0
0
0
0
0
0
0
0
0
0
0
0
0
0
0
0
0
0
0
0
0
0
0
0
0
0
0
0
0
0
0
0
0
0
0
0
0
0
0
0
0
0
0
0
0
0
0
0
0
0
0
0
0
0
0
0
0
0
0
0
0
0
0
0
0
0
0
0
0
0
0
0
0
0
0
0
0
0
0
0
0
0
0
0
0
0
0
0
0
0
0
0
0
0
0
0
0
0
0
0
0
0
0
0
0
0
0
0
0
0
0
0
0
0
0
0
0
0
0
0
0
0
0
0
0
0
0
0
0
0
0
0
0
0
0
0
0
0
0
0
0
0
0
0
0
0
0
0
0
0
0
0
0
0
0
0
0
0
0
0
0
0
0
0
0
0
0
0
0
0
0
0
0
0
0
0
0
0
0
0
0
0
0
0
0
0
0
0
0
0
0
0
0
0
0
0
0
0
0
0
0
0
0
0
0
0
0
0
0
0
0
0
0
0
0
0
0
0
0
0
0
0
0
0
0
0
0
0
0
0
0
0
0
0
0
0
0
0
0
0
0
0
0
0
0
0
0
0
0
0
0
0
0
0
0
0
0
0
0
0
0
0
0
0
0
0
0
0
0
0
0
0
0
0
0
0
0
0
0
0
0
0
0
0
0
0
0
0
0
0
0
0
0
0
0
0
0
0
0
0
0
0
0
0
0
0
0
0
0
0
0
0
0
0
0
0
0
0
0
0
0
0
0
0
0
0
0
0
0
0
0
0
0
0
0
0
0
0
0
0
0
0
0
0
0
0
0
0
0
0
0
0
0
0
0
0
0
0
0
0
0
0
0
0
0
0
0
0
0
0
0
0
0
0
0
0
0
0
0
0
0
0
0
0
0
0
0
0
0
0
0
0
0
0
0
0
0
0
0
0
0
0
0
0
0
0
0
0
0
0
0
0
0
0
0
0
0
0
0
0
0
0
0
0
0
0
0
0
0
0
0
0
0
0
0
0
0
0
0
0
0
0
0
0
0
0
0
0
0
0
0
0
0
0
0
0
0
0
0
0
0
0
0
0
0
0
0
0
0
0
0
0
0
0
0
0
0
0
0
0
0
0
0
0
0
0
0
0
0
0
0
0
0
0
0
0
0
0
0
0
0
0
0
0
0
0
0
0
0
0
0
0
0
0
0
0
0
0
0
0
0
0
0
0
0
0
0
0
0
0
0
0
0
0
0
0
0
0
0
0
0
0
0
0
0
0
0
0
0
0
0
0
0
0
0
0
0
0
0
0
0
0
0
0
0
0
0
0
0
0
0
0
0
0
0
0
0
0
0
0
0
0
0
0
0
0
0
0
0
0
0
0
0
0
0
0
0
0
0
0
0
0
0
0
0
0
0
0
0
0
0
0
0
0
0
0
0
0
0
0
0
0
0
0
0
0
0
0
0
0
0
0
0
0
0
0
0
0
0
0
0
0
0
0
0
0
0
0
0
0
0
0
0
0
0
0
0
0
0
0
0
0
0
0
0
0
0
0
0
0
0
0
0
0
0
0
0
0
0
0
0
0
0
0
0
0
0
0
0
0
0
0
0
0
0
0
0
0
0
0
0
0
0
0
0
0
0
0
0
0
0
0
0
0
0
0
0
0
0
0
0
0
0
0
0
0
0
0
0
0
0
0
0
0
0
0
0
0
0
0
0
0
0
0
0
0
0
0
0
0
0
0
0
0
0
0
0
0
0
0
0
0
0
0
0
0
0
0
0
0
0
0
0
0
0
0
0
0
0
0
0
0
0
0
0
0
0
0
0
0
0
0
0
0
0
0
0
0
0
0
0
0
0
0
0
0
0
0
0
0
0
0
0
0
0
0
0
0
0
0
0
0
0
0
0
0
0
0
0
0
0
0
0
0
0
0
0
0
0
0
0
0
0
0
0
0
0
0
0
0
0
0
0
0
0
0
0
0
0
0
0
0
0
0
0
0
0
0
0
0
0
0
0
0
0
0
0
0
0
0
0
0
0
0
0
0
0
0
0
0
0
0
0
0
0
0
0
0
0
0
0
0
0
0
0
0
0
0
0
0
0
0
0
0
0
0
0
0
0
0
0
0
0
0
0
0
0
0
0
0
0
0
0
0
0
0
0
0
0
0
0
0
0
0
0
0
0
0
0
0
0
0
0
0
0
0
0
0
0
0
0
0
0
0
0
0
0
0
0
0
0
0
0
0
0
0
0
0
0
0
0
0
0
0
0
0
0
0
0
0
0
0
0
0
0
0
0
0
0
0
0
0
0
0
0
0
0
0
0
0
0
0
0
0
0
0
0
0
0
0
0
0
0
0
0
0
0
0
0
0
0
0
0
0
0
0
0
0
0
0
0
0
0
0
0
0
0
0
0
0
0
0
0
0
0
0
0
0
0
0
0
0
0
0
0
0
0
0
0
0
0
0
0
0
0
0
0
0
0
0
0
0
0
0
0
0
0
0
0
0
0
0
0
0
0
0
0
0
0
0
0
0
0
0
0
0
0
0
0
0
0
0
0
0
0
0
0
0
0
0
0
0
0
0
0
0
0
0
0
0
0
0
0
0
0
0
0
0
0
0
0
0
0
0
0
0
0
0
0
0
0
0
0
0
0
0
0
0
0
0
0
0
0
0
0
0
0
0
0
0
0
0
0
0
0
0
0
0
0
0
0
0
0
0
0
0
0
0
0
0
0
0
0
0
0
0
0
0
0
0
0
0
0
0
0
0
0
0
0
0
0
0
0
0
0
0
0
0
0
0
0
0
0
0
0
0
0
0
0
0
0
0
0
0
0
0
0
0
0
0
0
0
0
0
0
0
0
0
0
0
0
0
0
0
0
0
0
0
0
0
0
0
0
0
0
0
0
0
0
0
0
0
0
0
0
0
0
0
0
0
0
0
0
0
0
0
0
0
0
0
0
0
0
0
0
0
0
0
0
0
0
0
0
0
0
0
0
0
0
0
0
0
0
0
0
0
0
0
0
0
0
0
0
0
0
0
0
0
0
0
0
0
0
0
0
0
0
0
0
0
0
0
0
0
0
0
0
0
0
0
0
0
0
0
0
0
0
0
0
0
0
0
0
0
0
0
0
0
0
0
0
0
0
0
0
0
0
0
0
0
0
0
0
0
0
0
0
0
0
0
0
0
0
0
0
0
0
0
0
0
0
0
0
0
0
0
0
0
0
0
0
0
0
0
0
0
0
0
0
0
0
0
0
0
0
0
0
0
0
0
0
0
0
0
0
0
0
0
0
0
0
0
0
0
0
0
0
0
0
0
0
0
0
0
0
0
0
0
1.21455e-06
0.000104753
0.00235825
0.0555026
0.503338
2.06043
4.92907
7.77836
9.91209
11.1684
11.2523
10.6816
9.92232
9.11677
8.49848
8.06108
7.93768
8.21723
9.06901
10.6542
12.1334
12.5836
12.5889
12.4024
12.1428
11.6512
11.1356
10.7305
10.266
9.10175
9.70782
10.056
10.2076
10.8907
11.6058
10.5087
9.3188
9.08489
9.26054
9.53036
11.2036
12.1797
12.6641
12.0655
10.4881
9.16941
8.7534
8.98187
9.57778
10.2671
10.6898
10.0202
7.71984
4.63581
1.94699
0.676085
0.235424
0.0672934
0.0115999
0.00130929
6.73417e-05
0
0
0
1.21558e-05
0.00196949
0.0300883
0.234138
1.09326
3.26445
6.52032
8.78469
10.6575
11.4629
11.1705
10.4305
9.56532
8.81747
8.21562
7.95448
8.00101
8.42614
9.27653
10.5692
11.9512
12.3532
12.2579
12.1336
12.0084
11.6212
11.0592
10.6428
9.90254
8.92897
9.81157
10.1262
10.2763
11.052
11.4194
10.3394
9.41179
9.17279
9.11796
8.59529
10.3738
11.9198
12.7833
12.1468
10.3344
9.11018
8.7296
8.83974
8.97523
9.10248
9.21344
8.47685
7.12378
4.87572
2.87902
1.3991
0.573787
0.207788
0.040598
0.00545423
0.000440505
2.39556e-05
0
0
0
0.000241094
0.00674149
0.1242
0.702685
2.44548
2.04634
2.62722
3.80945
2.59369
5.39474
7.13057
4.66597
7.44528
3.70635
4.45675
5.0236
7.44708
8.14184
9.18118
11.1618
11.0102
11.0154
11.4897
11.1812
11.445
11.3439
10.6899
10.4652
10.006
10.3513
10.2902
10.5233
11.1057
10.8745
9.93224
5.2316
4.29361
3.28277
1.63577
5.39485
9.91757
10.7465
10.8104
7.09747
6.66225
4.17824
1.18062
0.435752
0.20795
6.60578
2.98171
4.38271
1.97414
0.462196
0.653109
0.230643
0.0603752
0.0330536
0.00236338
0.000107787
1.22124e-06
0
0
0
9.48248e-06
0.000542745
0.026582
0.114642
0.19432
0.136277
0.0640202
0.0784374
0.224239
0.328586
1.41322
0.283345
2.62365
1.01238
1.01831
0.693772
2.31741
2.7845
2.92064
6.38653
4.47435
5.40589
7.52424
5.99184
7.68151
8.40894
8.37271
9.55655
10.1096
10.6304
10.8711
11.0553
10.9643
7.42858
5.07422
0.720958
0.318181
0.0728977
0.0335189
0.655758
3.74693
2.4543
4.11839
0.600628
1.51842
0.706488
0.00944398
0.0129405
0.0197913
0.447742
0.100757
0.630565
0.0802419
0.0902576
0.00546742
0.00452519
0.00275407
0.00144033
0.000136321
6.74803e-06
0
0
0
0
0
0
0
1.29277e-06
1.56778e-06
0.000191589
0.000318917
0.000961447
0.00356185
0.00630917
0.0154969
0.026455
0.0221793
0.104847
0.17118
0.152977
0.291751
0.441655
0.689506
1.08478
1.52488
1.98736
2.85572
2.95446
3.71884
4.60029
5.47655
6.75693
9.21604
10.8384
11.0672
10.9553
10.4208
5.44536
0.993972
0.0537934
0.00560661
0.00124911
0.00509994
0.0563238
0.433098
0.311732
0.291717
0.0395816
0.0278234
0.0166296
0.000610975
0.000106922
2.24964e-05
3.48642e-06
3.26808e-05
8.12222e-05
3.29823e-05
8.318e-06
0
0
0
0
0
0
0
0
0
0
0
0
0
0
0
0
0
0
0
8.64862e-06
0
8.8604e-05
0
0.00025707
0.00241998
0.00137656
0.00581506
0.00945499
0.0271528
0.0275862
0.11443
0.12618
0.341362
0.43424
0.730563
1.01588
1.47761
1.88077
3.0678
5.78794
5.96077
6.56228
3.68491
1.30622
0.0256678
4.21182e-05
0
0
0.000153275
0.00176427
2.18805e-06
8.5108e-06
8.2076e-06
2.95558e-06
0
0
0
0
0
0
0
0
0
0
0
0
0
0
0
0
0
0
0
0
0
0
0
0
0
0
0
0
0
0
0
0
0
0
0
0
0
0
0
0
0
1.05682e-06
6.3644e-06
3.93128e-05
0.000144981
0.00589787
0.0210714
0.0332
0.150202
0.532434
0.493294
0.305878
0.00167214
0.000136345
0
0
0
0
0
0
0
1.96104e-06
1.445e-06
0
0
0
0
0
0
0
0
0
0
0
0
0
0
0
0
0
0
0
0
0
0
0
0
0
0
0
0
0
0
0
0
0
0
0
0
0
0
0
0
0
0
0
0
4.63311e-06
2.43059e-05
0.00011625
0.000423935
0.00129727
0.00305365
0.00401281
0.00308968
0.0010628
7.69682e-05
2.67754e-06
0
0
0
0
0
0
0
0
0
0
0
0
0
0
0
0
0
0
0
0
0
0
0
0
0
0
0
0
0
0
0
0
0
0
0
0
0
0
0
0
0
0
0
0
0
0
0
0
0
0
0
0
0
0
3.15389e-06
2.11757e-05
9.56346e-05
0.000347365
0.000941053
0.00133701
0.0010191
0.000249307
1.04421e-05
0
0
0
0
0
0
0
0
0
0
0
0
0
0
0
0
0
0
0
0
0
0
0
0
0
0
0
0
0
0
0
0
0
0
0
0
0
0
0
0
0
0
0
0
0
0
0
0
0
0
0
0
0
0
0
0
0
1.01262e-05
6.35258e-05
0.000267728
0.000342472
0.00038287
6.8866e-05
2.15161e-06
0
0
0
0
0
0
0
0
0
0
0
0
0
0
0
0
0
0
0
0
0
0
0
0
0
0
0
0
0
0
0
0
0
0
0
0
0
0
0
0
0
0
0
0
0
0
0
0
0
0
0
0
0
0
0
0
0
0
0
2.53958e-05
6.94359e-05
4.44448e-05
8.98334e-06
0
0
0
0
0
0
0
0
0
0
0
0
0
0
0
0
0
0
0
0
0
0
0
0
0
0
0
0
0
0
0
0
0
0
0
0
0
0
0
0
0
0
0
0
0
0
0
0
0
0
0
0
0
0
0
0
0
0
0
0
0
0
0
0
0
0
0
0
0
0
0
0
0
0
0
0
0
0
0
0
0
0
0
0
0
0
0
0
0
0
0
0
0
0
0
0
0
0
0
0
0
0
0
0
0
0
0
0
0
0
0
0
0
0
0
0
0
0
0
0
0
0
0
0
0
0
0
0
0
0
0
0
0
0
0
0
0
0
0
0
0
0
0
0
0
0
0
0
0
0
0
0
0
0
0
0
0
0
0
0
0
0
0
0
0
0
0
0
0
0
0
0
0
0
0
0
0
0
0
0
0
0
0
0
0
0
0
0
0
0
0
0
0
0
0
0
0
0
0
0
0
0
0
0
0
0
0
0
0
0
0
0
0
0
0
0
0
0
0
0
0
0
0
0
0
0
0
0
0
0
0
0
0
0
0
0
0
0
0
0
0
0
0
0
0
0
0
0
0
0
0
0
0
0
0
0
0
0
0
0
0
0
0
0
0
0
0
0
0
0
0
0
0
0
0
0
0
0
0
0
0
0
0
0
0
0
0
0
0
0
0
0
0
0
0
0
0
0
0
0
0
0
0
0
0
0
0
0
0
0
0
0
0
0
0
0
0
0
0
0
0
0
0
0
0
0
0
0
0
0
0
0
0
0
0
0
0
0
0
0
0
0
0
0
0
0
0
0
0
0
0
0
0
0
0
0
0
0
0
0
0
0
0
0
0
0
0
0
0
0
0
0
0
0
0
0
0
0
0
0
0
0
0
0
0
0
0
0
0
0
0
0
0
0
0
0
0
0
0
0
0
0
0
0
0
0
0
0
0
0
0
0
0
0
0
0
0
0
0
0
0
0
0
0
0
0
0
0
0
0
0
0
0
0
0
0
0
0
0
0
0
0
0
0
0
0
0
0
0
0
0
0
0
0
0
0
0
0
0
0
0
0
0
0
0
0
0
0
0
0
0
0
0
0
0
0
0
0
0
0
0
0
0
0
0
0
0
0
0
0
0
0
0
0
0
0
0
0
0
0
0
0
0
0
0
0
0
0
0
0
0
0
0
0
0
0
0
0
0
0
0
0
0
0
0
0
0
0
0
0
0
0
0
0
0
0
0
0
0
0
0
0
0
0
0
0
0
0
0
0
0
0
0
0
0
0
0
0
0
0
0
0
0
0
0
0
0
0
0
0
0
0
0
0
0
0
0
0
0
0
0
0
0
0
0
0
0
0
0
0
0
0
0
0
0
0
0
0
0
0
0
0
0
0
0
0
0
0
0
0
0
0
0
0
0
0
0
0
0
0
0
0
0
0
0
0
0
0
0
0
0
0
0
0
0
0
0
0
0
0
0
0
0
0
0
0
0
0
0
0
0
0
0
0
0
0
0
0
0
0
0
0
0
0
0
0
0
0
0
0
0
0
0
0
0
0
0
0
0
0
0
0
0
0
0
0
0
0
0
0
0
0
0
0
0
0
0
0
0
0
0
0
0
0
0
0
0
0
0
0
0
0
0
0
0
0
0
0
0
0
0
0
0
0
0
0
0
0
0
0
0
0
0
0
0
0
0
0
0
0
0
0
0
0
0
0
0
0
0
0
0
0
0
0
0
0
0
0
0
0
0
0
0
0
0
0
0
0
0
0
0
0
0
0
0
0
0
0
0
0
0
0
0
0
0
0
0
0
0
0
0
0
0
0
0
0
0
0
0
0
0
0
0
0
0
0
0
0
0
0
0
0
0
0
0
0
0
0
0
0
0
0
0
0
0
0
0
0
0
0
0
0
0
0
0
0
0
0
0
0
0
0
0
0
0
0
0
0
0
0
0
0
0
0
0
0
0
0
0
0
0
0
0
0
0
0
0
0
0
0
0
0
0
0
0
0
0
0
0
0
0
0
0
0
0
0
0
0
0
0
0
0
0
0
0
0
0
0
0
0
0
0
0
0
0
0
0
0
0
0
0
0
0
0
0
0
0
0
0
0
0
0
0
0
0
0
0
0
0
0
0
0
0
0
0
0
0
0
0
0
0
0
0
0
0
0
0
0
0
0
0
0
0
0
0
0
0
0
0
0
0
0
0
0
0
0
0
0
0
0
0
0
0
0
0
0
0
0
0
0
0
0
0
0
0
0
0
0
0
0
0
0
0
0
0
0
0
0
0
0
0
0
0
0
0
0
0
0
0
0
0
0
0
0
0
0
0
0
0
0
0
0
0
0
0
0
0
0
0
0
0
0
0
0
0
0
0
0
0
0
0
0
0
0
0
0
0
0
0
0
0
0
0
0
0
0
0
0
0
0
0
0
0
0
0
0
0
0
0
0
0
0
0
0
0
0
0
0
0
0
0
0
0
0
0
0
0
0
0
0
0
0
0
0
0
0
0
0
0
0
0
0
0
0
0
0
0
0
0
0
0
0
0
0
0
0
0
0
0
0
0
0
0
0
0
0
0
0
0
0
0
0
0
0
0
0
0
0
0
0
0
0
0
0
0
0
0
0
0
0
0
0
0
0
0
0
0
0
0
0
0
0
0
0
0
0
0
0
0
0
0
0
0
0
0
0
0
0
0
0
0
0
0
0
0
0
0
0
0
0
0
0
0
0
0
0
0
0
0
0
0
0
0
0
0
0
0
0
0
0
0
0
0
0
0
0
0
0
0
0
0
0
0
0
0
0
0
0
0
0
0
0
0
0
0
0
0
0
0
0
0
0
0
0
0
0
0
0
0
0
0
0
0
0
0
0
0
0
0
0
0
0
0
0
0
0
0
0
0
0
0
0
0
0
0
0
0
0
0
0
0
0
0
0
0
0
0
0
0
0
0
0
0
0
0
0
0
0
0
0
0
0
0
0
0
0
0
0
0
0
0
0
0
0
0
0
0
0
0
0
0
0
0
0
0
0
0
0
0
0
0
0
0
0
0
0
0
0
0
0
0
0
0
0
0
0
0
0
0
0
0
0
0
0
0
0
0
0
0
0
0
0
0
0
0
0
0
0
0
0
0
0
0
0
0
0
0
0
0
0
0
0
0
0
0
0
0
0
0
0
0
0
0
0
0
0
0
0
0
0
0
0
0
0
0
0
0
0
0
0
0
0
0
0
0
0
0
0
0
0
0
0
0
0
0
0
0
0
0
0
0
0
0
0
0
0
0
0
0
0
0
0
0
0
0
0
0
0
0
0
0
0
0
0
0
0
0
0
0
0
0
0
0
0
0
0
0
0
0
0
0
0
0
0
0
0
0
0
0
0
0
0
0
0
0
0
0
0
0
0
0
0
0
0
0
0
0
0
0
0
0
0
0
0
0
0
0
0
0
0
0
0
0
0
0
0
0
0
0
0
0
0
0
0
0
0
0
0
0
0
0
0
0
0
0
0
0
0
0
0
0
0
0
0
0
0
0
0
0
0
0
0
0
0
0
0
0
0
0
0
0
0
0
0
0
0
0
0
0
0
0
0
0
0
0
0
0
0
0
0
0
0
0
0
0
0
0
0
0
0
0
0
0
0
0
0
0
0
0
0
0
0
0
0
0
0
0
0
0
0
0
0
0
0
0
0
0
0
0
0
0
0
0
0
0
0
0
0
0
0
0
0
0
0
0
0
0
0
0
0
0
0
0
0
0
0
0
0
0
0
0
0
0
0
0
0
0
0
0
0
0
0
0
0
0
0
0
0
0
0
0
0
0
0
0
0
0
0
0
0
0
0
0
0
0
0
0
0
0
0
0
0
0
0
0
0
0
0
0
0
0
0
0
0
0
0
0
0
0
0
0
0
0
0
0
0
0
0
0
0
0
0
0
0
0
0
0
0
0
0
0
0
0
0
0
0
0
0
0
0
0
0
0
0
0
0
0
0
0
0
0
0
0
0
0
0
0
0
0
0
0
0
0
0
0
0
0
0
0
0
0
0
0
0
0
0
0
0
0
0
0
0
0
0
0
0
0
0
0
0
0
0
0
0
0
0
0
0
0
0
0
0
0
0
0
0
0
0
0
0
0
0
0
0
0
0
0
0
0
0
0
0
0
0
0
0
0
0
0
0
0
0
0
0
0
0
0
0
0
0
0
0
0
0
0
0
0
0
0
0
0
0
0
0
0
0
0
0
0
0
0
0
0
0
0
0
0
0
0
0
0
0
0
0
0
0
0
0
0
0
0
0
0
0
0
0
0
0
0
0
0
0
0
0
0
0
0
0
0
0
0
0
0
0
0
0
0
0
0
0
0
0
0
0
0
0
0
0
0
0
0
0
0
0
0
0
0
0
0
0
0
0
0
0
0
0
0
0
0
0
0
0
0
0
0
0
0
0
0
0
0
0
0
0
0
0
0
0
0
0
0
0
0
0
0
0
0
0
0
0
0
0
0
0
0
0
0
0
0
0
0
0
0
0
0
0
0
0
0
0
0
0
0
0
0
0
0
0
0
0
0
0
0
0
0
0
0
0
0
0
0
0
0
0
0
0
0
0
0
0
0
0
0
0
0
0
0
0
0
0
0
0
0
0
0
0
0
0
0
0
0
0
0
0
0
0
0
0
0
0
0
0
0
0
0
0
0
0
0
0
0
0
0
0
0
0
0
0
0
0
0
0
0
0
0
0
0
0
0
0
0
0
0
0
0
0
0
0
0
0
0
0
0
0
0
0
0
0
0
0
0
0
0
0
0
0
0
0
0
0
0
0
0
0
0
0
0
0
0
0
0
0
0
0
0
0
0
0
0
0
0
0
0
0
0
0
0
0
0
0
0
0
0
0
0
0
0
0
0
0
0
0
0
0
0
0
0
0
0
0
0
0
0
0
0
0
0
0
0
0
0
0
0
0
0
0
0
0
0
0
0
0
0
0
0
0
0
0
0
0
0
0
0
0
0
0
0
0
0
0
0
0
0
0
0
0
0
0
0
0
0
0
0
0
0
0
0
0
0
0
0
0
0
0
0
0
0
0
0
0
0
0
0
0
0
0
0
0
0
0
0
0
0
0
0
0
0
0
0
0
0
0
0
0
0
0
0
0
0
0
0
0
0
0
0
0
0
0
0
0
0
0
0
0
0
0
0
0
0
0
0
0
0
0
0
0
0
0
0
0
0
0
0
0
0
0
0
0
0
0
0
0
0
0
0
0
0
0
0
0
0
0
0
0
0
0
0
0
0
0
0
0
0
0
0
0
0
0
0
0
0
0
0
0
0
0
0
0
0
0
0
0
0
0
0
0
0
0
0
0
0
0
0
0
0
0
0
0
0
0
0
0
0
0
0
0
0
0
0
0
0
0
0
0
0
0
0
0
0
0
0
0
0
0
0
0
0
0
0
0
0
0
0
0
0
0
0
0
0
0
0
0
0
0
0
0
0
0
0
0
0
0
0
0
0
0
0
0
0
0
0
0
0
0
0
0
0
0
0
0
0
0
0
0
0
0
0
0
0
0
0
0
0
0
0
0
0
0
0
0
0
0
0
0
0
0
0
0
0
0
0
0
0
0
0
0
0
0
0
0
0
0
0
0
0
0
0
0
0
0
0
0
0
0
0
0
0
0
0
0
0
0
0
0
0
0
0
0
0
0
0
0
0
0
0
0
0
0
0
0
0
0
0
0
0
0
0
0
0
0
0
0
0
0
0
0
0
0
0
0
0
0
0
0
0
0
0
0
0
0
0
0
0
0
0
0
0
0
0
0
0
0
0
0
0
0
0
0
0
0
0
0
0
0
0
0
0
0
0
0
0
0
0
0
0
0
0
0
0
0
0
0
0
0
0
0
0
0
0
0
0
0
0
0
0
0
0
0
0
0
0
0
0
0
0
0
0
0
0
0
0
0
0
0
0
0
0
0
0
0
0
0
0
0
0
0
0
0
0
0
0
0
0
0
0
0
0
0
0
0
0
0
0
0
0
0
0
0
0
0
0
0
0
0
0
0
0
0
0
0
0
0
0
0
0
0
0
0
0
0
0
0
0
0
0
0
0
0
0
0
0
0
0
0
0
0
0
0
0
0
0
0
0
0
0
0
0
0
0
0
0
0
0
0
0
0
0
0
0
0
0
0
0
0
0
0
0
0
0
0
0
0
0
0
0
0
0
0
0
0
0
0
0
0
0
0
0
0
0
0
0
0
0
0
0
0
0
0
0
0
0
0
0
0
0
0
0
0
0
0
0
0
0
0
0
0
0
0
0
0
0
0
0
0
0
0
0
0
0
0
0
0
0
0
0
0
0
0
0
0
0
0
0
0
0
0
0
0
0
0
0
0
0
0
0
0
0
0
0
0
0
0
0
0
0
0
0
0
0
0
0
0
0
0
0
0
0
0
0
0
0
0
0
0
0
0
0
0
0
0
0
0
0
0
0
0
0
0
0
0
0
0
0
0
0
0
0
0
0
0
0
0
0
0
0
0
0
0
0
0
0
0
0
0
0
0
0
0
0
0
0
0
0
0
0
0
0
0
0
0
0
0
0
0
0
0
0
0
0
0
0
0
0
0
0
0
0
0
0
0
0
0
0
0
0
0
0
0
0
0
0
0
0
0
0
0
0
0
0
0
0
0
0
0
0
0
0
0
0
0
0
0
0
0
0
0
0
0
0
0
0
0
0
0
0
0
0
0
0
0
0
0
0
0
0
0
0
0
0
0
0
0
0
0
0
0
0
0
0
0
0
0
0
0
0
0
0
0
0
0
0
0
0
0
0
0
0
0
0
0
0
0
0
0
0
0
0
0
0
0
0
0
0
0
0
0
0
0
0
0
0
0
0
0
0
0
0
0
0
0
0
0
0
0
0
0
0
0
0
0
0
0
0
0
0
0
0
0
0
0
0
0
0
0
0
0
0
0
0
0
0
0
0
0
0
0
0
0
0
0
0
0
0
0
0
0
0
0
0
0
0
0
0
0
0
0
0
0
0
0
0
0
0
0
0
0
0
0
0
0
0
0
0
0
0
0
0
0
0
0
0
0
0
0
0
0
0
0
0
0
0
0
0
0
0
0
0
0
0
0
0
0
0
0
0
0
0
0
0
0
0
0
0
0
0
0
0
0
0
0
0
0
0
0
0
0
0
0
0
0
0
0
0
0
0
0
0
0
0
0
0
0
0
0
0
0
0
0
0
0
0
0
0
0
0
0
0
0
0
0
0
0
0
0
0
0
0
0
0
0
0
0
0
0
0
0
0
0
0
0
0
0
0
0
0
0
0
0
0
0
0
0
0
0
0
0
0
0
0
0
0
0
0
0
0
0
0
0
0
0
0
0
0
0
0
0
0
0
0
0
0
0
0
0
0
0
0
0
0
0
0
0
0
0
0
0
0
0
0
0
0
0
0
0
0
0
0
0
0
0
0
0
0
0
0
0
0
0
0
0
0
0
0
0
0
0
0
0
0
0
0
0
0
0
0
0
0
0
0
0
0
0
0
0
0
0
0
0
0
0
0
0
0
0
0
0
0
0
0
0
0
0
0
0
0
0
0
0
0
0
0
0
0
0
0
0
0
0
0
0
0
0
0
0
0
0
0
0
0
0
0
0
0
0
0
0
0
0
0
0
0
0
0
0
0
0
0
0
0
0
0
0
0
0
0
0
0
0
0
0
0
0
0
0
0
0
0
0
0
0
0
0
0
0
0
0
0
0
0
0
0
0
0
0
0
0
0
0
0
0
0
0
0
0
0.000128273
0.00444097
0.0697975
0.498664
1.89585
4.20973
6.71585
8.70069
10.1364
10.7715
10.66
10.1544
9.50259
8.89742
8.38361
8.15828
8.26039
8.76178
9.56917
10.4671
11.0278
11.5167
12.1108
12.1694
12.2243
12.4126
12.3014
11.9487
11.139
10.5429
10.4584
11.0133
11.0816
9.71146
9.13121
9.03948
9.13332
9.18721
9.13084
9.7599
10.8521
11.0784
10.6071
9.52956
8.6994
8.41851
8.69399
9.29685
9.9113
10.2559
9.17321
6.62362
3.44477
1.2169
0.36623
0.0895224
0.0183828
0.00327115
0.000401813
2.81958e-05
0
0
0
1.76032e-05
0.00171845
0.0368761
0.278408
0.99507
2.93852
5.48797
7.63142
9.34204
10.5458
10.8477
10.4961
9.87097
9.07264
8.54117
8.06843
8.05898
8.38521
9.06894
9.94354
10.7873
11.2737
11.6365
12.0971
12.1018
12.1679
12.3647
12.2702
12.0014
11.1043
10.5583
10.4895
10.8601
11.555
10.521
9.24778
8.93684
9.13802
9.22311
8.69598
9.44821
10.424
11.1261
10.6661
9.61978
8.77025
8.44888
8.66849
9.27763
10.0022
10.5484
10.3354
8.4773
5.53036
2.4916
1.13782
0.401438
0.137635
0.0272366
0.00369127
0.000438704
2.07278e-05
0
0
1.68836e-05
0.000175385
0.0227988
0.111789
0.718258
2.63122
3.76812
6.4484
5.1542
9.86517
9.06389
6.11706
9.23942
4.97228
8.364
8.07165
8.06823
8.11795
9.0461
10.0976
10.1307
11.101
11.5153
10.998
11.941
11.7842
12.2302
12.2283
12.1521
11.5844
10.6554
11.0036
11.1529
11.3304
10.6448
5.2994
8.55553
1.14833
7.62199
8.22096
8.31842
4.16025
10.2105
5.02613
8.58425
4.83438
3.9415
7.28852
8.85554
9.46049
6.5773
10.0292
5.92167
6.02863
3.24623
1.24331
0.514995
0.139403
0.0294368
0.00145894
0.000115959
1.34944e-05
0
0
0
0
0.00256139
0.0167807
0.34984
0.748155
0.492215
1.38173
0.441889
3.8866
2.326
1.02134
4.00102
1.0929
5.98934
5.04995
6.28515
3.81861
8.03999
8.98693
5.76114
10.116
10.2849
7.69881
10.7785
9.689
10.7949
12.4961
12.3225
11.7989
11.0915
11.7483
11.5536
10.2687
9.86344
2.78706
6.2306
0.0538671
4.55516
6.63423
4.9792
0.586262
6.12295
0.251632
3.67663
0.399491
0.106121
2.73908
5.02437
6.69003
2.11424
4.30025
0.954712
2.08214
2.31487
0.0862514
0.162655
0.0143933
0.00850655
0.000904982
5.24748e-06
0
0
0
0
0
0
0
1.16461e-06
1.05057e-05
4.57273e-05
8.98569e-05
0.000470651
0.00108891
0.00506915
0.0276578
0.0634126
0.120102
0.256313
0.397156
0.481186
0.634291
1.24873
1.62704
2.22337
2.75992
3.81983
3.87398
5.63862
5.97899
7.69112
9.48139
10.7203
11.6165
11.8217
11.6842
10.9147
7.63899
3.60912
1.13857
0.128022
0.00521515
0.00109274
0.00795354
0.041685
0.10093
0.123156
0.0562653
0.014916
0.00360279
0.0017353
0.000659415
0.000626412
0.000734343
0.000655469
0.000905095
0.000596474
0.000122448
1.04268e-05
1.34971e-06
0
0
0
0
0
0
0
0
0
0
0
0
0
0
0
0
0
0
0
0.000270595
0
0.00341592
0
0
0
0.0147328
0.00370878
0.0273693
0.103294
0.111586
0.209061
0.555973
0.703232
1.05595
2.58287
2.1984
4.82336
6.22135
5.29856
6.97192
3.60256
2.35235
0.321214
0.121281
0.00336827
0.000215637
0
0
8.38409e-06
7.02558e-05
0
5.09658e-06
0
0
0
0
0
0
0
0
0
0
0
0
0
0
0
0
0
0
0
0
0
0
0
0
0
0
0
0
0
0
0
0
0
0
0
0
0
0
0
1.77863e-05
0.000200052
0.000471364
0.00134261
0.00370383
0.0118007
0.0169488
0.0511123
0.110827
0.233828
0.325946
0.354532
0.274409
0.116927
0.00052042
3.74493e-05
4.00171e-06
0
0
0
0
0
0
0
0
0
0
0
0
0
0
0
0
0
0
0
0
0
0
0
0
0
0
0
0
0
0
0
0
0
0
0
0
0
0
0
0
0
0
0
0
0
0
0
0
0
0
0
1.06907e-06
9.5837e-06
2.96966e-05
8.77011e-05
0.000220118
0.000414637
0.00087348
0.00096638
0.000391377
0.000184551
2.55095e-06
0
0
0
0
0
0
0
0
0
0
0
0
0
0
0
0
0
0
0
0
0
0
0
0
0
0
0
0
0
0
0
0
0
0
0
0
0
0
0
0
0
0
0
0
0
0
0
0
0
0
0
0
0
0
0
3.23414e-06
1.35276e-05
4.67024e-05
0.000112086
0.00019943
0.000224457
0.000114671
2.92407e-05
0
0
0
0
0
0
0
0
0
0
0
0
0
0
0
0
0
0
0
0
0
0
0
0
0
0
0
0
0
0
0
0
0
0
0
0
0
0
0
0
0
0
0
0
0
0
0
0
0
0
0
0
0
0
0
0
0
1.16108e-06
5.89362e-06
1.95108e-05
3.89695e-05
2.46669e-05
1.52326e-05
3.94786e-06
0
0
0
0
0
0
0
0
0
0
0
0
0
0
0
0
0
0
0
0
0
0
0
0
0
0
0
0
0
0
0
0
0
0
0
0
0
0
0
0
0
0
0
0
0
0
0
0
0
0
0
0
0
0
0
0
0
0
0
1.5645e-06
4.48213e-06
4.17253e-06
2.07098e-06
0
0
0
0
0
0
0
0
0
0
0
0
0
0
0
0
0
0
0
0
0
0
0
0
0
0
0
0
0
0
0
0
0
0
0
0
0
0
0
0
0
0
0
0
0
0
0
0
0
0
0
0
0
0
0
0
0
0
0
0
0
0
0
0
0
0
0
0
0
0
0
0
0
0
0
0
0
0
0
0
0
0
0
0
0
0
0
0
0
0
0
0
0
0
0
0
0
0
0
0
0
0
0
0
0
0
0
0
0
0
0
0
0
0
0
0
0
0
0
0
0
0
0
0
0
0
0
0
0
0
0
0
0
0
0
0
0
0
0
0
0
0
0
0
0
0
0
0
0
0
0
0
0
0
0
0
0
0
0
0
0
0
0
0
0
0
0
0
0
0
0
0
0
0
0
0
0
0
0
0
0
0
0
0
0
0
0
0
0
0
0
0
0
0
0
0
0
0
0
0
0
0
0
0
0
0
0
0
0
0
0
0
0
0
0
0
0
0
0
0
0
0
0
0
0
0
0
0
0
0
0
0
0
0
0
0
0
0
0
0
0
0
0
0
0
0
0
0
0
0
0
0
0
0
0
0
0
0
0
0
0
0
0
0
0
0
0
0
0
0
0
0
0
0
0
0
0
0
0
0
0
0
0
0
0
0
0
0
0
0
0
0
0
0
0
0
0
0
0
0
0
0
0
0
0
0
0
0
0
0
0
0
0
0
0
0
0
0
0
0
0
0
0
0
0
0
0
0
0
0
0
0
0
0
0
0
0
0
0
0
0
0
0
0
0
0
0
0
0
0
0
0
0
0
0
0
0
0
0
0
0
0
0
0
0
0
0
0
0
0
0
0
0
0
0
0
0
0
0
0
0
0
0
0
0
0
0
0
0
0
0
0
0
0
0
0
0
0
0
0
0
0
0
0
0
0
0
0
0
0
0
0
0
0
0
0
0
0
0
0
0
0
0
0
0
0
0
0
0
0
0
0
0
0
0
0
0
0
0
0
0
0
0
0
0
0
0
0
0
0
0
0
0
0
0
0
0
0
0
0
0
0
0
0
0
0
0
0
0
0
0
0
0
0
0
0
0
0
0
0
0
0
0
0
0
0
0
0
0
0
0
0
0
0
0
0
0
0
0
0
0
0
0
0
0
0
0
0
0
0
0
0
0
0
0
0
0
0
0
0
0
0
0
0
0
0
0
0
0
0
0
0
0
0
0
0
0
0
0
0
0
0
0
0
0
0
0
0
0
0
0
0
0
0
0
0
0
0
0
0
0
0
0
0
0
0
0
0
0
0
0
0
0
0
0
0
0
0
0
0
0
0
0
0
0
0
0
0
0
0
0
0
0
0
0
0
0
0
0
0
0
0
0
0
0
0
0
0
0
0
0
0
0
0
0
0
0
0
0
0
0
0
0
0
0
0
0
0
0
0
0
0
0
0
0
0
0
0
0
0
0
0
0
0
0
0
0
0
0
0
0
0
0
0
0
0
0
0
0
0
0
0
0
0
0
0
0
0
0
0
0
0
0
0
0
0
0
0
0
0
0
0
0
0
0
0
0
0
0
0
0
0
0
0
0
0
0
0
0
0
0
0
0
0
0
0
0
0
0
0
0
0
0
0
0
0
0
0
0
0
0
0
0
0
0
0
0
0
0
0
0
0
0
0
0
0
0
0
0
0
0
0
0
0
0
0
0
0
0
0
0
0
0
0
0
0
0
0
0
0
0
0
0
0
0
0
0
0
0
0
0
0
0
0
0
0
0
0
0
0
0
0
0
0
0
0
0
0
0
0
0
0
0
0
0
0
0
0
0
0
0
0
0
0
0
0
0
0
0
0
0
0
0
0
0
0
0
0
0
0
0
0
0
0
0
0
0
0
0
0
0
0
0
0
0
0
0
0
0
0
0
0
0
0
0
0
0
0
0
0
0
0
0
0
0
0
0
0
0
0
0
0
0
0
0
0
0
0
0
0
0
0
0
0
0
0
0
0
0
0
0
0
0
0
0
0
0
0
0
0
0
0
0
0
0
0
0
0
0
0
0
0
0
0
0
0
0
0
0
0
0
0
0
0
0
0
0
0
0
0
0
0
0
0
0
0
0
0
0
0
0
0
0
0
0
0
0
0
0
0
0
0
0
0
0
0
0
0
0
0
0
0
0
0
0
0
0
0
0
0
0
0
0
0
0
0
0
0
0
0
0
0
0
0
0
0
0
0
0
0
0
0
0
0
0
0
0
0
0
0
0
0
0
0
0
0
0
0
0
0
0
0
0
0
0
0
0
0
0
0
0
0
0
0
0
0
0
0
0
0
0
0
0
0
0
0
0
0
0
0
0
0
0
0
0
0
0
0
0
0
0
0
0
0
0
0
0
0
0
0
0
0
0
0
0
0
0
0
0
0
0
0
0
0
0
0
0
0
0
0
0
0
0
0
0
0
0
0
0
0
0
0
0
0
0
0
0
0
0
0
0
0
0
0
0
0
0
0
0
0
0
0
0
0
0
0
0
0
0
0
0
0
0
0
0
0
0
0
0
0
0
0
0
0
0
0
0
0
0
0
0
0
0
0
0
0
0
0
0
0
0
0
0
0
0
0
0
0
0
0
0
0
0
0
0
0
0
0
0
0
0
0
0
0
0
0
0
0
0
0
0
0
0
0
0
0
0
0
0
0
0
0
0
0
0
0
0
0
0
0
0
0
0
0
0
0
0
0
0
0
0
0
0
0
0
0
0
0
0
0
0
0
0
0
0
0
0
0
0
0
0
0
0
0
0
0
0
0
0
0
0
0
0
0
0
0
0
0
0
0
0
0
0
0
0
0
0
0
0
0
0
0
0
0
0
0
0
0
0
0
0
0
0
0
0
0
0
0
0
0
0
0
0
0
0
0
0
0
0
0
0
0
0
0
0
0
0
0
0
0
0
0
0
0
0
0
0
0
0
0
0
0
0
0
0
0
0
0
0
0
0
0
0
0
0
0
0
0
0
0
0
0
0
0
0
0
0
0
0
0
0
0
0
0
0
0
0
0
0
0
0
0
0
0
0
0
0
0
0
0
0
0
0
0
0
0
0
0
0
0
0
0
0
0
0
0
0
0
0
0
0
0
0
0
0
0
0
0
0
0
0
0
0
0
0
0
0
0
0
0
0
0
0
0
0
0
0
0
0
0
0
0
0
0
0
0
0
0
0
0
0
0
0
0
0
0
0
0
0
0
0
0
0
0
0
0
0
0
0
0
0
0
0
0
0
0
0
0
0
0
0
0
0
0
0
0
0
0
0
0
0
0
0
0
0
0
0
0
0
0
0
0
0
0
0
0
0
0
0
0
0
0
0
0
0
0
0
0
0
0
0
0
0
0
0
0
0
0
0
0
0
0
0
0
0
0
0
0
0
0
0
0
0
0
0
0
0
0
0
0
0
0
0
0
0
0
0
0
0
0
0
0
0
0
0
0
0
0
0
0
0
0
0
0
0
0
0
0
0
0
0
0
0
0
0
0
0
0
0
0
0
0
0
0
0
0
0
0
0
0
0
0
0
0
0
0
0
0
0
0
0
0
0
0
0
0
0
0
0
0
0
0
0
0
0
0
0
0
0
0
0
0
0
0
0
0
0
0
0
0
0
0
0
0
0
0
0
0
0
0
0
0
0
0
0
0
0
0
0
0
0
0
0
0
0
0
0
0
0
0
0
0
0
0
0
0
0
0
0
0
0
0
0
0
0
0
0
0
0
0
0
0
0
0
0
0
0
0
0
0
0
0
0
0
0
0
0
0
0
0
0
0
0
0
0
0
0
0
0
0
0
0
0
0
0
0
0
0
0
0
0
0
0
0
0
0
0
0
0
0
0
0
0
0
0
0
0
0
0
0
0
0
0
0
0
0
0
0
0
0
0
0
0
0
0
0
0
0
0
0
0
0
0
0
0
0
0
0
0
0
0
0
0
0
0
0
0
0
0
0
0
0
0
0
0
0
0
0
0
0
0
0
0
0
0
0
0
0
0
0
0
0
0
0
0
0
0
0
0
0
0
0
0
0
0
0
0
0
0
0
0
0
0
0
0
0
0
0
0
0
0
0
0
0
0
0
0
0
0
0
0
0
0
0
0
0
0
0
0
0
0
0
0
0
0
0
0
0
0
0
0
0
0
0
0
0
0
0
0
0
0
0
0
0
0
0
0
0
0
0
0
0
0
0
0
0
0
0
0
0
0
0
0
0
0
0
0
0
0
0
0
0
0
0
0
0
0
0
0
0
0
0
0
0
0
0
0
0
0
0
0
0
0
0
0
0
0
0
0
0
0
0
0
0
0
0
0
0
0
0
0
0
0
0
0
0
0
0
0
0
0
0
0
0
0
0
0
0
0
0
0
0
0
0
0
0
0
0
0
0
0
0
0
0
0
0
0
0
0
0
0
0
0
0
0
0
0
0
0
0
0
0
0
0
0
0
0
0
0
0
0
0
0
0
0
0
0
0
0
0
0
0
0
0
0
0
0
0
0
0
0
0
0
0
0
0
0
0
0
0
0
0
0
0
0
0
0
0
0
0
0
0
0
0
0
0
0
0
0
0
0
0
0
0
0
0
0
0
0
0
0
0
0
0
0
0
0
0
0
0
0
0
0
0
0
0
0
0
0
0
0
0
0
0
0
0
0
0
0
0
0
0
0
0
0
0
0
0
0
0
0
0
0
0
0
0
0
0
0
0
0
0
0
0
0
0
0
0
0
0
0
0
0
0
0
0
0
0
0
0
0
0
0
0
0
0
0
0
0
0
0
0
0
0
0
0
0
0
0
0
0
0
0
0
0
0
0
0
0
0
0
0
0
0
0
0
0
0
0
0
0
0
0
0
0
0
0
0
0
0
0
0
0
0
0
0
0
0
0
0
0
0
0
0
0
0
0
0
0
0
0
0
0
0
0
0
0
0
0
0
0
0
0
0
0
0
0
0
0
0
0
0
0
0
0
0
0
0
0
0
0
0
0
0
0
0
0
0
0
0
0
0
0
0
0
0
0
0
0
0
0
0
0
0
0
0
0
0
0
0
0
0
0
0
0
0
0
0
0
0
0
0
0
0
0
0
0
0
0
0
0
0
0
0
0
0
0
0
0
0
0
0
0
0
0
0
0
0
0
0
0
0
0
0
0
0
0
0
0
0
0
0
0
0
0
0
0
0
0
0
0
0
0
0
0
0
0
0
0
0
0
0
0
0
0
0
0
0
0
0
0
0
0
0
0
0
0
0
0
0
0
0
0
0
0
0
0
0
0
0
0
0
0
0
0
0
0
0
0
0
0
0
0
0
0
0
0
0
0
0
0
0
0
0
0
0
0
0
0
0
0
0
0
0
0
0
0
0
0
0
0
0
0
0
0
0
0
0
0
0
0
0
0
0
0
0
0
0
0
0
0
0
0
0
0
0
0
0
0
0
0
0
0
0
0
0
0
0
0
0
0
0
0
0
0
0
0
0
0
0
0
0
0
0
0
0
0
0
0
0
0
0
0
0
0
0
0
0
0
0
0
0
0
0
0
0
0
0
0
0
0
0
0
0
0
0
0
0
0
0
0
0
0
0
0
0
0
0
0
0
0
0
0
0
0
0
0
0
0
0
0
0
0
0
0
0
0
0
0
0
0
0
0
0
0
0
0
0
0
0
0
0
0
0
0
0
0
0
0
0
0
0
0
0
0
0
0
0
0
0
0
0
0
0
0
0
0
0
0
0
0
0
0
0
0
0
0
0
0
0
0
0
0
0
0
0
0
0
0
0
0
0
0
0
0
0
0
0
0
0
0
0
0
0
0
0
0
0
0
0
0
0
0
0
0
0
0
0
0
0
0
0
0
0
0
0
0
0
0
0
0
0
0
0
0
0
0
0
0
0
0
0
0
0
0
0
0
0
0
0
0
0
0
0
0
0
0
0
0
0
0
0
0
0
0
0
0
0
0
0
0
0
0
0
0
0
0
0
0
0
0
0
0
0
0
0
0
0
0
0
0
0
0
0
0
0
0
0
0
0
0
0
0
0
0
0
0
0
0
0
0
0
0
0
0
0
0
0
0
0
0
0
0
0
0
0
0
0
0
0
0
0
0
0
0
0
0
0
0
0
0
0
0
0
0
0
0
0
0
0
0
0
0
0
0
0
0
0
0
0
0
0
0
0
0
0
0
0
0
0
0
0
0
0
0
0
0
0
0
0
0
0
0
0
0
0
0
0
0
0
0
0
0
0
0
0
0
0
0
0
0
0
0
0
0
0
0
0
0
0
0
0
0
0
0
0
0
0
0
0
0
0
0
0
0
0
0
0
0
0
0
0
0
0
0
0
0
0
0
0
0
0
0
0
0
0
0
0
0
0
0
0
0
0
0
0
0
0
0
0
0
0
0
0
0
0
0
0
0
0
0
0
0
0
0
0
0
0
0
0
0
0
0
0
0
0
0
0
0
0
0
0
0
0
0
0
0
0
0
0
0
0
0
0
0
0
0
0
0
0
0
0
0
0
0
0
0
0
0
0
0
0
0
0
0
0
0
0
0
0
0
0
0
0
0
0
0
0
0
0
0
0
0
0
0
0
0
0
0
0
0
0
0
0
0
0
0
0
0
0
0
0
0
0
0
0
0
0
0
0
0
0
0
0
0
0
0
0
0
0
0
0
0
0
0
0
0
0
0
0
0
0
0
0
0
0
0
0
0
0
0
0
0
0
0
0
0
0
0
0
0
0
0
0
0
0
0
0
0
0
0
0
0
0
0
0
0
0
0
0
0
0
0
0
0
0
0
0
0
0
0
0
0
0
0
0
0
0
0
0
0
0
0
0
0
0
0
0
0
0
0
0
0
0
0
0
0
0
0
0
0
0
0
0
0
0
0
0
0
0
0
0
0
0
0
0
0
0
0
0
0
0
0
0
0
0
0
0
0
0
0
0
0
0
0
0
0
0
0
0
0
0
0
0
0
0
0
0
0
0
0
0
0
0
0
0
0
0
0
0
0
0
0
0
0
0
0
0
0
0
0
0
0
0
0
0
0
0
0
0
0
0
0
0
0
0
0
0
0
0
0
0
0
0
0
0
0
0
0
0
0
0
0
0
0
0
0
0
0
0
0
0
0
0
0
0
0
0
0
0
0
0
0
0
0
0
0
0
0
0
0
0
0
0
0
0
0
0
0
0
0
0
0
0
0
0
0
0
0
0
0
0
0
0
0
0
0
0
0
0
0
0
0
0
0
0
0
0
0
0
0
0
0
0
0
0
0
0
0
0
0
0
0
0
0
0
0
0
0
0
0
0
0
0
0
0
0
0
0
0
0
0
0
0
0
0
0
0
0
0
0
0
0
0
0
0
0
0
0
0
0
0
0
0
0
0
0
0
0
0
0
0
0
0
0
0
0
0
0
0
0
0
0
0
0
0
0
0
0
0
0
0
0
0
0
0
0
0
0
0
0
0
0
0
0
0
0
0
0
0
0
0
0
0
0
0
0
0
0
0
0
0
0
0
0
0
0
0
0
0
0
0
0
0
0
0
0
0
0
0
0
0
0
0
0
0
0
0
0
0
0
0
0
0
0
0
0
0
0
0
0
0
0
0
0
0
0
0
0
0
0
0
0
0
0
0
0
0
0
0
0
0
0
0
0
0
0
0
0
0
0
0
0
0
0
0
0
0
0
0
0
0
0
0
0
0
0
0
0
0
0
0
0
0
0
0
0
0
0
0
0
0
0
0
0
0
0
0
0
0
0
0
0
0
0
0.000137289
0.00477783
0.0735434
0.509371
1.65185
3.4462
5.43635
7.07326
8.58816
9.55933
9.85934
9.75591
9.41735
9.14624
8.84243
8.59822
8.36609
8.31395
8.48975
8.89092
9.36314
9.66693
10.1424
10.4884
10.7637
11.1417
11.4806
11.6524
11.6687
11.689
11.735
11.3183
10.166
9.26987
8.98571
8.97935
8.98684
8.83854
8.55155
8.50851
8.64543
8.83257
8.70092
8.50154
8.35944
8.43447
8.47917
8.7082
8.94108
8.76368
7.55805
4.90599
2.15956
0.544607
0.121366
0.0348252
0.00794448
0.0016252
0.000252702
2.07315e-05
0
0
0
2.33562e-05
0.00143723
0.0269293
0.264489
0.951863
2.20987
3.93785
5.26098
6.57836
7.74879
8.53162
9.02318
9.17637
9.04665
8.70097
8.69571
8.56178
8.2931
8.35787
8.39593
8.8791
9.06081
9.42193
9.90374
10.2594
10.6006
11.044
11.3626
11.5153
11.5107
11.5043
11.524
10.9601
10.3586
9.40905
8.99852
8.96722
9.00616
8.75546
8.18497
7.96905
8.24879
8.40631
8.58758
8.35285
8.2216
8.25236
8.40741
8.44152
8.25617
8.31446
7.70797
6.03179
4.13873
2.32928
0.954636
0.227328
0.0622355
0.0100229
0.00170329
0.000208251
8.01735e-06
0
0
0
0.000172414
0.00334277
0.0497095
0.142998
0.431894
0.483559
0.946236
2.19213
1.26067
2.29098
4.41192
1.67745
1.74618
3.17884
2.21664
3.56107
3.72832
4.32651
4.75464
5.2317
6.0102
6.17976
8.58946
7.79411
9.30362
10.0127
10.3482
10.7228
10.9164
10.3669
9.94091
7.6613
7.06064
4.16748
3.03218
1.9793
6.09405
1.4914
0.720258
0.672298
1.94962
1.72457
3.25147
4.11246
2.92239
4.20814
2.18527
1.57152
1.56321
1.01854
1.01206
2.87486
1.04045
0.367665
0.212207
0.0323078
0.00725
0.000782347
0.000110481
1.84412e-05
0
0
0
0
1.90359e-05
5.05875e-05
0.011274
0.00868244
0.00608741
0.0253221
0.0261697
0.0318652
0.0337019
0.153406
0.565203
0.260242
0.300688
0.960194
0.987537
1.563
1.81078
2.27972
2.92487
2.97002
4.67347
4.28968
5.70224
5.39232
5.92483
6.75757
9.18199
8.73734
9.65728
9.3221
8.71535
7.62649
2.93351
2.32289
1.1614
0.499265
2.55414
0.422677
0.128419
0.547443
0.192585
0.644686
0.310954
0.753259
0.229943
0.641994
0.181712
0.128494
0.116296
0.0646179
0.119899
0.481504
0.0975122
0.018386
0.0496614
0.00373874
0.00144369
4.31073e-05
8.9503e-06
1.80844e-06
0
0
0
0
0
0
0
3.62204e-06
3.15524e-05
0.000130616
0.000211925
0.000335968
0.00164658
0.00606466
0.023664
0.0855119
0.171289
0.407737
0.576899
0.756423
1.06188
1.26357
1.65779
1.99662
2.79843
3.16727
4.4017
4.6292
5.70183
6.95293
7.86274
8.62108
9.29373
8.86007
8.26325
6.20815
3.31478
1.73914
0.830752
0.278281
0.190295
0.0855594
0.0370311
0.0170521
0.0330261
0.0604049
0.0472751
0.0447579
0.0270113
0.0233999
0.0153944
0.0112313
0.00933281
0.00500147
0.00273269
0.00104415
0.000248841
3.1699e-05
1.30258e-06
0
0
0
0
0
0
0
0
0
0
0
0
0
0
0
0
0
2.54074e-06
9.26983e-06
0
0.00270255
0.00943549
0.018671
0.0330234
0.0508494
0.0641635
0.105716
0.0902705
0.200718
0.207427
0.411342
0.389829
0.951161
1.34274
1.75315
2.11199
2.74704
2.77262
3.19793
2.31609
1.34138
0.698054
0.199826
0.0753685
0.0214865
0.00275957
0.00108077
0.00075775
0.000248205
0.000215892
0.00016934
0.000106515
2.1654e-05
2.43292e-05
1.22296e-05
1.62544e-05
1.57231e-05
5.86103e-06
2.25883e-06
0
0
0
0
0
0
0
0
0
0
0
0
0
0
0
0
0
0
0
0
0
0
0
0
0
0
0
0
0
0
0
0
0
0
0
0
1.79144e-06
1.02653e-05
0.000187727
7.28237e-05
0.000733585
0.0135907
0.00064
0.0240066
0.0172448
0.00269262
0.00013904
0
0
0
0
0
0
0
0
0
0
0
0
0
0
0
0
0
0
0
0
0
0
0
0
0
0
0
0
0
0
0
0
0
0
0
0
0
0
0
0
0
0
0
0
0
0
0
0
0
0
0
0
0
0
1.26315e-06
4.29708e-06
7.69858e-06
1.97589e-05
2.92582e-05
3.27118e-05
2.52829e-05
1.32457e-05
5.53143e-06
0
0
0
0
0
0
0
0
0
0
0
0
0
0
0
0
0
0
0
0
0
0
0
0
0
0
0
0
0
0
0
0
0
0
0
0
0
0
0
0
0
0
0
0
0
0
0
0
0
0
0
0
0
0
0
0
0
1.16412e-06
3.83267e-06
4.70659e-06
5.69942e-06
3.43266e-06
1.42324e-06
0
0
0
0
0
0
0
0
0
0
0
0
0
0
0
0
0
0
0
0
0
0
0
0
0
0
0
0
0
0
0
0
0
0
0
0
0
0
0
0
0
0
0
0
0
0
0
0
0
0
0
0
0
0
0
0
0
0
0
0
0
0
0
0
0
0
0
0
0
0
0
0
0
0
0
0
0
0
0
0
0
0
0
0
0
0
0
0
0
0
0
0
0
0
0
0
0
0
0
0
0
0
0
0
0
0
0
0
0
0
0
0
0
0
0
0
0
0
0
0
0
0
0
0
0
0
0
0
0
0
0
0
0
0
0
0
0
0
0
0
0
0
0
0
0
0
0
0
0
0
0
0
0
0
0
0
0
0
0
0
0
0
0
0
0
0
0
0
0
0
0
0
0
0
0
0
0
0
0
0
0
0
0
0
0
0
0
0
0
0
0
0
0
0
0
0
0
0
0
0
0
0
0
0
0
0
0
0
0
0
0
0
0
0
0
0
0
0
0
0
0
0
0
0
0
0
0
0
0
0
0
0
0
0
0
0
0
0
0
0
0
0
0
0
0
0
0
0
0
0
0
0
0
0
0
0
0
0
0
0
0
0
0
0
0
0
0
0
0
0
0
0
0
0
0
0
0
0
0
0
0
0
0
0
0
0
0
0
0
0
0
0
0
0
0
0
0
0
0
0
0
0
0
0
0
0
0
0
0
0
0
0
0
0
0
0
0
0
0
0
0
0
0
0
0
0
0
0
0
0
0
0
0
0
0
0
0
0
0
0
0
0
0
0
0
0
0
0
0
0
0
0
0
0
0
0
0
0
0
0
0
0
0
0
0
0
0
0
0
0
0
0
0
0
0
0
0
0
0
0
0
0
0
0
0
0
0
0
0
0
0
0
0
0
0
0
0
0
0
0
0
0
0
0
0
0
0
0
0
0
0
0
0
0
0
0
0
0
0
0
0
0
0
0
0
0
0
0
0
0
0
0
0
0
0
0
0
0
0
0
0
0
0
0
0
0
0
0
0
0
0
0
0
0
0
0
0
0
0
0
0
0
0
0
0
0
0
0
0
0
0
0
0
0
0
0
0
0
0
0
0
0
0
0
0
0
0
0
0
0
0
0
0
0
0
0
0
0
0
0
0
0
0
0
0
0
0
0
0
0
0
0
0
0
0
0
0
0
0
0
0
0
0
0
0
0
0
0
0
0
0
0
0
0
0
0
0
0
0
0
0
0
0
0
0
0
0
0
0
0
0
0
0
0
0
0
0
0
0
0
0
0
0
0
0
0
0
0
0
0
0
0
0
0
0
0
0
0
0
0
0
0
0
0
0
0
0
0
0
0
0
0
0
0
0
0
0
0
0
0
0
0
0
0
0
0
0
0
0
0
0
0
0
0
0
0
0
0
0
0
0
0
0
0
0
0
0
0
0
0
0
0
0
0
0
0
0
0
0
0
0
0
0
0
0
0
0
0
0
0
0
0
0
0
0
0
0
0
0
0
0
0
0
0
0
0
0
0
0
0
0
0
0
0
0
0
0
0
0
0
0
0
0
0
0
0
0
0
0
0
0
0
0
0
0
0
0
0
0
0
0
0
0
0
0
0
0
0
0
0
0
0
0
0
0
0
0
0
0
0
0
0
0
0
0
0
0
0
0
0
0
0
0
0
0
0
0
0
0
0
0
0
0
0
0
0
0
0
0
0
0
0
0
0
0
0
0
0
0
0
0
0
0
0
0
0
0
0
0
0
0
0
0
0
0
0
0
0
0
0
0
0
0
0
0
0
0
0
0
0
0
0
0
0
0
0
0
0
0
0
0
0
0
0
0
0
0
0
0
0
0
0
0
0
0
0
0
0
0
0
0
0
0
0
0
0
0
0
0
0
0
0
0
0
0
0
0
0
0
0
0
0
0
0
0
0
0
0
0
0
0
0
0
0
0
0
0
0
0
0
0
0
0
0
0
0
0
0
0
0
0
0
0
0
0
0
0
0
0
0
0
0
0
0
0
0
0
0
0
0
0
0
0
0
0
0
0
0
0
0
0
0
0
0
0
0
0
0
0
0
0
0
0
0
0
0
0
0
0
0
0
0
0
0
0
0
0
0
0
0
0
0
0
0
0
0
0
0
0
0
0
0
0
0
0
0
0
0
0
0
0
0
0
0
0
0
0
0
0
0
0
0
0
0
0
0
0
0
0
0
0
0
0
0
0
0
0
0
0
0
0
0
0
0
0
0
0
0
0
0
0
0
0
0
0
0
0
0
0
0
0
0
0
0
0
0
0
0
0
0
0
0
0
0
0
0
0
0
0
0
0
0
0
0
0
0
0
0
0
0
0
0
0
0
0
0
0
0
0
0
0
0
0
0
0
0
0
0
0
0
0
0
0
0
0
0
0
0
0
0
0
0
0
0
0
0
0
0
0
0
0
0
0
0
0
0
0
0
0
0
0
0
0
0
0
0
0
0
0
0
0
0
0
0
0
0
0
0
0
0
0
0
0
0
0
0
0
0
0
0
0
0
0
0
0
0
0
0
0
0
0
0
0
0
0
0
0
0
0
0
0
0
0
0
0
0
0
0
0
0
0
0
0
0
0
0
0
0
0
0
0
0
0
0
0
0
0
0
0
0
0
0
0
0
0
0
0
0
0
0
0
0
0
0
0
0
0
0
0
0
0
0
0
0
0
0
0
0
0
0
0
0
0
0
0
0
0
0
0
0
0
0
0
0
0
0
0
0
0
0
0
0
0
0
0
0
0
0
0
0
0
0
0
0
0
0
0
0
0
0
0
0
0
0
0
0
0
0
0
0
0
0
0
0
0
0
0
0
0
0
0
0
0
0
0
0
0
0
0
0
0
0
0
0
0
0
0
0
0
0
0
0
0
0
0
0
0
0
0
0
0
0
0
0
0
0
0
0
0
0
0
0
0
0
0
0
0
0
0
0
0
0
0
0
0
0
0
0
0
0
0
0
0
0
0
0
0
0
0
0
0
0
0
0
0
0
0
0
0
0
0
0
0
0
0
0
0
0
0
0
0
0
0
0
0
0
0
0
0
0
0
0
0
0
0
0
0
0
0
0
0
0
0
0
0
0
0
0
0
0
0
0
0
0
0
0
0
0
0
0
0
0
0
0
0
0
0
0
0
0
0
0
0
0
0
0
0
0
0
0
0
0
0
0
0
0
0
0
0
0
0
0
0
0
0
0
0
0
0
0
0
0
0
0
0
0
0
0
0
0
0
0
0
0
0
0
0
0
0
0
0
0
0
0
0
0
0
0
0
0
0
0
0
0
0
0
0
0
0
0
0
0
0
0
0
0
0
0
0
0
0
0
0
0
0
0
0
0
0
0
0
0
0
0
0
0
0
0
0
0
0
0
0
0
0
0
0
0
0
0
0
0
0
0
0
0
0
0
0
0
0
0
0
0
0
0
0
0
0
0
0
0
0
0
0
0
0
0
0
0
0
0
0
0
0
0
0
0
0
0
0
0
0
0
0
0
0
0
0
0
0
0
0
0
0
0
0
0
0
0
0
0
0
0
0
0
0
0
0
0
0
0
0
0
0
0
0
0
0
0
0
0
0
0
0
0
0
0
0
0
0
0
0
0
0
0
0
0
0
0
0
0
0
0
0
0
0
0
0
0
0
0
0
0
0
0
0
0
0
0
0
0
0
0
0
0
0
0
0
0
0
0
0
0
0
0
0
0
0
0
0
0
0
0
0
0
0
0
0
0
0
0
0
0
0
0
0
0
0
0
0
0
0
0
0
0
0
0
0
0
0
0
0
0
0
0
0
0
0
0
0
0
0
0
0
0
0
0
0
0
0
0
0
0
0
0
0
0
0
0
0
0
0
0
0
0
0
0
0
0
0
0
0
0
0
0
0
0
0
0
0
0
0
0
0
0
0
0
0
0
0
0
0
0
0
0
0
0
0
0
0
0
0
0
0
0
0
0
0
0
0
0
0
0
0
0
0
0
0
0
0
0
0
0
0
0
0
0
0
0
0
0
0
0
0
0
0
0
0
0
0
0
0
0
0
0
0
0
0
0
0
0
0
0
0
0
0
0
0
0
0
0
0
0
0
0
0
0
0
0
0
0
0
0
0
0
0
0
0
0
0
0
0
0
0
0
0
0
0
0
0
0
0
0
0
0
0
0
0
0
0
0
0
0
0
0
0
0
0
0
0
0
0
0
0
0
0
0
0
0
0
0
0
0
0
0
0
0
0
0
0
0
0
0
0
0
0
0
0
0
0
0
0
0
0
0
0
0
0
0
0
0
0
0
0
0
0
0
0
0
0
0
0
0
0
0
0
0
0
0
0
0
0
0
0
0
0
0
0
0
0
0
0
0
0
0
0
0
0
0
0
0
0
0
0
0
0
0
0
0
0
0
0
0
0
0
0
0
0
0
0
0
0
0
0
0
0
0
0
0
0
0
0
0
0
0
0
0
0
0
0
0
0
0
0
0
0
0
0
0
0
0
0
0
0
0
0
0
0
0
0
0
0
0
0
0
0
0
0
0
0
0
0
0
0
0
0
0
0
0
0
0
0
0
0
0
0
0
0
0
0
0
0
0
0
0
0
0
0
0
0
0
0
0
0
0
0
0
0
0
0
0
0
0
0
0
0
0
0
0
0
0
0
0
0
0
0
0
0
0
0
0
0
0
0
0
0
0
0
0
0
0
0
0
0
0
0
0
0
0
0
0
0
0
0
0
0
0
0
0
0
0
0
0
0
0
0
0
0
0
0
0
0
0
0
0
0
0
0
0
0
0
0
0
0
0
0
0
0
0
0
0
0
0
0
0
0
0
0
0
0
0
0
0
0
0
0
0
0
0
0
0
0
0
0
0
0
0
0
0
0
0
0
0
0
0
0
0
0
0
0
0
0
0
0
0
0
0
0
0
0
0
0
0
0
0
0
0
0
0
0
0
0
0
0
0
0
0
0
0
0
0
0
0
0
0
0
0
0
0
0
0
0
0
0
0
0
0
0
0
0
0
0
0
0
0
0
0
0
0
0
0
0
0
0
0
0
0
0
0
0
0
0
0
0
0
0
0
0
0
0
0
0
0
0
0
0
0
0
0
0
0
0
0
0
0
0
0
0
0
0
0
0
0
0
0
0
0
0
0
0
0
0
0
0
0
0
0
0
0
0
0
0
0
0
0
0
0
0
0
0
0
0
0
0
0
0
0
0
0
0
0
0
0
0
0
0
0
0
0
0
0
0
0
0
0
0
0
0
0
0
0
0
0
0
0
0
0
0
0
0
0
0
0
0
0
0
0
0
0
0
0
0
0
0
0
0
0
0
0
0
0
0
0
0
0
0
0
0
0
0
0
0
0
0
0
0
0
0
0
0
0
0
0
0
0
0
0
0
0
0
0
0
0
0
0
0
0
0
0
0
0
0
0
0
0
0
0
0
0
0
0
0
0
0
0
0
0
0
0
0
0
0
0
0
0
0
0
0
0
0
0
0
0
0
0
0
0
0
0
0
0
0
0
0
0
0
0
0
0
0
0
0
0
0
0
0
0
0
0
0
0
0
0
0
0
0
0
0
0
0
0
0
0
0
0
0
0
0
0
0
0
0
0
0
0
0
0
0
0
0
0
0
0
0
0
0
0
0
0
0
0
0
0
0
0
0
0
0
0
0
0
0
0
0
0
0
0
0
0
0
0
0
0
0
0
0
0
0
0
0
0
0
0
0
0
0
0
0
0
0
0
0
0
0
0
0
0
0
0
0
0
0
0
0
0
0
0
0
0
0
0
0
0
0
0
0
0
0
0
0
0
0
0
0
0
0
0
0
0
0
0
0
0
0
0
0
0
0
0
0
0
0
0
0
0
0
0
0
0
0
0
0
0
0
0
0
0
0
0
0
0
0
0
0
0
0
0
0
0
0
0
0
0
0
0
0
0
0
0
0
0
0
0
0
0
0
0
0
0
0
0
0
0
0
0
0
0
0
0
0
0
0
0
0
0
0
0
0
0
0
0
0
0
0
0
0
0
0
0
0
0
0
0
0
0
0
0
0
0
0
0
0
0
0
0
0
0
0
0
0
0
0
0
0
0
0
0
0
0
0
0
0
0
0
0
0
0
0
0
0
0
0
0
0
0
0
0
0
0
0
0
0
0
0
0
0
0
0
0
0
0
0
0
0
0
0
0
0
0
0
0
0
0
0
0
0
0
0
0
0
0
0
0
0
0
0
0
0
0
0
0
0
0
0
0
0
0
0
0
0
0
0
0
0
0
0
0
0
0
0
0
0
0
0
0
0
0
0
0
0
0
0
0
0
0
0
0
0
0
0
0
0
0
0
0
0
0
0
0
0
0
0
0
0
0
0
0
0
0
0
0
0
0
0
0
0
0
0
0
0
0
0
0
0
0
0
0
0
0
0
0
0
0
0
0
0
0
0
0
0
0
0
0
0
0
0
0
0
0
0
0
0
0
0
0
0
0
0
0
0
0
0
0
0
0
0
0
0
0
0
0
0
0
0
0
0
0
0
0
0
0
0
0
0
0
0
0
0
0
0
0
0
0
0
0
0
0
0
0
0
0
0
0
0
0
0
0
0
0
0
0
0
0
0
0
0
0
0
0
0
0
0
0
0
0
0
0
0
0
0
0
0
0
0
0
0
0
0
0
0
0
0
0
0
0
0
0
0
0
0
0
0
0
0
0
0
0
0
0
0
0
0
0
0
0
0
0
0
0
0
0
0
0
0
0
0
0
0
0
0
0
0
0
0
0
0
0
0
0
0
0
0
0
0
0
0
0
0
0
0
0
0
0
0
0
0
0
0
0
0
0
0
0
0
0
0
0
0
0
0
0
0
0
0
0
0
0
0
0
0
0
0
0
0
0
0
0
0
0
0
0
0
0
0
0
0
0
0
0
0
0
0
0
0
0
0
0
0
0
0
0
0
0
0
0
0
0
0
0
0
0
0
0
0
0
0
0
0
0
0
0
0
0
0
0
0
0
0
0
0
0
0
0
0
0
0
0
0
0
0
0
0
0
0
0
0
0
0
0
0
0
0
0
0
0
0
0
0
0
0
0
0
0
0
0
0
0
0
0
0
0
0
0
0
0
0
0
0
0
0
0
0
0
0
0
0
0
0
0
0
0
0
0
0
0
0
0
0
0
0
0
0
0
0
0
0
0
0
0
0
0
0
0
0
0
0
0
0
0
0
0
0
0
0
0
0
0
0
0
0
0
0
0
0
0
0
0
0
0
0
0
0
0
0
0
0
0
0
0
0
0
0
0
0
0
0
0
0
0
0
0
0
0
0
0
0
0
0
0
0
0
0
0
0
0
0
0
0
0
0
0
0
0
0
0
0
0
0
0
0
0
0
0
0
0
0
0
0
0
0
0
0
0
0
0
0
0
0
0
0
0
0
0
0
0
0
0
0
0
0
0
0
0
0
0
0
0
0
0
0
0
0
0
0
0
0
0
0
0
0
0
0
0
0
0
0
0
0
0
0
0
0
0
0
0
0
0
0
0
0
0
0
0
0
0
0
0
0
0
0
0
0
0
0
0
0
0
0
0
0
0
0
0
0
0
0
0
0
0
0
0
0
0
0
0
0
0
0
0
0
0
0
0
0
0
0
0
0
0
0
0
0
0
0
0
0
0
0
0
0
0
0
0
0
0
0
0
0
0
0
0
0
0
0
0
0
0
0
0
0
0
0
0
0
0
0
0
0
0
0
0
0
0
0
0
0
0
0
0
0
0
0
0
0
0
0
0
0
0
0
0
0
0
0
0
0
0
0
0
0
0
0
0
0
0
0
0
0
0
0
0
0
0
0
0
0
0
0
0
0
0
0
0
0
0
0
0
0
0
0
0
0
0
0
0
0
0
0
0
0
0
0
0
0
0
0
0
0
0
0
0
0
0
0
0
0
0
0
0
0
0
0
0
0
0
0
0
0
0
0
0
0
0
0
0
0
0
0
0
0
0
0
0
0
0
0
0
0
0
0
0
0
0
0
0
0
0
0
0
0
0
0
0
0
0
0
0
0
0
0
0
0
8.30208e-05
0.00343569
0.0658254
0.420392
1.31524
2.66591
4.01902
5.08054
5.87086
6.59666
7.06176
7.51063
7.7634
7.90164
7.98493
7.97563
7.99859
7.91189
7.91655
7.87484
8.01373
8.01511
8.21323
8.29425
8.502
8.61064
8.74379
8.87625
8.94861
8.77972
8.52147
8.13283
7.65889
7.4602
7.2044
6.99907
6.63657
6.32154
5.79375
5.55146
5.30748
5.22486
5.07096
5.01345
4.74895
4.66775
4.52708
4.45267
4.54764
4.48075
4.09403
3.05192
1.44021
0.238424
0.0417188
0.00885728
0.00191548
0.000413482
5.32044e-05
4.52742e-06
0
0
0
2.21391e-06
0.000854857
0.0210817
0.167922
0.667282
1.57838
2.7469
3.77747
4.46721
5.15548
5.44489
5.76889
6.12546
6.22405
6.27402
6.22935
6.70534
6.09782
7.00381
6.5077
7.23606
6.48313
7.3524
7.22212
7.68602
7.69302
7.97999
7.98119
8.27113
8.23674
8.26776
7.86266
7.23548
7.36141
7.03181
6.86132
6.46525
5.94957
5.51963
5.35803
4.79444
4.78513
4.57591
4.64055
4.34229
4.33329
3.90043
3.87068
3.69453
3.54344
3.56395
3.46124
2.8136
1.77798
0.553741
0.121718
0.0598548
0.0166995
0.00330621
0.000529861
4.55828e-05
2.27118e-06
0
0
5.40612e-06
0.000421159
0.0186988
0.0916582
0.567376
0.85322
1.75209
1.69302
1.33435
3.6163
2.39235
2.47759
4.65816
4.4465
2.63777
3.89507
5.65185
0.972085
5.41089
2.11622
6.68746
0.979604
6.79947
2.03236
6.89388
5.70071
7.19206
3.48167
6.89505
4.40057
6.48699
4.10361
1.62865
5.36001
5.48153
4.9467
5.08678
3.03981
3.94492
4.01459
2.08402
2.91353
1.90331
2.79433
1.58676
2.79786
1.12669
2.56643
2.76053
1.79194
2.6084
2.91803
1.53057
1.48651
0.582678
0.11617
0.0542793
0.0157383
0.00267045
0.000370969
2.13696e-05
1.48241e-06
0
0
0
6.94854e-05
0.000953768
0.00899846
0.146115
0.019851
0.0580968
0.0298082
0.0180142
0.096509
0.0430312
0.138634
0.537446
0.384485
0.127076
0.308605
1.47317
1.6168e-06
2.53221
0.226528
1.96743
0.10338
1.96496
0.000456728
1.70411
0.855231
1.48827
0.546796
1.42434
0.562685
0.866792
0.401523
0.167051
2.32306
2.1049
1.68877
2.04985
0.308001
1.10623
1.84684
0.201861
0.717566
0.240902
0.586149
0.123716
0.613861
0.000932383
0.234749
0.411698
0.157852
0.364801
0.65467
0.276737
0.251204
0.375156
0.0442099
0.00876748
0.00290108
0.000315966
0.000212822
4.58409e-06
0
0
0
0
0
0
0
0
0
0
0
0
0
0
0
0
0
0
0
0
0
0
0
3.19151e-06
4.14062e-05
0.00244573
0.0756806
1.696e-06
0.00050537
0.000711879
0.190203
0.198873
0.5237
0.31777
0.439654
0.203918
0.00729775
0.0145693
0.000343613
9.43142e-06
0.00065031
3.37391e-05
6.56596e-06
6.37815e-05
0.000110379
4.36431e-05
0.000254488
3.09275e-05
0
2.87665e-06
0
0
0
0
0
0
0
0
0
0
0
0
0
0
0
0
0
0
0
0
0
0
0
0
0
0
0
0
0
0
0
0
0
0
0
0
0
0
0
1.68828e-06
3.78443e-05
0
0
5.20347e-06
0.000621713
0.000662434
0.00385607
0.00139582
0.00105182
0.000479205
0
0
0
0
0
0
0
0
0
0
0
0
0
0
0
0
0
0
0
0
0
0
0
0
0
0
0
0
0
0
0
0
0
0
0
0
0
0
0
0
0
0
0
0
0
0
0
0
0
0
0
0
0
0
0
0
1.30716e-06
2.00549e-06
2.36241e-06
2.40934e-06
3.27083e-06
2.15739e-06
1.41742e-06
1.02416e-06
0
0
0
0
0
0
0
0
0
0
0
0
0
0
0
0
0
0
0
0
0
0
0
0
0
0
0
0
0
0
0
0
0
0
0
0
0
0
0
0
0
0
0
0
0
0
0
0
0
0
0
0
0
0
0
0
0
0
0
0
0
0
0
0
0
0
0
0
0
0
0
0
0
0
0
0
0
0
0
0
0
0
0
0
0
0
0
0
0
0
0
0
0
0
0
0
0
0
0
0
0
0
0
0
0
0
0
0
0
0
0
0
0
0
0
0
0
0
0
0
0
0
0
0
0
0
0
0
0
0
0
0
0
0
0
0
0
0
0
0
0
0
0
0
0
0
0
0
0
0
0
0
0
0
0
0
0
0
0
0
0
0
0
0
0
0
0
0
0
0
0
0
0
0
0
0
0
0
0
0
0
0
0
0
0
0
0
0
0
0
0
0
0
0
0
0
0
0
0
0
0
0
0
0
0
0
0
0
0
0
0
0
0
0
0
0
0
0
0
0
0
0
0
0
0
0
0
0
0
0
0
0
0
0
0
0
0
0
0
0
0
0
0
0
0
0
0
0
0
0
0
0
0
0
0
0
0
0
0
0
0
0
0
0
0
0
0
0
0
0
0
0
0
0
0
0
0
0
0
0
0
0
0
0
0
0
0
0
0
0
0
0
0
0
0
0
0
0
0
0
0
0
0
0
0
0
0
0
0
0
0
0
0
0
0
0
0
0
0
0
0
0
0
0
0
0
0
0
0
0
0
0
0
0
0
0
0
0
0
0
0
0
0
0
0
0
0
0
0
0
0
0
0
0
0
0
0
0
0
0
0
0
0
0
0
0
0
0
0
0
0
0
0
0
0
0
0
0
0
0
0
0
0
0
0
0
0
0
0
0
0
0
0
0
0
0
0
0
0
0
0
0
0
0
0
0
0
0
0
0
0
0
0
0
0
0
0
0
0
0
0
0
0
0
0
0
0
0
0
0
0
0
0
0
0
0
0
0
0
0
0
0
0
0
0
0
0
0
0
0
0
0
0
0
0
0
0
0
0
0
0
0
0
0
0
0
0
0
0
0
0
0
0
0
0
0
0
0
0
0
0
0
0
0
0
0
0
0
0
0
0
0
0
0
0
0
0
0
0
0
0
0
0
0
0
0
0
0
0
0
0
0
0
0
0
0
0
0
0
0
0
0
0
0
0
0
0
0
0
0
0
0
0
0
0
0
0
0
0
0
0
0
0
0
0
0
0
0
0
0
0
0
0
0
0
0
0
0
0
0
0
0
0
0
0
0
0
0
0
0
0
0
0
0
0
0
0
0
0
0
0
0
0
0
0
0
0
0
0
0
0
0
0
0
0
0
0
0
0
0
0
0
0
0
0
0
0
0
0
0
0
0
0
0
0
0
0
0
0
0
0
0
0
0
0
0
0
0
0
0
0
0
0
0
0
0
0
0
0
0
0
0
0
0
0
0
0
0
0
0
0
0
0
0
0
0
0
0
0
0
0
0
0
0
0
0
0
0
0
0
0
0
0
0
0
0
0
0
0
0
0
0
0
0
0
0
0
0
0
0
0
0
0
0
0
0
0
0
0
0
0
0
0
0
0
0
0
0
0
0
0
0
0
0
0
0
0
0
0
0
0
0
0
0
0
0
0
0
0
0
0
0
0
0
0
0
0
0
0
0
0
0
0
0
0
0
0
0
0
0
0
0
0
0
0
0
0
0
0
0
0
0
0
0
0
0
0
0
0
0
0
0
0
0
0
0
0
0
0
0
0
0
0
0
0
0
0
0
0
0
0
0
0
0
0
0
0
0
0
0
0
0
0
0
0
0
0
0
0
0
0
0
0
0
0
0
0
0
0
0
0
0
0
0
0
0
0
0
0
0
0
0
0
0
0
0
0
0
0
0
0
0
0
0
0
0
0
0
0
0
0
0
0
0
0
0
0
0
0
0
0
0
0
0
0
0
0
0
0
0
0
0
0
0
0
0
0
0
0
0
0
0
0
0
0
0
0
0
0
0
0
0
0
0
0
0
0
0
0
0
0
0
0
0
0
0
0
0
0
0
0
0
0
0
0
0
0
0
0
0
0
0
0
0
0
0
0
0
0
0
0
0
0
0
0
0
0
0
0
0
0
0
0
0
0
0
0
0
0
0
0
0
0
0
0
0
0
0
0
0
0
0
0
0
0
0
0
0
0
0
0
0
0
0
0
0
0
0
0
0
0
0
0
0
0
0
0
0
0
0
0
0
0
0
0
0
0
0
0
0
0
0
0
0
0
0
0
0
0
0
0
0
0
0
0
0
0
0
0
0
0
0
0
0
0
0
0
0
0
0
0
0
0
0
0
0
0
0
0
0
0
0
0
0
0
0
0
0
0
0
0
0
0
0
0
0
0
0
0
0
0
0
0
0
0
0
0
0
0
0
0
0
0
0
0
0
0
0
0
0
0
0
0
0
0
0
0
0
0
0
0
0
0
0
0
0
0
0
0
0
0
0
0
0
0
0
0
0
0
0
0
0
0
0
0
0
0
0
0
0
0
0
0
0
0
0
0
0
0
0
0
0
0
0
0
0
0
0
0
0
0
0
0
0
0
0
0
0
0
0
0
0
0
0
0
0
0
0
0
0
0
0
0
0
0
0
0
0
0
0
0
0
0
0
0
0
0
0
0
0
0
0
0
0
0
0
0
0
0
0
0
0
0
0
0
0
0
0
0
0
0
0
0
0
0
0
0
0
0
0
0
0
0
0
0
0
0
0
0
0
0
0
0
0
0
0
0
0
0
0
0
0
0
0
0
0
0
0
0
0
0
0
0
0
0
0
0
0
0
0
0
0
0
0
0
0
0
0
0
0
0
0
0
0
0
0
0
0
0
0
0
0
0
0
0
0
0
0
0
0
0
0
0
0
0
0
0
0
0
0
0
0
0
0
0
0
0
0
0
0
0
0
0
0
0
0
0
0
0
0
0
0
0
0
0
0
0
0
0
0
0
0
0
0
0
0
0
0
0
0
0
0
0
0
0
0
0
0
0
0
0
0
0
0
0
0
0
0
0
0
0
0
0
0
0
0
0
0
0
0
0
0
0
0
0
0
0
0
0
0
0
0
0
0
0
0
0
0
0
0
0
0
0
0
0
0
0
0
0
0
0
0
0
0
0
0
0
0
0
0
0
0
0
0
0
0
0
0
0
0
0
0
0
0
0
0
0
0
0
0
0
0
0
0
0
0
0
0
0
0
0
0
0
0
0
0
0
0
0
0
0
0
0
0
0
0
0
0
0
0
0
0
0
0
0
0
0
0
0
0
0
0
0
0
0
0
0
0
0
0
0
0
0
0
0
0
0
0
0
0
0
0
0
0
0
0
0
0
0
0
0
0
0
0
0
0
0
0
0
0
0
0
0
0
0
0
0
0
0
0
0
0
0
0
0
0
0
0
0
0
0
0
0
0
0
0
0
0
0
0
0
0
0
0
0
0
0
0
0
0
0
0
0
0
0
0
0
0
0
0
0
0
0
0
0
0
0
0
0
0
0
0
0
0
0
0
0
0
0
0
0
0
0
0
0
0
0
0
0
0
0
0
0
0
0
0
0
0
0
0
0
0
0
0
0
0
0
0
0
0
0
0
0
0
0
0
0
0
0
0
0
0
0
0
0
0
0
0
0
0
0
0
0
0
0
0
0
0
0
0
0
0
0
0
0
0
0
0
0
0
0
0
0
0
0
0
0
0
0
0
0
0
0
0
0
0
0
0
0
0
0
0
0
0
0
0
0
0
0
0
0
0
0
0
0
0
0
0
0
0
0
0
0
0
0
0
0
0
0
0
0
0
0
0
0
0
0
0
0
0
0
0
0
0
0
0
0
0
0
0
0
0
0
0
0
0
0
0
0
0
0
0
0
0
0
0
0
0
0
0
0
0
0
0
0
0
0
0
0
0
0
0
0
0
0
0
0
0
0
0
0
0
0
0
0
0
0
0
0
0
0
0
0
0
0
0
0
0
0
0
0
0
0
0
0
0
0
0
0
0
0
0
0
0
0
0
0
0
0
0
0
0
0
0
0
0
0
0
0
0
0
0
0
0
0
0
0
0
0
0
0
0
0
0
0
0
0
0
0
0
0
0
0
0
0
0
0
0
0
0
0
0
0
0
0
0
0
0
0
0
0
0
0
0
0
0
0
0
0
0
0
0
0
0
0
0
0
0
0
0
0
0
0
0
0
0
0
0
0
0
0
0
0
0
0
0
0
0
0
0
0
0
0
0
0
0
0
0
0
0
0
0
0
0
0
0
0
0
0
0
0
0
0
0
0
0
0
0
0
0
0
0
0
0
0
0
0
0
0
0
0
0
0
0
0
0
0
0
0
0
0
0
0
0
0
0
0
0
0
0
0
0
0
0
0
0
0
0
0
0
0
0
0
0
0
0
0
0
0
0
0
0
0
0
0
0
0
0
0
0
0
0
0
0
0
0
0
0
0
0
0
0
0
0
0
0
0
0
0
0
0
0
0
0
0
0
0
0
0
0
0
0
0
0
0
0
0
0
0
0
0
0
0
0
0
0
0
0
0
0
0
0
0
0
0
0
0
0
0
0
0
0
0
0
0
0
0
0
0
0
0
0
0
0
0
0
0
0
0
0
0
0
0
0
0
0
0
0
0
0
0
0
0
0
0
0
0
0
0
0
0
0
0
0
0
0
0
0
0
0
0
0
0
0
0
0
0
0
0
0
0
0
0
0
0
0
0
0
0
0
0
0
0
0
0
0
0
0
0
0
0
0
0
0
0
0
0
0
0
0
0
0
0
0
0
0
0
0
0
0
0
0
0
0
0
0
0
0
0
0
0
0
0
0
0
0
0
0
0
0
0
0
0
0
0
0
0
0
0
0
0
0
0
0
0
0
0
0
0
0
0
0
0
0
0
0
0
0
0
0
0
0
0
0
0
0
0
0
0
0
0
0
0
0
0
0
0
0
0
0
0
0
0
0
0
0
0
0
0
0
0
0
0
0
0
0
0
0
0
0
0
0
0
0
0
0
0
0
0
0
0
0
0
0
0
0
0
0
0
0
0
0
0
0
0
0
0
0
0
0
0
0
0
0
0
0
0
0
0
0
0
0
0
0
0
0
0
0
0
0
0
0
0
0
0
0
0
0
0
0
0
0
0
0
0
0
0
0
0
0
0
0
0
0
0
0
0
0
0
0
0
0
0
0
0
0
0
0
0
0
0
0
0
0
0
0
0
0
0
0
0
0
0
0
0
0
0
0
0
0
0
0
0
0
0
0
0
0
0
0
0
0
0
0
0
0
0
0
0
0
0
0
0
0
0
0
0
0
0
0
0
0
0
0
0
0
0
0
0
0
0
0
0
0
0
0
0
0
0
0
0
0
0
0
0
0
0
0
0
0
0
0
0
0
0
0
0
0
0
0
0
0
0
0
0
0
0
0
0
0
0
0
0
0
0
0
0
0
0
0
0
0
0
0
0
0
0
0
0
0
0
0
0
0
0
0
0
0
0
0
0
0
0
0
0
0
0
0
0
0
0
0
0
0
0
0
0
0
0
0
0
0
0
0
0
0
0
0
0
0
0
0
0
0
0
0
0
0
0
0
0
0
0
0
0
0
0
0
0
0
0
0
0
0
0
0
0
0
0
0
0
0
0
0
0
0
0
0
0
0
0
0
0
0
0
0
0
0
0
0
0
0
0
0
0
0
0
0
0
0
0
0
0
0
0
0
0
0
0
0
0
0
0
0
0
0
0
0
0
0
0
0
0
0
0
0
0
0
0
0
0
0
0
0
0
0
0
0
0
0
0
0
0
0
0
0
0
0
0
0
0
0
0
0
0
0
0
0
0
0
0
0
0
0
0
0
0
0
0
0
0
0
0
0
0
0
0
0
0
0
0
0
0
0
0
0
0
0
0
0
0
0
0
0
0
0
0
0
0
0
0
0
0
0
0
0
0
0
0
0
0
0
0
0
0
0
0
0
0
0
0
0
0
0
0
0
0
0
0
0
0
0
0
0
0
0
0
0
0
0
0
0
0
0
0
0
0
0
0
0
0
0
0
0
0
0
0
0
0
0
0
0
0
0
0
0
0
0
0
0
0
0
0
0
0
0
0
0
0
0
0
0
0
0
0
0
0
0
0
0
0
0
0
0
0
0
0
0
0
0
0
0
0
0
0
0
0
0
0
0
0
0
0
0
0
0
0
0
0
0
0
0
0
0
0
0
0
0
0
0
0
0
0
0
0
0
0
0
0
0
0
0
0
0
0
0
0
0
0
0
0
0
0
0
0
0
0
0
0
0
0
0
0
0
0
0
0
0
0
0
0
0
0
0
0
0
0
0
0
0
0
0
0
0
0
0
0
0
0
0
0
0
0
0
0
0
0
0
0
0
0
0
0
0
0
0
0
0
0
0
0
0
0
0
0
0
0
0
0
0
0
0
0
0
0
0
0
0
0
0
0
0
0
0
0
0
0
0
0
0
0
0
0
0
0
0
0
0
0
0
0
0
0
0
0
0
0
0
0
0
0
0
0
0
0
0
0
0
0
0
0
0
0
0
0
0
0
0
0
0
0
0
0
0
0
0
0
0
0
0
0
0
0
0
0
0
0
0
0
0
0
0
0
0
0
0
0
0
0
0
0
0
0
0
0
0
0
0
0
0
0
0
0
0
0
0
0
0
0
0
0
0
0
0
0
0
0
0
0
0
0
0
0
0
0
0
0
0
0
0
0
0
0
0
0
0
0
0
0
0
0
0
0
0
0
0
0
0
0
0
0
0
0
0
0
0
0
0
0
0
0
0
0
0
0
0
0
0
0
0
0
0
0
0
0
0
0
0
0
0
0
0
0
0
0
0
0
0
0
0
0
0
0
0
0
0
0
0
0
0
0
0
0
0
0
0
0
0
0
0
0
0
0
0
0
0
0
0
0
0
0
0
0
0
0
0
0
0
0
0
0
0
0
0
0
0
0
0
0
0
0
0
0
0
0
0
0
0
0
0
0
0
0
0
0
0
0
0
0
0
0
0
0
0
0
0
0
0
0
0
0
0
0
0
0
0
0
0
0
0
0
0
0
0
0
0
0
0
0
0
0
0
0
0
0
0
0
0
0
0
0
0
0
0
0
0
0
0
0
0
0
0
0
0
0
0
0
0
0
0
0
0
0
0
0
0
0
0
0
0
0
0
0
0
0
0
0
0
0
0
0
0
0
0
0
0
0
0
0
0
0
0
0
0
0
0
0
0
0
0
0
0
0
0
0
0
0
0
0
0
0
0
0
0
0
0
0
0
0
0
0
0
0
0
0
0
0
0
0
0
0
0
0
0
0
0
0
0
0
0
0
0
0
0
0
0
0
0
0
0
0
0
0
0
0
0
0
0
0
0
0
0
0
0
0
0
0
0
0
0
0
0
0
0
0
0
0
0
0
0
0
0
0
0
0
0
0
0
0
0
0
0
0
0
0
0
0
0
0
0
0
0
0
0
0
0
0
0
0
0
0
0
0
0
0
0
0
0
0
0
0
0
0
0
0
0
0
0
0
0
0
0
0
0
0
0
0
0
0
0
0
0
0
0
0
0
0
0
0
0
0
0
0
0
0
0
0
0
0
0
0
0
0
0
0
0
0
0
0
0
0
0
0
0
0
0
0
0
0
0
0
0
0
0
0
0
0
0
0
0
0
0
0
0
0
0
0
0
0
0
0
0
0
0
0
0
0
0
0
0
0
0
0
0
0
0
0
0
0
0
0
0
0
0
0
0
0
0
0
0
0
0
0
0
0
0
0
0
0
0
0
0
0
0
0
0
0
0
0
0
0
0
0
0
0
0
0
0
0
0
0
0
0
0
0
0
0
0
0
0
0
0
0
0
0
0
0
0
0
0
0
0
0
0
0
0
0
0
0
0
0
0
0
0
0
0
0
0
0
0
0
0
0
0
0
0
0
0
0
0
0
0
0
0
0
0
0
0
0
0
0
0
0
0
0
0
0
0
0
0
0
0
0
0
0
0
0
0
0
0
0
0
0
0
0
0
0
0
0
0
0
0
0
0
0
0
0
0
0
0
0
0
0
0
0
0
0
0
0
0
0
0
0
0
0
0
0
0
0
0
0
0
0
0
0
0
0
0
0
0
0
0
0
0
0
0
0
0
0
0
0
0
0
0
0
0
0
0
0
0
0
0
0
0
0
0
0
0
0
0
0
0
0
0
0
0
0
0
0
0
0
0
0
0
0
0
0
0
0
0
0
0
0
0
0
0
0
0
0
0
0
0
0
0
0
0
0
0
0
0
0
0
0
0
0
0
0
0
0
